run,bottleneck,future_throughput,speed,speed_mean,load_mean,load_std,temperature_mean,temperature_trend,queue,queue_growth,occupancy,throughput,arrival_estimate,completion_estimate,blocked_recent,missing_fraction
0,0,12,0.6949252833762024,0.6768564343217307,14.436583845564009,10.741532669971008,31.609564290121103,0.4389476400075721,0,0.0,25.0,0.0,12.413793103448276,0.0,7.400000000000004,0.03333333333333333
0,0,13,0.6965095173816982,0.6953832844294637,18.190866663509304,9.434671608053737,33.62172937547713,0.42904379120705605,1,0.034482758620689655,25.0,0.0,12.413793103448276,0.0,7.400000000000004,0.0
0,0,13,0.687976577947819,0.6946370083934899,22.068890001321513,6.210039015349345,35.699266550564786,0.4061353291478548,1,0.034482758620689655,25.0,1.5,12.413793103448276,2.0689655172413794,7.400000000000004,0.0
0,0,15,0.6887070208005152,0.6932102821773989,25.985964326242883,4.44182731506746,37.69107364434795,0.3822323416297593,2,0.06896551724137931,29.166666666666668,1.3333333333333333,8.275862068965518,2.0689655172413794,8.600000000000001,0.0
0,0,13,0.6927621653790678,0.6931947093201689,28.59610581951695,5.019620345750505,39.542633081973385,0.3531944519171681,1,0.0,29.166666666666668,3.6,10.344827586206897,6.206896551724138,4.999999999999998,0.0
0,0,14,0.691995262323781,0.6923520085657294,31.392839546786103,6.649960412213181,41.28307664378624,0.33669509846512335,1,0.0,33.33333333333333,4.363636363636363,12.413793103448276,8.275862068965518,1.9999999999999947,0.0
0,0,14,0.6864113620402942,0.6912597221946697,34.30353214599502,7.397856192883837,42.946561977946295,0.32712968093001416,2,0.06896551724137931,37.5,5.0,16.551724137931036,10.344827586206897,2.799999999999992,0.0
0,0,14,0.6914153623059892,0.690699156433897,38.262914995623674,8.02919896281369,44.56478116312891,0.3202436658691864,1,0.0,41.66666666666667,6.0,20.689655172413794,12.413793103448276,3.9999999999999876,0.0
0,0,15,0.6918158655933163,0.6901468852527962,42.452023903671055,6.577114791419854,46.138638584485385,0.2970884302659712,1,0.034482758620689655,41.66666666666667,6.0,16.551724137931036,10.344827586206897,6.599999999999978,0.0
0,0,15,0.6928089057731276,0.6910665551787536,44.48436398093203,5.640260014856051,47.56921728457412,0.27502704619014084,1,0.0,37.5,7.0,14.482758620689655,10.344827586206897,4.799999999999983,0.0
0,0,14,0.6835336781340823,0.6910833370668461,45.263141492994485,4.63157309024496,48.868930815045545,0.2503856294308537,1,0.0,33.33333333333333,9.0,12.413793103448276,12.413793103448276,4.799999999999983,0.0
0,0,14,0.6907449078285194,0.6910972125529241,45.02084687846004,4.902858327132848,50.075787324728665,0.22648581782041421,2,0.0,33.33333333333333,10.0,12.413793103448276,12.413793103448276,4.199999999999985,0.0
0,0,13,0.6963372213475162,0.6915783573276929,44.34893239305777,5.643703279971529,51.11646504269566,0.2116867293017684,0,0.0,29.166666666666668,12.0,10.344827586206897,12.413793103448276,3.7999999999999865,0.03333333333333333
0,0,12,0.6961527214646628,0.6919552425744836,41.73974845252009,6.281923613014711,52.186479788982766,0.19504752156426314,1,0.0,33.33333333333333,13.0,10.344827586206897,14.482758620689655,1.7999999999999936,0.03333333333333333
0,0,12,,0.6926284598120217,38.44000229313697,6.077416614179834,53.07329530845566,0.18027466182903068,1,-0.034482758620689655,29.166666666666668,13.0,10.344827586206897,16.551724137931036,0.0,0.06666666666666667
0,0,10,0.69225315465824,0.6930127326685105,35.02961976597924,5.852394719531119,54.02964742892232,0.17550667498509617,1,0.0,29.166666666666668,15.0,14.482758620689655,18.620689655172413,0.0,0.06666666666666667
0,0,11,0.6968518599836865,0.6934696272387094,32.67034216625067,5.776535224500701,54.88766654609724,0.17071120826823225,1,0.0,29.166666666666668,13.0,12.413793103448276,14.482758620689655,1.399999999999995,0.1
0,0,9,0.6955311694513444,0.6943224976285662,29.392008933374495,5.641924741845154,55.76651242260973,0.14882797593904376,0,-0.034482758620689655,25.0,14.0,10.344827586206897,16.551724137931036,1.399999999999995,0.1
0,0,8,0.6970247455445825,0.6947418972898883,26.525537821312703,5.206426072956282,56.47509659467801,0.13594019956238462,0,-0.034482758620689655,25.0,14.0,10.344827586206897,14.482758620689655,1.399999999999995,0.06666666666666667
0,0,7,0.6948728927575537,0.6949732103606286,23.9281828297475,4.2254623351427485,57.187159180693165,0.1264113936978663,1,0.0,25.0,14.0,10.344827586206897,14.482758620689655,1.399999999999995,0.06666666666666667
0,0,7,0.7001700394864372,0.6949941184674123,22.501276853335817,3.575848357227303,57.81332489751039,0.12907663489486706,0,0.0,20.833333333333336,15.0,10.344827586206897,12.413793103448276,1.399999999999995,0.03333333333333333
0,0,7,0.6915126257275733,0.6952237114526401,21.08719616117019,2.9457361414442818,58.43979865065687,0.11427170425133118,0,0.0,16.666666666666664,15.0,6.206896551724138,12.413793103448276,1.399999999999995,0.03333333333333333
0,1,8,0.6957774628356027,0.6957017081650594,20.102079129968857,2.141241380063007,58.936591954944625,0.10725175006247437,0,-0.06896551724137931,16.666666666666664,14.0,8.275862068965518,14.482758620689655,0.0,0.0
0,1,8,0.6974234124742308,0.6959978128071688,19.37619700605609,1.7920631717086362,59.39479367404939,0.10519609763638163,0,-0.06896551724137931,12.5,14.0,4.137931034482759,12.413793103448276,0.0,0.06666666666666667
0,1,9,0.7002923031409948,0.696541063960318,18.017892184223143,3.2119382549064346,59.908402095006046,0.08827762734201113,0,-0.034482758620689655,8.333333333333332,13.0,4.137931034482759,12.413793103448276,0.0,0.06666666666666667
0,1,10,0.6991075567228434,0.6971494908409083,16.495661147304393,4.023377476608396,60.38052630340336,0.07769447692345294,1,-0.034482758620689655,8.333333333333332,12.0,2.0689655172413794,10.344827586206897,0.0,0.06666666666666667
0,1,10,,0.6971959861343274,14.766729712427491,4.591254112745181,60.75742791559919,0.07346731578611614,0,0.0,12.5,12.0,6.206896551724138,10.344827586206897,0.0,0.1
0,0,12,0.6927236302397203,0.6968824279451731,14.445091306299203,4.748229550661584,61.22447414075299,0.08312143314353805,0,-0.034482758620689655,25.0,10.0,12.413793103448276,8.275862068965518,1.1999999999999957,0.1
0,0,12,0.68643856405004,0.6949115485863018,17.515770328766948,10.002805180345034,61.75026574876438,0.09619578241133332,1,0.034482758620689655,33.33333333333333,11.0,16.551724137931036,8.275862068965518,3.599999999999987,0.1
0,0,14,0.6889843703239832,0.6934179136862436,20.760228752290246,12.006195681752585,62.226932299961696,0.11314630058871626,1,0.0,33.33333333333333,9.0,16.551724137931036,6.206896551724138,7.799999999999972,0.03333333333333333
0,0,15,0.6903696770469031,0.6919155795566477,26.48601116395737,14.376775567153658,62.84767503575883,0.13334169151331737,1,0.034482758620689655,41.66666666666667,8.0,20.689655172413794,4.137931034482759,11.39999999999996,0.03333333333333333
1,1,24,,0.8550084907440209,18.460285615551136,9.990952074320399,30.492816232417795,0.3809353726385593,2,0.06896551724137931,25.0,4.0,18.620689655172413,4.137931034482759,0.0,0.03333333333333333
1,1,25,0.8803790845519149,0.8813882791750552,22.882322846609913,6.500458849624199,32.41791638897062,0.4015622398946611,0,-0.034482758620689655,33.33333333333333,5.142857142857143,18.620689655172413,6.206896551724138,0.0,0.06666666666666667
1,1,26,0.8836040003700032,0.8804224898062312,26.67545672182281,5.717470184547074,34.49233882050077,0.3780527448453049,1,0.034482758620689655,33.33333333333333,7.5,22.75862068965517,10.344827586206897,0.0,0.06666666666666667
1,1,27,0.8759261671238815,0.879247470709262,29.756311556637325,5.307068097281457,36.47519829693574,0.36449270041018067,0,-0.034482758620689655,37.5,8.0,20.689655172413794,12.413793103448276,0.0,0.06666666666666667
1,1,29,0.8702059561919232,0.877358188796232,32.80708567470963,5.444234061779492,38.38606567274017,0.35209414691610774,3,0.10344827586206896,41.66666666666667,8.4,26.896551724137932,14.482758620689655,0.0,0.06666666666666667
1,1,30,0.8712751293582383,0.8769148644151249,35.45447813977694,4.854471814612255,40.26278677510254,0.3370383158821718,3,0.10344827586206896,45.83333333333333,9.818181818181818,31.03448275862069,18.620689655172413,0.0,0.06666666666666667
1,1,29,0.8747581827285821,0.8767653785998778,36.666180961851346,4.640167549793259,41.84905751694528,0.3012751483342075,3,0.06896551724137931,45.83333333333333,12.0,33.10344827586207,20.689655172413794,0.0,0.03333333333333333
1,1,30,0.8731817531005941,0.8759801413373177,38.570295517089214,2.9922203857884133,43.23058869076119,0.30485925750387455,5,0.13793103448275862,45.83333333333333,14.0,35.172413793103445,22.75862068965517,0.0,0.0
1,1,30,0.868047791129637,0.8752171088777209,40.39751075652125,3.665544487477571,44.686312213569266,0.2849704005426724,10,0.3103448275862069,50.0,16.0,49.6551724137931,22.75862068965517,0.0,0.0
1,1,30,0.8681938015616294,0.8739219217910734,42.3412507139338,4.196275049295732,45.97631850018333,0.27592717667911304,14,0.4482758620689655,50.0,18.0,53.793103448275865,24.82758620689655,0.0,0.03333333333333333
1,1,30,0.8688658079119581,0.8730638416203419,44.93909765573363,6.268285946793858,47.387956480492086,0.25851470016895894,12,0.3793103448275862,50.0,21.0,53.793103448275865,26.896551724137932,0.0,0.03333333333333333
1,1,30,0.8672704309619581,0.8726831376084982,47.668271511324754,7.583766340830304,48.59833809866246,0.24656640025761384,12,0.3103448275862069,54.166666666666664,23.0,51.724137931034484,26.896551724137932,0.0,0.06666666666666667
1,1,30,0.867612583910363,0.871371072629364,51.04761667656033,7.154975303215114,49.86461591449113,0.2348450783912479,14,0.3793103448275862,50.0,24.0,55.86206896551724,28.96551724137931,0.0,0.06666666666666667
1,1,30,0.8737143656016738,0.8703261853663412,54.11880520132105,5.680308241187904,51.10960702255006,0.2339289820773332,21,0.5172413793103449,50.0,25.0,57.93103448275862,26.896551724137932,0.0,0.06666666666666667
1,1,30,0.8687308618325128,0.8693358915469261,55.962858703502384,3.702588589552384,52.343768223012134,0.22789879735762425,26,0.4827586206896552,50.0,26.0,60.0,31.03448275862069,0.0,0.06666666666666667
1,1,30,0.868654515447731,0.8690867951261767,56.17500268858093,3.1129003835154188,53.38441770897874,0.21493345318663748,28,0.4827586206896552,50.0,27.0,55.86206896551724,31.03448275862069,0.0,0.03333333333333333
1,1,30,0.8685829106459447,0.8692751299813481,55.586032286318186,3.580554513013812,54.469860128281546,0.20352167649738376,29,0.5517241379310345,50.0,29.0,62.06896551724138,31.03448275862069,0.0,0.03333333333333333
1,1,29,0.8697572891967686,0.8693889259350953,55.189576881765376,3.492194090113063,55.36916391489097,0.19722411931813097,31,0.6206896551724138,45.83333333333333,30.0,72.41379310344827,31.03448275862069,0.0,0.0
1,1,29,0.8746375189129795,0.8702160987855503,55.353288949864805,3.7730638363677014,56.29667532350961,0.17294726365840282,32,0.5172413793103449,50.0,29.0,70.34482758620689,31.03448275862069,0.0,0.0
1,1,30,0.868066363154739,0.8700289417954328,56.66329173628093,5.834497203959118,57.158923513888034,0.16872503326136232,31,0.3793103448275862,45.83333333333333,30.0,60.0,31.03448275862069,0.0,0.0
1,1,30,,0.8693455884456868,57.85583179991131,6.507078931133532,57.890185665791066,0.14508646378604462,30,0.1724137931034483,50.0,30.0,55.86206896551724,31.03448275862069,0.0,0.03333333333333333
1,1,30,0.8640240704032024,0.8691724860525153,60.06731000199603,6.200698641875977,58.670741232369615,0.1435718516944185,31,0.1724137931034483,50.0,30.0,53.793103448275865,28.96551724137931,0.0,0.03333333333333333
1,1,30,0.8682462536855834,0.8687312298708957,61.69730124032906,4.81130107372526,59.42793831542871,0.14710693102018588,30,-0.06896551724137931,50.0,30.0,49.6551724137931,28.96551724137931,0.0,0.03333333333333333
1,1,30,0.8703757589234589,0.868236291337845,62.5889520296096,3.688072777826138,60.16273482393659,0.1403752309245976,31,0.034482758620689655,50.0,30.0,51.724137931034484,28.96551724137931,0.0,0.03333333333333333
1,1,29,0.8740961887500162,0.8676676233917453,61.89238541119524,4.497184751291816,60.879075574763114,0.12777883522361552,30,-0.034482758620689655,50.0,30.0,49.6551724137931,28.96551724137931,0.0,0.03333333333333333
1,1,29,0.8721720342202134,0.8677641453653564,59.419531173919964,5.14743290884584,61.541490753255886,0.12771469180268505,31,0.0,50.0,30.0,57.93103448275862,28.96551724137931,0.0,0.03333333333333333
1,1,29,0.8723651566814233,0.8689039973692609,57.792290920573144,5.075384505304499,62.115835850291674,0.11734457294634651,30,-0.06896551724137931,50.0,30.0,60.0,31.03448275862069,0.0,0.0
1,1,29,0.8674346799544953,0.8691951626389712,55.7425702150294,4.416922365036624,62.69667637978353,0.1045316837041337,30,-0.034482758620689655,50.0,30.0,55.86206896551724,28.96551724137931,0.0,0.0
1,1,29,0.8706233171616784,0.8702330563147133,53.51694351316801,4.7577055744025545,63.158897098076146,0.0947576937712603,31,-0.034482758620689655,45.83333333333333,30.0,55.86206896551724,31.03448275862069,0.0,0.03333333333333333
1,1,30,0.8726903301723773,0.8710354227959335,51.067149510507996,4.0183506407366805,63.62244011284139,0.07858446967194462,30,-0.06896551724137931,50.0,29.0,49.6551724137931,28.96551724137931,0.0,0.03333333333333333
1,1,30,0.8686201304414002,0.8711177686020043,49.080086808132016,4.408033524688496,64.05610011832987,0.08850664061806707,32,0.034482758620689655,50.0,29.0,51.724137931034484,28.96551724137931,0.0,0.03333333333333333
2,0,28,0.5482805234325453,0.555163255177879,52.93419235735975,30.53176151694818,26.831026486741575,0.12281991536883688,0,0.0,70.83333333333334,4.0,39.310344827586206,4.137931034482759,6.000000000000003,0.0
2,0,28,0.5478968499204694,0.5570839318693099,66.38775146396935,25.324120378486928,27.423013249535334,0.12091575395450262,2,0.034482758620689655,70.83333333333334,6.857142857142857,33.10344827586207,8.275862068965518,7.600000000000004,0.0
2,1,28,0.5569418993204217,0.5542347523484279,75.69884228610192,18.131462824262485,27.954539149744765,0.10925094312245225,1,0.034482758620689655,66.66666666666666,10.5,31.03448275862069,14.482758620689655,8.799999999999999,0.03333333333333333
2,1,28,0.5572796360636457,0.552425590466738,82.25475071029952,9.932714476594942,28.500013287795422,0.11212518288913031,1,0.0,66.66666666666666,12.0,26.896551724137932,18.620689655172413,9.399999999999993,0.06666666666666667
2,0,28,0.554474474385994,0.5514127035345394,83.30428842565746,8.293637158563197,29.123807129603772,0.11568053723809206,3,0.10344827586206896,66.66666666666666,13.2,26.896551724137932,22.75862068965517,9.799999999999985,0.06666666666666667
2,0,29,,0.5520971785162843,82.20650225449005,9.15230995072881,29.67523871283379,0.10889060920782122,2,-0.034482758620689655,70.83333333333334,14.181818181818182,24.82758620689655,26.896551724137932,10.599999999999977,0.1
2,0,28,0.5479562980125681,0.5527848052570749,79.33322824785203,7.355646848961374,30.304342228927524,0.11742460116046455,1,-0.06896551724137931,70.83333333333334,16.0,28.96551724137931,28.96551724137931,10.799999999999969,0.1
2,0,28,0.5580500046347554,0.5540983776949298,75.67293782483675,6.184322456737728,30.959059719521886,0.11343519450998205,2,0.06896551724137931,66.66666666666666,18.0,26.896551724137932,26.896551724137932,10.399999999999963,0.1
2,1,27,0.5556261930599474,0.5551240862699192,72.31210912903516,6.654989211480205,31.50549877927801,0.10725937133418433,2,0.0,66.66666666666666,21.0,28.96551724137931,28.96551724137931,9.199999999999967,0.06666666666666667
2,1,28,0.5575442129926772,0.5557444047082074,69.55819693388621,6.313032460526679,31.966230261178985,0.09314880654544483,2,0.0,66.66666666666666,23.0,28.96551724137931,28.96551724137931,8.39999999999997,0.03333333333333333
2,1,28,0.5513516205625335,0.5558094185904955,69.02357004125018,6.034273134350557,32.43405376925017,0.08472471489825346,2,0.0,66.66666666666666,25.0,26.896551724137932,28.96551724137931,8.19999999999997,0.03333333333333333
2,1,27,0.5607373127579768,0.5556485152413464,68.78470846660278,5.901744764165639,32.82349148691988,0.08420163587058985,2,0.034482758620689655,58.333333333333336,28.0,22.75862068965517,28.96551724137931,8.39999999999997,0.0
2,1,28,0.5537392803120763,0.5557487296928547,68.24625305247197,5.200896876209939,33.214589316168315,0.06840378130477988,2,0.0,70.83333333333334,28.0,28.96551724137931,28.96551724137931,8.799999999999969,0.0
2,1,28,0.5559281090821641,0.5552653067991866,69.18328775564993,5.791242662768954,33.56410948549435,0.06741895094816788,2,-0.034482758620689655,75.0,28.0,28.96551724137931,26.896551724137932,8.39999999999997,0.0
2,1,27,0.5529510978765579,0.554491482299454,72.3202468733189,6.762678037214303,33.9128476142926,0.07536863511694956,1,-0.034482758620689655,70.83333333333334,28.0,31.03448275862069,28.96551724137931,10.599999999999962,0.0
2,1,27,0.5538507976882495,0.5540305577732595,74.26041997450501,5.303110020058728,34.25363193796561,0.07184686016543725,3,0.06896551724137931,66.66666666666666,28.0,28.96551724137931,26.896551724137932,10.999999999999961,0.0
2,1,27,0.5521897633773791,0.5538926960989191,74.92735206140824,4.908430892531987,34.58212548879045,0.06571461920639646,1,-0.034482758620689655,70.83333333333334,28.0,28.96551724137931,26.896551724137932,9.599999999999966,0.0
2,1,27,0.5483137655505551,0.5534842813030847,76.27022565428787,4.007691170408622,34.89434541165479,0.0627251026010057,1,-0.06896551724137931,66.66666666666666,29.0,28.96551724137931,28.96551724137931,8.999999999999993,0.0
2,1,27,0.5502156717469827,0.5535233945875931,76.2867836678712,3.8516421227675153,35.175704622612116,0.05656839261205998,4,0.10344827586206896,70.83333333333334,28.0,31.03448275862069,28.96551724137931,10.000000000000032,0.0
2,1,27,0.5517088832505589,0.553462162601978,77.60775744763305,4.675172217432489,35.44813424239662,0.05408128218343418,2,0.0,75.0,28.0,26.896551724137932,26.896551724137932,9.800000000000061,0.0
2,1,27,0.5522916788963579,0.5533003783481208,77.67048421768327,4.846690690806149,35.70829336805509,0.051911138718614275,1,0.0,66.66666666666666,27.0,24.82758620689655,26.896551724137932,10.600000000000112,0.0
2,1,26,0.5518511141814356,0.5528433093790214,79.4866859615452,6.029091087878967,35.96232356666133,0.04343360667404749,1,0.0,75.0,28.0,31.03448275862069,26.896551724137932,11.000000000000142,0.0
2,1,27,0.549376173704521,0.5521945193683145,83.34291941475797,8.346651787437251,36.18621519135416,0.04642678199656068,2,0.0,79.16666666666666,28.0,33.10344827586207,26.896551724137932,12.400000000000173,0.0
2,1,27,0.5440882780121459,0.5506655840924564,89.09799211896097,12.690421666099436,36.40253389430145,0.043992421661438005,1,0.0,83.33333333333334,27.0,35.172413793103445,26.896551724137932,12.800000000000182,0.0
2,1,26,0.5495431092180146,0.5494493563959923,95.93552040374963,14.182934799784835,36.62277295148524,0.03929719615449056,2,0.0,83.33333333333334,28.0,33.10344827586207,28.96551724137931,13.000000000000185,0.0
2,1,27,0.5458938525613879,0.5478137416377514,102.21702386351643,15.742341841962341,36.835952614427725,0.048197463963759166,2,0.034482758620689655,91.66666666666666,28.0,37.241379310344826,26.896551724137932,15.400000000000219,0.0
2,1,27,0.5449676728127985,0.5463951871625675,108.8787107307421,14.386095719261274,37.04264633963173,0.040456843374470926,3,0.0,87.5,27.0,35.172413793103445,26.896551724137932,15.600000000000222,0.0
2,1,27,0.5375181876202273,0.544376314753925,115.705348573963,10.970239053884951,37.24937818066771,0.035322589963387024,3,0.034482758620689655,95.83333333333334,27.0,39.310344827586206,26.896551724137932,17.200000000000244,0.0
2,1,28,0.5381685341264004,0.5420536185104948,122.36462392947874,9.300945306761278,37.46699393531003,0.04491234668006844,3,-0.034482758620689655,91.66666666666666,27.0,31.03448275862069,26.896551724137932,18.000000000000256,0.0
2,1,27,0.5375195284545866,0.5414105153919974,124.59019973992332,8.00158456980366,37.66609071428332,0.04275659415680401,2,0.0,83.33333333333334,27.0,28.96551724137931,26.896551724137932,19.400000000000276,0.03333333333333333
2,1,27,,0.5409632155337469,124.78271093904065,8.01643432749959,37.86814784578719,0.04126205876801384,1,-0.034482758620689655,79.16666666666666,27.0,22.75862068965517,26.896551724137932,18.40000000000026,0.06666666666666667
3,1,12,0.695167175667135,0.7270720650653166,153.64630954621225,85.88203610835377,30.453757015891824,0.37459254864549374,4,0.13793103448275862,70.83333333333334,4.0,45.51724137931034,4.137931034482759,11.199999999999992,0.0
3,1,13,0.7057045623923477,0.7275443489551102,195.05068414278455,68.76963383097963,32.38102812132861,0.3935368831541741,9,0.3103448275862069,70.83333333333334,3.4285714285714284,45.51724137931034,4.137931034482759,16.199999999999974,0.0
3,1,13,0.7020897839341863,0.717051373034361,227.51810840106106,45.54780734404596,34.32377714665662,0.38235599642797025,11,0.3793103448275862,70.83333333333334,4.5,39.310344827586206,6.206896551724138,20.39999999999996,0.0
3,1,13,0.702533537795723,0.709910875587631,247.42905739386222,31.771376240848152,36.20298147808213,0.3657072987207012,11,0.3448275862068966,70.83333333333334,5.333333333333333,35.172413793103445,8.275862068965518,23.599999999999945,0.0
3,1,13,0.6992067874828458,0.7053054561257124,261.7269397539763,19.92200607573163,37.999244974815056,0.35691131276122345,14,0.3793103448275862,70.83333333333334,6.0,39.310344827586206,10.344827586206897,24.999999999999925,0.0
3,1,12,0.692172715534197,0.7013911227718483,271.51196988569893,9.808382551017381,39.76173808326012,0.35484265413229477,13,0.3103448275862069,70.83333333333334,7.636363636363637,37.241379310344826,12.413793103448276,25.799999999999926,0.0
3,1,12,0.698666975642535,0.6997172541910246,275.49100633583225,7.656653771538399,41.38007773098961,0.3338623557746414,18,0.3448275862068966,66.66666666666666,8.0,31.03448275862069,12.413793103448276,25.60000000000001,0.03333333333333333
3,1,12,0.697633889646867,0.6993231060884151,276.79583641139163,6.875983965159989,43.08405890674296,0.31590862668702047,18,0.3793103448275862,66.66666666666666,9.0,28.96551724137931,12.413793103448276,25.400000000000084,0.03333333333333333
3,1,13,0.7065272543078652,0.69883842959993,277.8270999112759,6.662724788951863,44.694117108656144,0.3034536045183718,20,0.3793103448275862,62.5,10.0,28.96551724137931,12.413793103448276,25.400000000000162,0.03333333333333333
3,1,12,0.7013205365559271,0.6990270765922217,277.0446207329702,7.5924960520561,46.18559448110721,0.27643212643711135,23,0.5517241379310345,62.5,11.0,35.172413793103445,12.413793103448276,25.00000000000024,0.03333333333333333
3,1,12,0.704188955902993,0.6998884468870284,275.71097787275016,8.817699581850412,47.58165724650682,0.25908121082638513,28,0.5172413793103449,62.5,12.0,39.310344827586206,12.413793103448276,25.40000000000032,0.03333333333333333
3,1,13,0.6924544809041259,0.700037693007722,275.2436621275329,8.083849953411407,48.863861851219646,0.2336054333102622,30,0.5517241379310345,66.66666666666666,12.0,43.44827586206897,12.413793103448276,25.800000000000367,0.03333333333333333
3,1,13,0.7022530389527825,0.7006386683253697,275.13661784205146,7.555634225133726,49.82540140325272,0.2261195752117424,29,0.3793103448275862,66.66666666666666,12.0,35.172413793103445,12.413793103448276,25.200000000000358,0.03333333333333333
3,1,13,0.7053830777301191,0.7004928885416593,274.67403170104825,8.520290219827324,50.95456474561919,0.21101533571742692,32,0.4827586206896552,62.5,13.0,39.310344827586206,12.413793103448276,26.00000000000037,0.03333333333333333
3,1,13,0.705819016120801,0.7012546663181279,273.2044066039039,8.523938005686976,52.01290781902053,0.19800974911976035,33,0.4482758620689655,62.5,13.0,41.37931034482759,12.413793103448276,26.00000000000037,0.03333333333333333
3,1,13,0.7075089707612827,0.7017586238338464,271.7325114538036,10.132490097389127,53.009290597111786,0.18530947869329997,33,0.3103448275862069,58.333333333333336,13.0,41.37931034482759,12.413793103448276,26.600000000000378,0.03333333333333333
3,1,13,0.7008230201291656,0.7014268432762572,271.3792496120474,10.291033780295496,53.959260888504744,0.18300554519452683,31,0.06896551724137931,62.5,13.0,28.96551724137931,12.413793103448276,26.400000000000375,0.03333333333333333
3,1,13,0.7003836201554287,0.7011702544632519,272.12923306685366,11.14267099096103,54.87728365664181,0.16587036138821876,29,-0.034482758620689655,66.66666666666666,12.0,22.75862068965517,12.413793103448276,26.400000000000375,0.03333333333333333
3,1,13,0.6944692960074691,0.7004496611642332,273.1299832281594,11.898980541043084,55.6265314914857,0.16305764389527252,28,-0.034482758620689655,66.66666666666666,12.0,22.75862068965517,12.413793103448276,26.400000000000375,0.0
3,1,13,,0.700188709991171,272.9443536905044,11.470750198294093,56.35314123005218,0.15238874028524566,32,0.0,62.5,12.0,24.82758620689655,12.413793103448276,26.400000000000375,0.03333333333333333
3,1,12,0.7124463462595229,0.7004447491227667,272.02577270341664,12.474246906202579,57.15056368948719,0.15765206279830946,30,-0.10344827586206896,58.333333333333336,13.0,18.620689655172413,14.482758620689655,26.00000000000037,0.03333333333333333
3,1,13,0.7068233717248377,0.7004342925688268,273.3098691785241,11.502880983545271,57.84028199885612,0.13855187399424723,33,0.0,62.5,12.0,16.551724137931036,12.413793103448276,25.600000000000364,0.06666666666666667
3,1,13,0.6979790523565174,0.6999644560202444,276.13856461806665,11.698361470243258,58.56779698701026,0.1370025692134813,33,0.06896551724137931,66.66666666666666,12.0,24.82758620689655,12.413793103448276,25.200000000000358,0.06666666666666667
3,1,12,0.6981656770605614,0.7000077598538537,275.9458443252612,11.082433738643171,59.25356221446931,0.12570441422215545,30,0.034482758620689655,66.66666666666666,13.0,26.896551724137932,14.482758620689655,24.800000000000352,0.06666666666666667
3,1,12,0.7028290346187435,0.7007265903247849,273.7555025751674,10.035281750442147,59.88862185630119,0.11848137396540083,31,0.10344827586206896,62.5,13.0,28.96551724137931,12.413793103448276,25.200000000000358,0.06666666666666667
3,1,12,0.7004764583875934,0.7010886162106144,274.53250590767533,9.90785615899148,60.42502013477253,0.10696092843261315,31,0.0,66.66666666666666,13.0,26.896551724137932,12.413793103448276,24.400000000000347,0.03333333333333333
3,1,12,0.7012691490529143,0.7005897490040468,275.90002057595,7.9565176686983055,60.95949634298381,0.09173645809278878,32,0.034482758620689655,66.66666666666666,13.0,33.10344827586207,12.413793103448276,24.400000000000347,0.03333333333333333
3,1,12,0.6970006595472102,0.6999755975287655,276.78703450185037,6.8467880193989625,61.39224525305837,0.09557510914875691,32,0.034482758620689655,66.66666666666666,13.0,28.96551724137931,12.413793103448276,24.40000000000022,0.0
3,1,12,0.6982546356442039,0.69969521170362,276.6520055831575,6.489993825214601,61.8262964036164,0.08520224355213227,31,-0.034482758620689655,70.83333333333334,13.0,24.82758620689655,12.413793103448276,24.799999999999926,0.0
3,1,12,0.6999871180180737,0.6999806054443439,276.56158538905845,6.836598627825578,62.238853232214794,0.08386160779895993,33,0.034482758620689655,66.66666666666666,13.0,33.10344827586207,12.413793103448276,25.39999999999958,0.0
3,1,12,0.7026683589906039,0.7004113203332303,274.940833670728,7.789120559183982,62.614160512892994,0.07782181492990038,33,0.10344827586206896,62.5,13.0,35.172413793103445,12.413793103448276,24.99999999999926,0.03333333333333333
4,0,7,0.6307640774485852,0.6219813049465496,9.051852401575216,4.845713754552826,29.440101414857804,0.29913869201855325,0,0.0,16.666666666666664,0.0,8.275862068965518,0.0,0.0,0.03333333333333333
4,0,6,0.6315683520392535,0.6332532760374036,12.354017307429844,6.365461807828539,31.553627775530543,0.4768325442347707,0,0.0,20.833333333333336,1.7142857142857142,10.344827586206897,2.0689655172413794,0.0,0.03333333333333333
4,0,6,0.6293200555798432,0.6323520489407659,14.869635785536701,6.803039542853542,34.20108292185851,0.6313137160221743,1,0.034482758620689655,25.0,1.5,12.413793103448276,2.0689655172413794,0.0,0.0
4,0,6,0.6286462716326026,0.63135070530725,17.78849508042589,6.259679667683516,37.824456493972775,0.8004123958060468,0,0.0,25.0,1.3333333333333333,12.413793103448276,2.0689655172413794,0.0,0.0
4,0,5,0.6332308863206718,0.6311939333859524,20.57866475222816,4.875366125234421,42.14224705189617,0.9377863900196227,1,0.034482758620689655,29.166666666666668,2.4,14.482758620689655,4.137931034482759,0.6000000000000001,0.0
4,0,4,0.6354378798694919,0.6309027510364789,22.391882007951807,3.1686896354201664,46.618708857148754,1.0637790558751832,0,0.0,29.166666666666668,3.272727272727273,14.482758620689655,6.206896551724138,0.6000000000000001,0.03333333333333333
4,0,3,0.6286463936642471,0.6306703513475258,23.27173120435742,1.476038461841863,52.30029393800329,1.1253834248086236,1,0.0,29.166666666666668,4.0,12.413793103448276,8.275862068965518,0.6000000000000001,0.03333333333333333
4,0,1,0.6331621423997073,0.6313922594364104,22.139866517986686,3.175921555280727,57.97493256357181,1.0683125322238773,0,0.0,25.0,6.0,12.413793103448276,10.344827586206897,1.4,0.03333333333333333
4,0,0,0.6378536854171984,0.6318985961522517,20.313851277164893,4.95762162061671,63.32025262164014,0.9936887080293075,0,0.0,20.833333333333336,7.0,10.344827586206897,12.413793103448276,1.4,0.03333333333333333
4,0,0,0.001988702592657801,0.6111517190296197,18.32678261491006,5.422615789841602,68.21948844629568,0.8793932105471829,1,0.0,25.0,7.0,12.413793103448276,12.413793103448276,1.4,0.03333333333333333
4,0,0,0.004375844424328332,0.5026774171818567,16.154266468652363,4.755117985038939,71.93407986906878,0.5938689645079177,1,0.0,25.0,7.0,10.344827586206897,10.344827586206897,0.7999999999999998,0.03333333333333333
4,0,0,0.0021760068159381533,0.41580907936585,14.635461783977147,3.835660348909057,73.70742188689697,0.3196654164652606,1,0.0,25.0,7.0,12.413793103448276,8.275862068965518,0.7999999999999998,0.03333333333333333
4,0,0,0.0011722932724209597,0.30741284665762264,13.023842153576672,1.9474337582786128,74.70407164569451,0.0584971531125576,1,-0.034482758620689655,25.0,7.0,16.551724137931036,6.206896551724138,0.7999999999999998,0.03333333333333333
4,0,0,0.0008490443276524332,0.19833264783612345,12.327518776619042,0.4188286072042252,74.4185137006918,-0.18218202975247547,1,0.034482758620689655,25.0,6.0,16.551724137931036,2.0689655172413794,0.0,0.03333333333333333
4,0,0,0.0,0.0895235132759321,12.378296067879422,0.0783391900651296,72.95767548847405,-0.4183773625233477,1,0.034482758620689655,25.0,6.0,18.620689655172413,0.0,0.0,0.03333333333333333
4,0,0,0.0028211299142852082,0.0023243717717878255,12.385412272959183,0.07774749436686994,70.41379003586297,-0.5472275862994826,1,0.0,25.0,6.0,24.82758620689655,0.0,0.0,0.03333333333333333
4,0,0,0.0017371196064893425,0.002098773795817432,12.38618514872785,0.07223148404269601,67.65966510923141,-0.4952947338668597,1,0.0,25.0,5.0,20.689655172413794,0.0,0.0,0.03333333333333333
4,0,0,0.0,0.0019098644159915349,12.375137484020515,0.0728972927001429,65.42471635556161,-0.48478324364985415,1,0.0,25.0,4.0,18.620689655172413,0.0,0.0,0.0
4,0,0,0.0023640805784935527,0.0017972314795573505,12.384878514855188,0.06437131896033067,63.07824034284973,-0.45731784104116396,1,0.0,25.0,3.0,14.482758620689655,0.0,0.0,0.0
4,0,0,0.0016993663411412122,0.0019699985930741776,12.39327583365158,0.06841122664289939,60.84588364575112,-0.43858522439555186,1,0.0,25.0,1.0,14.482758620689655,0.0,0.0,0.0
4,0,0,0.0,0.00164476851420236,12.386334473373953,0.07009456388160284,58.75527178134795,-0.4005549767264719,1,0.0,25.0,0.0,8.275862068965518,0.0,0.0,0.0
4,0,0,0.0,0.0016355967506942882,12.385096295695924,0.0724351132662425,56.782760122996955,-0.3830957652344176,1,0.0,25.0,0.0,6.206896551724138,0.0,0.0,0.0
4,0,0,0.002473723328221405,0.001709199636151457,12.380636989590103,0.0743854832566691,54.92537435349911,-0.3618223099988922,1,0.0,25.0,0.0,12.413793103448276,0.0,0.0,0.0
4,0,0,0.0014791546906201616,0.0018148481831409917,12.3911885074991,0.06840288425851945,53.18790831921719,-0.3440801038889754,1,0.0,25.0,0.0,12.413793103448276,0.0,0.0,0.0
4,0,0,0.0010717848054806617,0.0017066358799196356,12.384423233738046,0.07191241967045987,51.54569605952126,-0.3228309295450271,1,0.0,25.0,0.0,10.344827586206897,0.0,0.0,0.0
4,0,0,0.003217222526330646,0.0016593562766837806,12.379678196836371,0.07321113679864984,50.01479765041403,-0.29278877857960817,1,0.0,25.0,0.0,12.413793103448276,0.0,0.0,0.0
4,0,0,0.0,0.0019156594637380136,12.38034116866616,0.07365855574365428,48.66356652434681,-0.2809759024885874,1,0.0,25.0,0.0,12.413793103448276,0.0,0.0,0.03333333333333333
4,0,0,0.002396100975767309,0.0019558888250291537,12.370062148522535,0.0713729970717109,47.2480557838997,-0.26364161676127257,1,0.0,25.0,0.0,14.482758620689655,0.0,0.0,0.03333333333333333
4,0,0,0.005297142203837399,0.0019845898226321782,12.379633892353784,0.07104273695622182,45.90825287252033,-0.25033172054014635,1,0.0,25.0,0.0,8.275862068965518,0.0,0.0,0.03333333333333333
4,0,0,0.0028856136515160147,0.001961001232402778,12.387642349171086,0.07480186482780786,44.64341980767486,-0.23752214071577968,1,0.0,25.0,0.0,10.344827586206897,0.0,0.0,0.03333333333333333
4,0,0,0.0,0.0020192341265566145,12.401174262991326,0.07614134242154838,43.46147267524575,-0.21749341364496547,1,0.0,25.0,0.0,8.275862068965518,0.0,0.0,0.03333333333333333
5,0,18,1.0298917911224634,0.9934407063856354,12.339661188381028,6.186254204662118,32.41757748314413,0.5165811844556655,0,0.0,8.333333333333332,6.0,10.344827586206897,6.206896551724138,0.0,0.0
5,0,19,1.0264920544183858,1.026744201952037,13.308312931158905,4.99730036333042,35.05759031812854,0.5264373002831001,1,0.034482758620689655,8.333333333333332,6.857142857142857,10.344827586206897,8.275862068965518,0.0,0.0
5,0,21,,1.0262083716806665,13.632637784367477,4.663634169361429,37.39020873837614,0.4874510176765118,0,0.0,12.5,7.5,10.344827586206897,10.344827586206897,0.0,0.03333333333333333
5,0,23,,1.0259527093415073,13.404632798229883,5.114894901084447,38.70669524527067,0.3899709473090037,0,-0.034482758620689655,25.0,6.666666666666667,16.551724137931036,10.344827586206897,0.0,0.2
5,0,25,,1.0260226305284876,12.375800488093246,5.207767920755057,39.99230668311944,0.3017805762120504,1,0.034482758620689655,29.166666666666668,6.0,14.482758620689655,8.275862068965518,0.0,0.36666666666666664
5,0,24,,1.0275415883785768,9.549216954656645,2.203323305765853,41.237648697553716,0.20011993324723137,1,0.0,25.0,7.636363636363637,16.551724137931036,10.344827586206897,0.0,0.5333333333333333
5,0,23,,1.0282012778701382,8.843811676004508,2.3079549208933434,42.39988745439107,0.1265217404962033,2,0.06896551724137931,25.0,9.0,22.75862068965517,12.413793103448276,0.0,0.7
5,0,22,,1.0286677642838944,8.32868993056248,3.458034205679922,43.526828987627084,0.042149120756253336,2,0.034482758620689655,29.166666666666668,11.0,24.82758620689655,14.482758620689655,0.0,0.8666666666666667
5,0,24,,,,,,,2,0.06896551724137931,41.66666666666667,12.0,28.96551724137931,14.482758620689655,0.0,1.0
5,0,24,,,,,,,2,0.034482758620689655,41.66666666666667,14.0,26.896551724137932,18.620689655172413,0.0,1.0
5,0,24,,,,,,,1,0.0,41.66666666666667,15.0,28.96551724137931,22.75862068965517,0.0,1.0
5,0,21,1.0110026554740503,1.0110026554740503,38.10948213098622,,60.556807069185595,,2,0.034482758620689655,33.33333333333333,18.0,28.96551724137931,22.75862068965517,0.0,0.9666666666666667
5,0,19,1.0143929256437931,1.0108351966946276,40.4808357759919,2.8946637503217576,61.354485782738884,0.05407894064670465,1,-0.034482758620689655,33.33333333333333,18.0,26.896551724137932,22.75862068965517,0.0,0.8
5,0,18,1.008148484560045,1.011276480036541,37.77115737580117,4.143282038273863,62.16232321704931,0.10946789640479339,1,0.0,33.33333333333333,19.0,22.75862068965517,22.75862068965517,0.0,0.6333333333333333
5,0,16,1.023044621701312,1.01298723211477,35.071660906776806,5.428164426400847,62.95359080175037,0.16084723468449133,2,-0.034482758620689655,25.0,21.0,18.620689655172413,28.96551724137931,0.0,0.4666666666666667
5,0,16,1.0213438629900338,1.0153599489186325,31.311413995048888,8.436562488009665,63.648252490066795,0.19442576596821104,1,-0.034482758620689655,20.833333333333336,23.0,18.620689655172413,28.96551724137931,0.0,0.3
5,0,16,1.02229450431863,1.0169392204587964,29.607362840007525,8.597410571400726,64.26062031739473,0.2300569547902873,1,0.0,20.833333333333336,25.0,16.551724137931036,28.96551724137931,0.0,0.13333333333333333
5,0,16,1.017371572785314,1.0178439581040246,29.747762051291897,8.066378315901654,64.93871769985029,0.24060132840882176,1,0.0,25.0,24.0,20.689655172413794,24.82758620689655,0.0,0.0
5,0,16,1.0200038827954168,1.0187431750190206,29.37880543203497,7.556803436771064,66.08822380283827,0.2089356797031564,1,0.0,29.166666666666668,23.0,20.689655172413794,20.689655172413794,0.0,0.0
5,0,17,1.0115190486492105,1.0191939413817104,29.292307540102186,7.4258919389683005,67.08923935892558,0.19000423719204157,1,0.0,29.166666666666668,22.0,18.620689655172413,18.620689655172413,0.0,0.0
5,0,15,1.0224773319839489,1.0198019564045717,28.05739257972224,8.346217612408307,67.95424089366516,0.18272128291848908,1,0.034482758620689655,16.666666666666664,24.0,16.551724137931036,18.620689655172413,0.0,0.03333333333333333
5,0,16,1.029280924769858,1.0205169245635513,26.318483221195518,10.917652209919273,68.88174302313773,0.1764188371277134,1,0.0,8.333333333333332,24.0,14.482758620689655,20.689655172413794,0.0,0.03333333333333333
5,0,16,1.0296298202320913,1.0218392685568214,23.176875486363684,13.788298455677456,69.71518940646858,0.14915158979634324,0,-0.034482758620689655,4.166666666666666,24.0,12.413793103448276,18.620689655172413,0.0,0.03333333333333333
5,0,19,1.0265236039648749,1.0234767322967229,19.670734293737446,13.773371772073622,70.45608425316583,0.13361697153766663,1,0.0,12.5,21.0,10.344827586206897,18.620689655172413,0.0,0.03333333333333333
5,0,21,1.0235553480918675,1.025026237706331,17.094384817619527,10.96781938869753,71.10372123379332,0.1159424577317598,1,0.0,20.833333333333336,19.0,12.413793103448276,14.482758620689655,0.0,0.03333333333333333
5,0,22,1.0233653343080353,1.0264313253001711,15.662407732736773,8.997456244183333,71.68207934064914,0.09851015144458831,0,-0.034482758620689655,20.833333333333336,18.0,12.413793103448276,14.482758620689655,0.0,0.03333333333333333
5,0,21,1.0186523514644403,1.0257414715648434,16.426651469092892,9.220101437410959,72.09739981574583,0.086926770322127,0,-0.034482758620689655,25.0,16.0,16.551724137931036,12.413793103448276,0.0,0.0
5,0,19,,1.0249945811396426,17.77821293595981,8.609726354020278,72.48579781280304,0.0838345758262635,1,0.0,20.833333333333336,16.0,18.620689655172413,12.413793103448276,0.0,0.03333333333333333
5,0,17,1.0236433945514538,1.02382190280182,20.549344762280054,5.909871723499431,72.94278516893971,0.09145570286459549,0,0.0,16.666666666666664,16.0,18.620689655172413,12.413793103448276,0.0,0.03333333333333333
5,0,16,1.0187026689681082,1.0224348466677817,22.26711128291526,3.5570021930840854,73.39928229938693,0.08294444871798183,2,0.06896551724137931,20.833333333333336,16.0,18.620689655172413,14.482758620689655,0.0,0.03333333333333333
5,0,15,1.0158718191014189,1.0212737272602,23.2250748638916,4.707440628177494,73.87043041382357,0.10046420459518303,3,0.10344827586206896,33.33333333333333,16.0,24.82758620689655,16.551724137931036,0.0,0.03333333333333333
6,1,3,0.8465858888193898,0.8405620550527799,59.389236252599055,24.993985839125628,28.95834731411561,0.24779611282795025,0,-0.06896551724137931,70.83333333333334,10.0,39.310344827586206,10.344827586206897,10.999999999999993,0.0
6,1,2,0.8501920225872736,0.8552793464919223,69.47575232419443,14.375137420753438,30.177429862133547,0.2399720855621308,2,-0.034482758620689655,79.16666666666666,10.285714285714286,35.172413793103445,12.413793103448276,14.999999999999979,0.0
6,1,0,0.8469988480985212,0.852735741446432,76.26812617328885,5.843571603367485,31.34319383006798,0.22409406116774783,4,0.10344827586206896,83.33333333333334,12.0,31.03448275862069,16.551724137931036,18.799999999999965,0.0
6,1,0,0.8411499326156112,0.8498231375182317,82.07494305518726,10.288219236203673,32.446455719582914,0.21398546620041442,5,0.13793103448275862,100.0,10.666666666666666,37.241379310344826,16.551724137931036,21.999999999999947,0.0
6,1,0,0.8424220448396809,0.8473313894641067,87.47941804593223,13.35673587405199,33.505862702325636,0.20725080092348125,8,0.13793103448275862,100.0,9.6,35.172413793103445,14.482758620689655,24.99999999999993,0.0
6,1,0,0.8365760417209107,0.8455476019489557,91.88601812835188,14.825178976435858,34.52569959122509,0.20801754749785992,10,0.27586206896551724,100.0,8.727272727272727,37.241379310344826,10.344827586206897,26.19999999999994,0.0
6,1,0,0.8422503777820153,0.8437384914916656,96.93922464906129,14.053077727952493,35.57585277184707,0.21764180785616766,11,0.3103448275862069,100.0,8.0,37.241379310344826,6.206896551724138,27.400000000000023,0.0
6,1,2,0.8441750802146312,0.8414808969449664,102.20700828509732,10.148708034589772,36.558253603736745,0.21160848506932523,14,0.41379310344827586,100.0,8.0,37.241379310344826,2.0689655172413794,28.40000000000011,0.03333333333333333
6,1,4,0.8393598660058919,0.8392995218921441,106.6350068951868,3.699120561332465,37.64359719510321,0.19904711175441528,17,0.4482758620689655,100.0,8.0,33.10344827586207,0.0,29.000000000000195,0.03333333333333333
6,1,6,0.8427603267025267,0.8388408425030498,107.59335689516132,0.07232021549831869,38.688205830753716,0.1964146895120038,20,0.4827586206896552,100.0,8.0,28.96551724137931,0.0,29.000000000000284,0.03333333333333333
6,1,7,0.8363437673531648,0.8389245666179693,107.5964961082527,0.07432586452870173,39.70131340224392,0.19689586287177205,27,0.6206896551724138,100.0,7.0,37.241379310344826,0.0,29.000000000000373,0.03333333333333333
6,1,9,0.8407680467579158,0.8389296836665029,107.59883285582792,0.06872771225366921,40.6765692424767,0.17905704443380027,33,0.7931034482758621,100.0,5.0,47.58620689655172,0.0,29.000000000000412,0.03333333333333333
6,1,11,0.8366314292186021,0.8388663651206706,107.60824140908521,0.06944784819302377,41.5960978407467,0.1697042545357683,33,0.7241379310344828,100.0,3.0,60.0,0.0,29.000000000000412,0.03333333333333333
6,1,13,0.8349000332333733,0.8384214452828914,107.6138705425575,0.0714507847847147,42.27719440502194,0.16245604022400856,33,0.6551724137931034,100.0,2.0,72.41379310344827,0.0,29.000000000000412,0.03333333333333333
6,1,15,0.8347316878214928,0.8384088622538127,107.61261760726171,0.06980146133151764,43.09923264014744,0.14950273364710154,33,0.4827586206896552,100.0,0.0,74.48275862068965,0.0,29.000000000000412,0.03333333333333333
6,1,17,0.8386712413832247,0.8383887347714325,107.62349172876667,0.07352534411293778,43.8681305338267,0.13911117786903157,33,0.4482758620689655,100.0,0.0,78.62068965517241,0.0,29.000000000000412,0.03333333333333333
6,1,19,0.8375225921038761,0.8383573402410618,107.62073971996189,0.07906502902066218,44.595489119511385,0.1375045863705584,33,0.20689655172413793,100.0,0.0,76.55172413793103,0.0,29.000000000000412,0.03333333333333333
6,1,21,0.8392175339915178,0.838093832480915,107.62592183824262,0.08638131253377773,45.288024721524025,0.13260050142712546,33,0.0,100.0,0.0,72.41379310344827,0.0,29.000000000000412,0.03333333333333333
6,1,22,0.8334083750255624,0.837745267155016,107.625733437302,0.09141883470403768,45.9352257455921,0.12828876277448598,33,0.0,100.0,0.0,62.06896551724138,0.0,29.000000000000412,0.03333333333333333
6,1,22,0.8444733406890292,0.8380828389941546,107.74638620596374,1.1965919799197833,46.49666882516366,0.11762496169132626,32,-0.034482758620689655,100.0,2.0,55.86206896551724,4.137931034482759,28.600000000000406,0.0
6,1,22,0.8378700356985567,0.838173200107646,108.52227835401187,2.337910134101669,47.072949407222524,0.11020511052133412,33,0.0,95.83333333333334,4.0,53.793103448275865,8.275862068965518,28.600000000000406,0.0
6,1,22,0.8372756867723455,0.8378956874950841,109.64754447697264,3.1676489997321213,47.637989195389665,0.11225881903914163,30,-0.10344827586206896,95.83333333333334,6.0,49.6551724137931,12.413793103448276,27.600000000000392,0.0
6,1,22,0.8382393948856451,0.8377831961880665,111.09789045780118,3.9060992879305494,48.19896920208028,0.11471810600064042,33,0.0,100.0,7.0,51.724137931034484,14.482758620689655,26.600000000000378,0.0
6,1,22,0.8321809075246018,0.8372196986006435,112.65004131509043,4.192791295520455,48.74444569423363,0.10463092880975344,33,0.0,100.0,9.0,47.58620689655172,18.620689655172413,26.00000000000037,0.0
6,1,23,0.8340256009310716,0.8367873612792487,114.58604340988623,4.270040705269349,49.28240292877059,0.10565899394845442,32,-0.034482758620689655,100.0,11.0,45.51724137931034,22.75862068965517,25.40000000000036,0.0
6,1,22,0.8382429662249127,0.8362061962327542,115.91499209700436,3.3307352791404243,49.769824303563574,0.09420120726630457,33,0.0,91.66666666666666,13.0,45.51724137931034,22.75862068965517,25.40000000000022,0.0
6,1,22,0.8356296341403593,0.835375002102228,116.54450909721194,2.888149849431078,50.20083991136212,0.08400854276115802,31,-0.06896551724137931,91.66666666666666,15.0,57.93103448275862,22.75862068965517,24.59999999999991,0.0
6,1,22,,0.8356018229673267,116.65682370329456,2.9647195654712246,50.54801007757094,0.06552347246169545,31,-0.034482758620689655,95.83333333333334,17.0,60.0,22.75862068965517,25.19999999999962,0.03333333333333333
6,1,22,0.8354479143684754,0.8353427015421645,116.56626588278795,3.162638691245104,50.85659505121422,0.0530814847872548,32,0.0,95.83333333333334,19.0,62.06896551724138,22.75862068965517,25.399999999999295,0.03333333333333333
6,1,22,0.8380620008348868,0.8354541744253705,116.45702707081225,3.1764309822249133,51.08713039598614,0.04415797651996764,31,-0.034482758620689655,91.66666666666666,21.0,60.0,22.75862068965517,25.399999999998983,0.06666666666666667
6,1,23,0.8305924450349593,0.8352588245859422,116.37715906345917,3.140370250728015,51.297513136595235,0.041579506364737895,32,-0.034482758620689655,95.83333333333334,22.0,62.06896551724138,22.75862068965517,25.39999999999867,0.06666666666666667
7,1,6,0.5637896052151853,0.5632929015590677,30.419615062295822,18.97781365177547,28.712430255121642,0.2584414034781446,5,0.1724137931034483,66.66666666666666,0.0,39.310344827586206,0.0,5.600000000000002,0.0
7,1,7,0.5626055730589807,0.5696094245797574,42.45937522339599,21.15713598472078,29.999454038457845,0.26034100255759784,6,0.20689655172413793,79.16666666666666,0.0,39.310344827586206,0.0,9.999999999999996,0.0
7,1,7,0.5492787795275813,0.566545822686445,53.72496285822457,23.58299968486689,31.213237136321695,0.2615227863890553,9,0.27586206896551724,91.66666666666666,0.0,47.58620689655172,0.0,14.999999999999979,0.03333333333333333
7,1,7,0.5529542400457291,0.562166782461646,66.70489673916397,24.47803028267561,32.61465103098032,0.27726612018986807,10,0.3448275862068966,95.83333333333334,1.3333333333333333,47.58620689655172,2.0689655172413794,19.99999999999996,0.03333333333333333
7,1,6,0.5469756743821986,0.5583238264775442,78.04211244473801,21.737235522394073,34.03292511407701,0.2676530527938474,15,0.41379310344827586,91.66666666666666,2.4,49.6551724137931,4.137931034482759,24.399999999999945,0.03333333333333333
7,1,7,0.552562964870682,0.5555679966918992,87.59343681267234,16.08360054827842,35.44800778907234,0.28001566478344436,21,0.5862068965517241,95.83333333333334,2.1818181818181817,53.793103448275865,4.137931034482759,26.999999999999925,0.03333333333333333
7,1,6,0.545462051255235,0.5526836980596644,94.1871130691975,9.638133266088277,36.88936654411893,0.2835942286754959,22,0.6206896551724138,95.83333333333334,3.0,53.793103448275865,6.206896551724138,27.99999999999995,0.03333333333333333
7,1,7,0.5491647285355542,0.5500704973158625,99.07989076390706,4.275703340593516,38.33610526588494,0.27129091694382307,31,0.9310344827586207,100.0,3.0,68.27586206896552,6.206896551724138,28.400000000000027,0.03333333333333333
7,1,6,0.5442556472126608,0.5491118497325899,100.19016053582837,3.0112709150034833,39.56252615161463,0.27002095703178586,33,0.8620689655172413,95.83333333333334,4.0,66.20689655172414,6.206896551724138,28.400000000000116,0.0
7,1,7,0.5492032806531023,0.5488835684764807,100.03403526324072,2.8225649785539257,40.88138500808899,0.25719818590776,33,0.7241379310344828,95.83333333333334,4.0,78.62068965517241,6.206896551724138,28.400000000000205,0.0
7,1,6,0.5485851181037917,0.5490334424863588,99.59803948202186,2.915677235903332,42.15366962295558,0.24728585488433613,33,0.5517241379310345,95.83333333333334,5.0,78.62068965517241,6.206896551724138,28.200000000000287,0.0
7,1,6,0.5485027468486529,0.5488582369964132,99.33796432092191,2.9731185162749405,43.36278246372241,0.23522265460091332,31,0.3103448275862069,91.66666666666666,6.0,80.6896551724138,8.275862068965518,28.200000000000376,0.0
7,1,6,0.5527112470039172,0.5489600941480994,99.45752317179607,2.904609115757208,44.50671938156108,0.22591123404426985,33,0.3103448275862069,100.0,6.0,91.03448275862068,6.206896551724138,27.800000000000395,0.0
7,1,6,0.5478218230729323,0.5494179433475203,98.82075807329811,1.863756186127156,45.59379349076218,0.21071358069373136,32,-0.034482758620689655,95.83333333333334,7.0,84.82758620689656,8.275862068965518,27.800000000000395,0.0
7,1,7,0.5451544827950017,0.5499367519613624,98.65231439899016,1.4022720455053528,46.61447452816496,0.1950387408468208,33,0.0,95.83333333333334,7.0,86.89655172413794,6.206896551724138,27.40000000000039,0.0
7,1,6,0.5500074196562555,0.5503784369402229,98.64728224301058,1.4431677525620732,47.54476360446031,0.18253737442637502,32,0.034482758620689655,91.66666666666666,7.0,76.55172413793103,6.206896551724138,27.40000000000039,0.0
7,1,7,0.5453394193580302,0.5501593749784645,99.23323593874433,1.366447213078514,48.416949538171,0.16586678142436406,33,0.0,95.83333333333334,6.0,74.48275862068965,6.206896551724138,27.600000000000392,0.0
7,1,6,0.5476677562111489,0.5498101551082161,99.45480610818935,1.7089134538013915,49.24197481141943,0.16443412670417148,32,0.0,91.66666666666666,7.0,72.41379310344827,6.206896551724138,28.000000000000398,0.0
7,1,7,0.5472970271243637,0.5496043657336607,99.09413462017066,2.195115671639373,50.01781148570589,0.15456630156565104,33,0.0,100.0,6.0,68.27586206896552,6.206896551724138,28.2000000000004,0.0
7,1,6,,0.5495801053470492,98.83294709085428,2.21447052080872,50.67908536715636,0.1400724021587419,33,0.034482758620689655,95.83333333333334,7.0,68.27586206896552,6.206896551724138,28.2000000000004,0.03333333333333333
7,1,7,0.5500317783408553,0.5495747819854514,98.50043197256011,2.3475164062982263,51.379308146931,0.13686835722614593,33,0.0,100.0,6.0,66.20689655172414,6.206896551724138,28.600000000000406,0.03333333333333333
7,1,6,0.5535673809484086,0.5492374839539421,97.92971576974472,2.749241665570653,52.03888284563445,0.12352338895346524,32,0.034482758620689655,95.83333333333334,7.0,64.13793103448276,6.206896551724138,28.600000000000406,0.03333333333333333
7,1,7,0.556205270698786,0.5500668638703519,97.89952287837603,2.7170611709089667,52.64103170386733,0.11326636047335835,33,0.0,100.0,6.0,66.20689655172414,6.206896551724138,28.600000000000406,0.03333333333333333
7,1,6,0.5452536765571243,0.5504414620024198,98.10686293784457,2.9973724147171894,53.18940831824405,0.10367309015702669,33,0.034482758620689655,100.0,6.0,68.27586206896552,6.206896551724138,28.600000000000406,0.03333333333333333
7,1,7,0.5546030023719538,0.5506213330359525,99.51882603162939,3.6198901149737215,53.699145905148136,0.09705901908984893,33,0.0,100.0,6.0,57.93103448275862,6.206896551724138,28.80000000000041,0.03333333333333333
7,1,6,0.5464742384513422,0.55091228120917,99.87769215652929,3.69049282608294,54.03986433705198,0.08636162694684388,33,0.034482758620689655,95.83333333333334,6.0,51.724137931034484,6.206896551724138,28.80000000000041,0.06666666666666667
7,1,6,0.554134907523821,0.5513875501692261,100.20900689949171,3.8600474498515513,54.46062922103158,0.07019606409178818,32,-0.034482758620689655,91.66666666666666,7.0,49.6551724137931,8.275862068965518,28.200000000000145,0.06666666666666667
7,1,6,0.5570876252224185,0.5520142483886943,101.14761473457892,2.979694251469964,54.84002672372781,0.06624121381736922,33,0.0,100.0,6.0,53.793103448275865,6.206896551724138,28.399999999999793,0.06666666666666667
7,1,6,0.5491017171922815,0.5520266403623134,100.29407692226481,3.782082048960492,55.178624026564286,0.05834148039452189,33,0.0,95.83333333333334,7.0,49.6551724137931,8.275862068965518,28.399999999999437,0.06666666666666667
7,1,7,0.5514084569317751,0.5528724932372034,99.2060181129821,4.093716382426547,55.46383200658464,0.050512284831415954,33,0.0,95.83333333333334,6.0,60.0,6.206896551724138,28.399999999999082,0.06666666666666667
7,1,6,0.5521079329749986,0.553445162681426,97.61334149575738,3.5726238754727637,55.66988399960673,0.03626040684749899,33,0.06896551724137931,95.83333333333334,7.0,66.20689655172414,6.206896551724138,27.79999999999876,0.1
8,1,11,0.8573924066093017,0.8468759883045578,32.78949421300374,23.209946590318324,31.05932164749915,0.41504133129477067,5,0.1724137931034483,79.16666666666666,0.0,45.51724137931034,0.0,12.399999999999988,0.0
8,1,10,0.850462992188724,0.8691042860923723,47.47998984714813,27.450182030502443,33.21390859913217,0.4359632609275101,6,0.20689655172413793,95.83333333333334,1.7142857142857142,53.793103448275865,2.0689655172413794,16.599999999999973,0.0
8,1,10,0.8518212440682015,0.864137276909317,60.64836441965503,26.795862562793094,35.406939346223425,0.42944274344277744,9,0.27586206896551724,95.83333333333334,3.0,55.86206896551724,4.137931034482759,21.199999999999957,0.0
8,1,10,0.8564519488075907,0.8607949584301905,71.27230150734722,21.94555150688876,37.5774771678985,0.43809806207268015,10,0.3103448275862069,95.83333333333334,4.0,53.793103448275865,6.206896551724138,24.99999999999994,0.0
8,1,10,0.8542892831808998,0.8581302999474522,78.95050765643246,16.36936103851481,39.729080001483176,0.4321775773574582,15,0.4827586206896552,95.83333333333334,4.8,64.13793103448276,8.275862068965518,26.19999999999992,0.0
8,1,10,,0.8556132103948625,84.91250885662642,8.66797839259411,41.66269208961315,0.4091528549290767,26,0.8620689655172413,91.66666666666666,5.454545454545454,78.62068965517241,10.344827586206897,27.199999999999967,0.03333333333333333
8,1,11,0.8529653027920171,0.8542610241760827,88.11315475512252,4.422032388692631,43.81063439991926,0.4102676643166049,33,1.0689655172413792,100.0,5.0,78.62068965517241,8.275862068965518,27.40000000000005,0.03333333333333333
8,1,11,0.854916276476665,0.8538678715332374,87.02101292659367,3.8314969094813454,45.73001654506273,0.38646978330463233,33,0.9310344827586207,95.83333333333334,6.0,86.89655172413794,10.344827586206897,27.800000000000136,0.06666666666666667
8,1,10,0.8510130594164341,0.8546656780268433,84.99825958326453,3.353435290883794,47.709029583318625,0.35949190436178485,33,0.8275862068965517,95.83333333333334,7.0,99.3103448275862,10.344827586206897,27.80000000000022,0.06666666666666667
8,1,10,0.8548139640899698,0.8547399783945683,84.01274993270393,3.290147605245573,49.41888742216757,0.33358455753831556,33,0.7586206896551724,95.83333333333334,8.0,105.51724137931035,10.344827586206897,28.00000000000031,0.1
8,1,10,0.8544215903953435,0.8546194370370783,82.74727079237783,4.248465154904077,51.08220416550735,0.30529352063021714,33,0.5172413793103449,95.83333333333334,9.0,101.37931034482759,10.344827586206897,28.200000000000394,0.13333333333333333
8,1,10,0.851445444515429,0.8543913727999223,81.22688118134631,5.2280920429913795,52.504208996406824,0.2921146850846192,33,0.1724137931034483,95.83333333333334,10.0,103.44827586206897,10.344827586206897,28.000000000000398,0.13333333333333333
8,1,10,0.8514669294063729,0.8542862363670378,78.38273119298306,4.270579086284806,54.11891881817145,0.25281206818692165,32,0.0,91.66666666666666,11.0,93.10344827586206,10.344827586206897,28.400000000000404,0.13333333333333333
8,1,11,,0.8546963849757419,76.96360718436443,3.528274459104749,55.279503128240776,0.2473140515756586,33,0.06896551724137931,95.83333333333334,10.0,86.89655172413794,8.275862068965518,28.2000000000004,0.13333333333333333
8,1,10,0.8513653528657694,0.8543971522810373,75.79664993971728,2.757722664258648,56.676504127729,0.23215820072272575,33,0.0,95.83333333333334,10.0,82.75862068965517,10.344827586206897,28.000000000000398,0.13333333333333333
8,1,10,0.8544121312198687,0.8546830212333529,75.30347907336304,1.8512838775683673,57.81632638652766,0.21259262073612412,32,-0.034482758620689655,100.0,10.0,82.75862068965517,10.344827586206897,27.40000000000039,0.1
8,1,10,0.856324588450379,0.8546172845494409,75.269242039258,1.8470258176967376,58.83149882054183,0.19622171624984622,32,-0.034482758620689655,100.0,10.0,84.82758620689656,10.344827586206897,27.40000000000039,0.06666666666666667
8,1,10,0.8569392901638476,0.8547581784620438,75.58079163282638,1.7294563577113011,59.75212437953953,0.1936706127904648,33,0.0,95.83333333333334,10.0,82.75862068965517,10.344827586206897,27.600000000000392,0.03333333333333333
8,1,10,0.8605644348697208,0.855461075014753,75.65838526801963,1.6917216998066906,60.71720039803389,0.18394166326899264,32,0.0,91.66666666666666,11.0,95.17241379310344,10.344827586206897,27.40000000000039,0.03333333333333333
8,1,10,0.861875292645652,0.8559787977397854,76.32233361531381,2.114140132717332,61.51264091607799,0.16938083774859472,32,0.0,91.66666666666666,11.0,91.03448275862068,10.344827586206897,27.000000000000384,0.0
8,1,11,0.8485220771003127,0.8554984875746953,78.30200375545016,4.846159447469536,62.36368250593436,0.17196189164932707,33,0.0,100.0,10.0,99.3103448275862,10.344827586206897,27.000000000000384,0.0
8,1,11,0.848420330996774,0.8545904920460917,80.37125507514769,6.477821808311165,63.217053511077225,0.16864756599474814,33,0.0,100.0,10.0,113.79310344827586,10.344827586206897,27.40000000000039,0.0
8,1,10,0.8536154466901823,0.853844810309665,82.16778098798821,6.563160701385293,64.0815288668179,0.1711461799940184,33,0.034482758620689655,95.83333333333334,10.0,130.3448275862069,10.344827586206897,27.40000000000039,0.0
8,1,10,0.8437231420256336,0.8528465272090902,83.51110927562596,6.046875953260794,64.95883411814732,0.17783428855343775,33,0.0,95.83333333333334,10.0,120.0,10.344827586206897,27.600000000000392,0.0
8,1,10,0.8514033361367909,0.851788146237561,85.26151870197404,4.232146323063742,65.829280612389,0.1753306599905882,32,0.06896551724137931,91.66666666666666,10.0,124.13793103448276,10.344827586206897,27.800000000000395,0.0
8,1,10,0.8451079611371938,0.8504456519774369,86.37168074840086,3.2739371428624846,66.71917539104102,0.1824116644642223,32,0.0,91.66666666666666,11.0,134.48275862068965,10.344827586206897,27.800000000000153,0.0
8,1,11,0.8409010092802958,0.8498035682591488,87.48846773008057,3.970539095861537,67.60527991570414,0.1785976951065572,33,0.034482758620689655,100.0,10.0,122.06896551724138,8.275862068965518,28.199999999999804,0.0
8,1,11,0.8517602564408122,0.849416792792835,87.64228316120128,4.080926033158182,68.3880427036751,0.1719643161054856,33,0.0,95.83333333333334,10.0,128.27586206896552,10.344827586206897,28.39999999999945,0.03333333333333333
8,1,11,0.8433904540075088,0.8483699711686131,88.57329225609931,4.499742963150349,69.26644070190795,0.164184726871859,33,0.0,95.83333333333334,10.0,113.79310344827586,10.344827586206897,28.19999999999912,0.03333333333333333
8,1,11,0.8445964821247102,0.8474203358782183,90.79233699588846,5.1456786885194745,70.13155874206942,0.168982589531808,33,0.0,100.0,10.0,109.65517241379311,10.344827586206897,27.999999999998792,0.03333333333333333
8,1,11,0.8345859792031888,0.8455485020721053,93.44867822244828,5.5869802415492815,70.92733028378596,0.16202013326290826,32,-0.034482758620689655,100.0,10.0,103.44827586206897,10.344827586206897,27.99999999999845,0.06666666666666667
9,0,23,0.819737388801077,0.8080868768471051,16.786221280082334,7.283322689288165,29.593220079496408,0.30034462547167373,1,0.034482758620689655,29.166666666666668,8.0,20.689655172413794,8.275862068965518,0.8,0.03333333333333333
9,0,24,0.8175141389225068,0.8244949398725099,20.75828351893752,7.422552415427653,31.00543446534644,0.2752316466164697,2,0.06896551724137931,33.33333333333333,8.571428571428571,18.620689655172413,10.344827586206897,1.7999999999999998,0.06666666666666667
9,0,24,0.8230342242644401,0.8228136834096692,24.36798126488529,7.840133307241456,32.20154325962448,0.2808923724461252,1,0.034482758620689655,37.5,10.5,24.82758620689655,14.482758620689655,1.8,0.06666666666666667
9,0,25,0.8180378942793761,0.822016716186816,27.5985017557423,6.331039887710388,33.6866923386093,0.2730356759170234,0,-0.034482758620689655,41.66666666666667,10.666666666666666,26.896551724137932,16.551724137931036,2.8000000000000007,0.06666666666666667
9,0,26,0.8151132763038785,0.8210136149685724,31.276649084125353,6.288706386072733,35.10690124801166,0.2617465824036192,2,0.034482758620689655,50.0,10.8,28.96551724137931,16.551724137931036,2.8000000000000007,0.06666666666666667
9,0,25,0.8266628217002582,0.8204512457843011,33.4162717952303,5.457365194969074,36.33688569588004,0.2421431091324635,1,0.0,37.5,13.090909090909092,26.896551724137932,18.620689655172413,3.4000000000000012,0.1
9,0,25,0.8197199830281726,0.8205607638383429,34.4265382732885,4.01063353572469,37.61484688666641,0.2243205010103552,1,0.0,37.5,14.0,22.75862068965517,20.689655172413794,3.4000000000000012,0.1
9,0,25,0.8147640937991981,0.820790434305964,33.53851220389158,4.830504968416004,38.65396998484198,0.2060505167192676,1,-0.034482758620689655,33.33333333333333,17.0,22.75862068965517,24.82758620689655,2.2000000000000015,0.06666666666666667
9,0,25,0.8165382768128359,0.8211069938250435,32.341048314158044,4.9440250604777045,39.60026485373522,0.19326418984588523,2,0.0,33.33333333333333,19.0,22.75862068965517,24.82758620689655,1.600000000000001,0.03333333333333333
9,0,25,0.8235550014433994,0.8211996934092173,31.71025230749852,5.29746481686701,40.565226686946694,0.17992937742917867,0,0.0,29.166666666666668,21.0,18.620689655172413,26.896551724137932,1.0000000000000004,0.03333333333333333
9,0,24,0.8150796181208841,0.8203930858981615,31.674183558748275,5.301172633254658,41.496731854711236,0.16147473207904944,2,-0.034482758620689655,37.5,22.0,22.75862068965517,26.896551724137932,0.6000000000000005,0.03333333333333333
9,0,23,0.8272622988126809,0.8207944272853976,31.634801927096962,5.3633183348460465,42.25114346474813,0.16276078760135754,0,-0.034482758620689655,29.166666666666668,22.0,22.75862068965517,26.896551724137932,1.0000000000000009,0.0
9,0,23,0.8157754098044204,0.8197803910643766,33.14927708403435,6.143046870816756,43.06436088750505,0.1678763209957913,0,-0.034482758620689655,41.66666666666667,23.0,28.96551724137931,24.82758620689655,1.0000000000000009,0.0
9,0,24,0.8176581317455991,0.8192992345155832,34.7299931451733,5.738984305272391,43.862122778066386,0.14725447773429054,1,0.0,37.5,24.0,28.96551724137931,24.82758620689655,1.8000000000000016,0.0
9,0,23,0.8174377157139915,0.81868496210019,36.21175524656581,5.044309394232619,44.61922012791145,0.1476103114909805,2,0.034482758620689655,37.5,24.0,26.896551724137932,22.75862068965517,2.400000000000002,0.0
9,0,23,0.8181018941492425,0.8181173262724873,37.70620881035184,3.420275268329923,45.325630792382434,0.1368403339079439,0,-0.034482758620689655,37.5,25.0,26.896551724137932,24.82758620689655,2.6000000000000023,0.0
9,0,23,0.8221420437018702,0.8190774533656248,37.390215131769416,3.222286998652348,45.97492179665712,0.12272230046279804,1,-0.034482758620689655,37.5,26.0,24.82758620689655,24.82758620689655,3.0000000000000027,0.0
9,0,24,0.8169286264276652,0.8179943792675195,38.20399307979195,3.3299610438874017,46.580640472079025,0.12957020217235013,1,0.0,37.5,25.0,26.896551724137932,24.82758620689655,2.400000000000002,0.0
9,0,23,0.8229561448725226,0.8182869062111844,38.233408856125585,3.2195405383442166,47.1256292574048,0.11149674152275385,1,0.034482758620689655,33.33333333333333,25.0,20.689655172413794,24.82758620689655,2.6000000000000014,0.03333333333333333
9,0,21,0.8225184455921548,0.8187318904826657,38.02617961406888,3.1264687395304103,47.69672694884319,0.10378373054660861,0,-0.034482758620689655,25.0,25.0,18.620689655172413,26.896551724137932,1.6000000000000005,0.03333333333333333
9,0,20,0.8253024108712917,0.8201740523124614,36.85835475200392,4.246587717732562,48.19043449628923,0.08997036278370373,0,-0.034482758620689655,25.0,25.0,18.620689655172413,26.896551724137932,0.7999999999999998,0.03333333333333333
9,0,19,0.820851908751241,0.8200135684570143,36.72994085733303,4.475352866263284,48.66957447871057,0.0895945918599862,1,0.0,29.166666666666668,25.0,20.689655172413794,26.896551724137932,0.5999999999999996,0.03333333333333333
9,0,20,0.8216318060748541,0.820635935712776,34.94285077366333,5.675244227634174,49.1298466393652,0.08614312057671837,1,0.0,29.166666666666668,24.0,20.689655172413794,24.82758620689655,0.799999999999998,0.03333333333333333
9,0,22,0.8143116640427687,0.8206362846313457,34.98301050786455,5.723033390139927,49.57495927800749,0.08696600123405196,1,0.034482758620689655,41.66666666666667,23.0,24.82758620689655,20.689655172413794,0.9999999999999973,0.03333333333333333
9,0,20,0.8231570442193018,0.8204815306782786,35.518401886770796,6.279851705866717,49.94820489578667,0.07696894949495164,1,-0.034482758620689655,33.33333333333333,23.0,22.75862068965517,20.689655172413794,1.7999999999999936,0.0
9,0,20,0.8192518801548782,0.8201103925039632,35.47006435627798,6.2893769110996764,50.31110479695948,0.07048389700750492,1,0.0,33.33333333333333,24.0,26.896551724137932,22.75862068965517,1.7999999999999936,0.0
9,0,20,0.8151890036252903,0.818859399302403,36.817282092747945,5.959668775535951,50.686579597471656,0.07098855217519649,1,0.0,33.33333333333333,23.0,20.689655172413794,20.689655172413794,1.7999999999999936,0.0
9,0,20,0.8206053682900561,0.8189962547858198,35.9408563199325,6.35622685935137,51.001464424997195,0.05669663719314487,1,0.0,29.166666666666668,23.0,20.689655172413794,20.689655172413794,1.399999999999995,0.03333333333333333
9,0,21,0.8236446499622763,0.8190481721175346,36.06466669399429,6.443909921274359,51.28051241224927,0.05854362426794387,1,0.034482758620689655,25.0,23.0,18.620689655172413,20.689655172413794,1.399999999999995,0.06666666666666667
9,0,20,0.8198908101189413,0.820180028341847,32.94446774769336,7.557502491258506,51.54905046191504,0.046201980332233654,0,-0.06896551724137931,20.833333333333336,24.0,16.551724137931036,26.896551724137932,0.7999999999999972,0.06666666666666667
9,0,21,0.8231211443466898,0.8208429419235317,29.966281920601336,6.338296501818743,51.78579270421391,0.04518967843357449,0,0.0,25.0,23.0,18.620689655172413,22.75862068965517,0.3999999999999986,0.06666666666666667
10,1,7,0.9378883227069018,0.9283531660357301,123.75244259234798,73.39315748834585,34.437872003306566,0.6799793710064744,3,0.10344827586206896,50.0,0.0,24.82758620689655,0.0,15.799999999999976,0.0
10,1,6,0.9105531063622259,0.9522986314765937,156.4601512340052,56.16144465771939,37.93009160129872,0.7102214777489411,3,0.06896551724137931,58.333333333333336,1.7142857142857142,28.96551724137931,2.0689655172413794,20.39999999999996,0.0
10,1,5,0.9017675215900353,0.9385229812092875,188.37333835691635,39.444254490749024,41.47631151848428,0.697122753533434,3,0.06896551724137931,66.66666666666666,3.0,24.82758620689655,4.137931034482759,24.399999999999945,0.0
10,1,5,0.892067384251643,0.9281705855325402,211.13905554341684,39.401714873314916,44.74083980718025,0.6967638714857912,6,0.1724137931034483,70.83333333333334,2.6666666666666665,26.896551724137932,4.137931034482759,24.59999999999993,0.03333333333333333
10,1,4,0.8990358143793412,0.9174563256246593,229.88123268131648,34.16618893424307,48.46121317932138,0.7249163755705973,9,0.2413793103448276,66.66666666666666,3.6,26.896551724137932,6.206896551724138,25.599999999999934,0.03333333333333333
10,1,3,0.9020350099651839,0.9094952774917906,240.62907859640046,30.96725309585709,52.29335147197008,0.7476622106316825,10,0.27586206896551724,62.5,4.363636363636363,28.96551724137931,8.275862068965518,26.40000000000002,0.03333333333333333
10,0,3,0.8977916659929185,0.9031637669148822,249.58596057930092,24.770872331576253,55.86207938090981,0.7756131765676139,10,0.27586206896551724,62.5,4.0,28.96551724137931,8.275862068965518,26.800000000000107,0.06666666666666667
10,0,2,0.8897779813055143,0.8965779884672287,262.846582535577,14.045453123223384,59.756423651202034,0.8049893715391451,7,0.1724137931034483,70.83333333333334,5.0,20.689655172413794,8.275862068965518,27.000000000000185,0.1
10,0,1,0.9011792341058694,0.8945872533910455,267.9040325481303,11.899104477233708,64.24427074714556,0.7974335872089924,8,0.1724137931034483,66.66666666666666,6.0,16.551724137931036,8.275862068965518,27.600000000000264,0.1
10,0,0,0.8968587489459322,0.8955656347809224,266.0815292738599,10.84305558284686,68.0616512602386,0.768770082164745,5,0.0,66.66666666666666,7.0,12.413793103448276,8.275862068965518,27.80000000000035,0.06666666666666667
10,0,0,0.0018629844738628845,0.7967985235095965,265.8195193118584,11.081796771224061,71.59355201927923,0.6134096981124543,7,-0.06896551724137931,66.66666666666666,7.0,6.206896551724138,8.275862068965518,24.800000000000352,0.1
10,0,0,0.0,0.630816595936168,267.02004908709745,9.96838376937996,74.20191493501709,0.3602853725865737,7,-0.10344827586206896,66.66666666666666,7.0,6.206896551724138,6.206896551724138,19.80000000000028,0.1
10,0,0,0.0031954750628090407,0.48034828616151526,268.6302972028774,7.757581814736745,75.18714442666489,0.09863253237598418,7,-0.034482758620689655,66.66666666666666,7.0,12.413793103448276,4.137931034482759,15.400000000000219,0.06666666666666667
10,0,0,0.0007327800498000882,0.34109117100739184,265.8016660673945,4.905966665234299,75.05850197720108,-0.09489034290933038,7,0.0,66.66666666666666,6.0,16.551724137931036,4.137931034482759,10.400000000000148,0.03333333333333333
10,0,0,0.0034219356635605855,0.18743971261128578,264.17141013549787,1.0238939459429885,74.07640863206623,-0.30624178304152117,7,-0.06896551724137931,66.66666666666666,5.0,14.482758620689655,2.0689655172413794,5.800000000000082,0.03333333333333333
10,0,0,0.0,0.0331255813651097,263.7679087340803,0.05755724438741809,72.0953949006798,-0.5165849962783569,7,0.0,66.66666666666666,5.0,20.689655172413794,0.0,1.40000000000002,0.03333333333333333
10,0,0,0.004544762666450339,0.0021697341413892315,263.76183904254344,0.06714466856157175,69.65237928624818,-0.5399418359903178,7,0.0,66.66666666666666,4.0,26.896551724137932,0.0,0.0,0.0
10,0,0,0.002438490161123732,0.002177138182139512,263.76554378733437,0.07391203584406633,67.0576200962085,-0.5005221867735274,7,0.0,66.66666666666666,3.0,33.10344827586207,0.0,0.0,0.0
10,0,0,0.0013258791385128948,0.0020905949735216004,263.7578999910399,0.07243821238135222,64.61323190940591,-0.47386162197510007,7,0.0,66.66666666666666,3.0,37.241379310344826,0.0,0.0,0.0
10,0,0,0.00234144437297769,0.002269031015877115,263.75628373041144,0.08253026289548378,62.31130233408355,-0.44462476844421467,7,0.0,66.66666666666666,2.0,33.10344827586207,0.0,0.0,0.0
10,0,0,0.002041609908471902,0.0018701604496858682,263.75836171660836,0.08808904112513048,60.14353925804404,-0.4161867964235374,7,0.0,66.66666666666666,1.0,37.241379310344826,0.0,0.0,0.0
10,0,0,0.0,0.0017601698791634944,263.75854185014873,0.09305140466367012,58.100323265417956,-0.3918315154350445,7,0.0,66.66666666666666,0.0,35.172413793103445,0.0,0.0,0.0
10,0,0,0.0023029996120397804,0.0018718995881760508,263.7619916396785,0.08817745852724952,56.17890180215302,-0.37192338141411685,7,0.0,66.66666666666666,0.0,35.172413793103445,0.0,0.0,0.0
10,0,0,0.004927619860371516,0.0019417789314250102,263.7600739823007,0.08139990368342342,54.36813696099755,-0.351064697745814,7,0.0,66.66666666666666,0.0,28.96551724137931,0.0,0.0,0.0
10,0,0,0.003590295957079494,0.0019885657727764087,263.7568219487643,0.0870461556722843,52.65655413818463,-0.32697888718826157,7,0.0,66.66666666666666,0.0,24.82758620689655,0.0,0.0,0.0
10,0,0,0.0012674184540634147,0.001878779108919142,263.75329802846437,0.07494603377138463,51.04221755378883,-0.31444642275713497,7,0.0,66.66666666666666,0.0,26.896551724137932,0.0,0.0,0.0
10,0,0,0.0026750089419399488,0.0018648743377202438,263.74679758225597,0.07155645933711677,49.5325369857584,-0.29112838864855184,7,0.0,66.66666666666666,0.0,24.82758620689655,0.0,0.0,0.0
10,0,0,0.0019472412239247311,0.0019457764725221668,263.75075147203125,0.06728363240661317,48.09035141627166,-0.2805480957414598,7,0.0,66.66666666666666,0.0,20.689655172413794,0.0,0.0,0.0
10,0,0,0.000679093188926032,0.0019442175599525316,263.7490317893382,0.0692582271975827,46.845533859245045,-0.2666142390628877,7,0.0,66.66666666666666,0.0,18.620689655172413,0.0,0.0,0.03333333333333333
10,0,0,0.002595303990760762,0.001951847498958932,263.7440844056335,0.06801553926727413,45.517223108977255,-0.24524785796217857,7,0.0,66.66666666666666,0.0,20.689655172413794,0.0,0.0,0.03333333333333333
10,0,0,0.0014493572412286524,0.0019481290291489285,263.7473473473739,0.06231300791271508,44.38141244370553,-0.22928067014913428,7,0.0,66.66666666666666,0.0,16.551724137931036,0.0,0.0,0.06666666666666667
11,1,20,0.962044841484503,0.953697543602168,57.438303590240864,27.605541362720814,33.985170672802774,0.671464335615063,2,0.034482758620689655,87.5,8.0,47.58620689655172,8.275862068965518,13.399999999999984,0.0
11,1,18,0.966851841430668,0.9811169724224867,71.56703565486025,23.00984670780536,37.540873952256106,0.7284467326193579,2,0.06896551724137931,87.5,10.285714285714286,43.44827586206897,12.413793103448276,16.399999999999974,0.0
11,1,16,0.967154828171592,0.9757148985159543,82.82692510865847,18.905122551893673,41.20348214900627,0.7381534077853282,2,0.034482758620689655,91.66666666666666,12.0,41.37931034482759,16.551724137931036,18.999999999999957,0.0
11,1,14,0.9644912714101581,0.9711445784949915,90.7954611639096,13.466884982913149,44.90144208137723,0.7514454707423813,2,-0.034482758620689655,87.5,13.333333333333334,31.03448275862069,20.689655172413794,19.199999999999942,0.0
11,1,13,0.9688936578485516,0.9683207406621092,97.02706692125966,8.168399704529019,48.604821019552176,0.730212448375218,6,0.10344827586206896,95.83333333333334,13.2,35.172413793103445,20.689655172413794,21.399999999999924,0.0
11,1,11,0.9562301584203627,0.9661396373146511,101.23662124949223,6.4975398115440495,52.181072263516285,0.704293955451287,8,0.2413793103448276,100.0,14.181818181818182,41.37931034482759,20.689655172413794,22.19999999999994,0.0
11,1,9,0.9556735917783254,0.9640692178518023,105.77460370753916,7.682108069985344,55.43594417962042,0.6949545372031086,13,0.3448275862068966,100.0,15.0,45.51724137931034,22.75862068965517,23.60000000000001,0.03333333333333333
11,1,7,0.9495734676830007,0.9622509437360098,109.42580515128512,8.705352016889451,59.02371032848905,0.6862993456371429,19,0.5517241379310345,95.83333333333334,17.0,55.86206896551724,22.75862068965517,24.80000000000009,0.03333333333333333
11,1,6,0.9585496760822215,0.9600833269849486,112.20130132574964,9.026374030563119,62.523742625940436,0.676480236171103,23,0.7241379310344828,100.0,18.0,66.20689655172414,20.689655172413794,24.800000000000168,0.03333333333333333
11,1,4,0.9582659957706575,0.9585140601283243,114.32314695326582,7.234499503103506,65.95705444824195,0.6495936729764215,23,0.6896551724137931,100.0,20.0,66.20689655172414,20.689655172413794,25.600000000000243,0.03333333333333333
11,1,2,0.9616093412674563,0.9573768867722825,114.3109622543971,7.285974975140452,69.26590986614161,0.6336400223500208,22,0.5517241379310345,95.83333333333334,22.0,55.86206896551724,20.689655172413794,25.200000000000326,0.03333333333333333
11,1,0,0.9618626599502456,0.9571433835008446,114.12036755394661,7.487742759775677,72.23203596740551,0.5883806568847291,27,0.5517241379310345,95.83333333333334,22.0,51.724137931034484,20.689655172413794,26.400000000000375,0.06666666666666667
11,1,0,0.0012903888210735609,0.7927741137196276,111.59216295484549,7.339482897322006,74.36881540305887,0.36928480078167264,27,0.4827586206896552,95.83333333333334,20.0,45.51724137931034,18.620689655172413,22.40000000000032,0.03333333333333333
11,1,0,0.0,0.6289459820395669,108.96921416751387,6.242220947236012,75.65530430408184,0.1486710266718901,27,0.27586206896551724,95.83333333333334,18.0,37.241379310344826,14.482758620689655,18.000000000000256,0.03333333333333333
11,1,0,0.0004214150062753763,0.48102228722217355,106.4749808098513,3.6307325619049564,75.97387512699072,-0.0641746521179007,27,0.1724137931034483,95.83333333333334,16.0,39.310344827586206,10.344827586206897,13.200000000000188,0.06666666666666667
11,1,0,0.004191166265521555,0.31038313545710683,105.1580294339018,1.8805418347867706,75.1707358822927,-0.24906521524261868,27,0.13793103448275862,95.83333333333334,14.0,39.310344827586206,6.206896551724138,8.800000000000125,0.06666666666666667
11,1,0,,0.14436626434545555,105.32178416309088,1.6524777866504037,73.7004257352567,-0.4181166162881973,27,0.10344827586206896,95.83333333333334,13.0,43.44827586206897,4.137931034482759,4.20000000000006,0.1
11,1,0,0.00026835427573436026,0.002109004797173587,105.13108926972873,0.0892993041642769,71.26382852160982,-0.556052994218574,27,0.0,95.83333333333334,11.0,37.241379310344826,0.0,0.0,0.06666666666666667
11,1,0,0.0024427057739268465,0.001963102640902712,105.14372282040729,0.08924185096946065,68.37222103342938,-0.5238652829959972,27,0.0,95.83333333333334,9.0,41.37931034482759,0.0,0.0,0.06666666666666667
11,1,0,0.0033669376894958376,0.002115744387799028,105.12161655971966,0.08495703156758272,65.65765068892448,-0.49265763231944565,27,0.0,95.83333333333334,7.0,41.37931034482759,0.0,0.0,0.06666666666666667
11,1,0,0.0030534760929044696,0.0024008230132964814,105.1250066354338,0.08473010254859886,63.446750714954696,-0.4610910147281943,27,0.0,95.83333333333334,6.0,37.241379310344826,0.0,0.0,0.03333333333333333
11,1,0,0.003925113112073292,0.002388544592468567,105.11854275244089,0.08713337655862,61.127323554659895,-0.43323102473705827,27,0.0,95.83333333333334,4.0,41.37931034482759,0.0,0.0,0.03333333333333333
11,1,0,2.4810079724211138e-05,0.0023109992178260734,105.11977312161493,0.08267356835783288,59.16973223183101,-0.41386245539154387,27,0.0,95.83333333333334,2.0,41.37931034482759,0.0,0.0,0.0
11,1,0,0.0027657537874938606,0.002427125050819584,105.10692550875778,0.07471651807382505,57.178177125116825,-0.385234115948344,27,0.0,95.83333333333334,0.0,41.37931034482759,0.0,0.0,0.0
11,1,0,0.0007903980891941498,0.0022494329127763315,105.09377590566307,0.06704619205192021,55.30980075892324,-0.36872441866827044,27,0.0,95.83333333333334,0.0,35.172413793103445,0.0,0.0,0.0
11,1,0,0.0013162934972591883,0.002059346745167889,105.11597993804001,0.07269419250727023,53.65598939525401,-0.3428085498371175,27,0.0,95.83333333333334,0.0,37.241379310344826,0.0,0.0,0.03333333333333333
11,1,0,0.0,0.0016482685793482448,105.11641113674084,0.0638142077171246,51.9335544893602,-0.3260275090032664,27,0.0,95.83333333333334,0.0,35.172413793103445,0.0,0.0,0.03333333333333333
11,1,0,0.0,0.001576834436894512,105.1168021352319,0.06763452031016555,50.313044275654434,-0.2971516118579879,27,0.0,95.83333333333334,0.0,37.241379310344826,0.0,0.0,0.03333333333333333
11,1,0,0.0013841810176002522,0.0015061815478447068,105.12232830507298,0.07149869969289448,48.792866584368014,-0.2901051227842784,27,0.0,95.83333333333334,0.0,33.10344827586207,0.0,0.0,0.03333333333333333
11,1,0,0.0008336086599950605,0.0012893039511900398,105.13936917963782,0.07636158460622937,47.35417596567681,-0.27082923715876756,27,0.0,95.83333333333334,0.0,33.10344827586207,0.0,0.0,0.03333333333333333
11,1,0,0.0008108126015878627,0.0013332244056774318,105.14787989170424,0.07250681573647703,46.00263845151456,-0.25074532906221847,27,0.0,95.83333333333334,0.0,37.241379310344826,0.0,0.0,0.03333333333333333
12,1,35,0.7280493028723508,0.731882088946455,47.823397472743885,28.153782219736648,27.92511321538891,0.2057044748946111,2,-0.034482758620689655,79.16666666666666,12.0,45.51724137931034,12.413793103448276,0.4,0.03333333333333333
12,1,35,0.7298693157147994,0.7402046785144532,61.00933445579848,23.59668609763332,28.997953765350115,0.21020291199792912,1,-0.13793103448275862,75.0,15.428571428571429,35.172413793103445,18.620689655172413,3.600000000000001,0.03333333333333333
12,1,36,,0.7361002032002818,70.33645303190767,16.651394671001526,29.989458102355893,0.20715386335421188,2,-0.06896551724137931,75.0,16.5,33.10344827586207,22.75862068965517,6.400000000000003,0.06666666666666667
12,1,36,,0.733278088624418,76.66544020428849,9.962181730552711,30.564223341298202,0.17510360577758302,2,0.0,70.83333333333334,18.666666666666668,33.10344827586207,28.96551724137931,9.799999999999997,0.23333333333333334
12,1,36,,0.7317051138723611,80.39411493596786,5.14521341468805,31.022336117964745,0.13616984648232686,3,-0.06896551724137931,75.0,20.4,33.10344827586207,35.172413793103445,12.799999999999986,0.36666666666666664
12,1,36,,0.7303246831848763,82.60048706991867,3.4033359950133093,31.534952315088223,0.09768131538454569,2,-0.10344827586206896,79.16666666666666,21.818181818181817,26.896551724137932,33.10344827586207,14.999999999999979,0.5333333333333333
12,1,36,,0.730089594594472,82.24600140734232,3.6981459992341366,32.05808932063317,0.05942721919053025,1,-0.06896551724137931,79.16666666666666,23.0,33.10344827586207,35.172413793103445,17.799999999999965,0.7
12,1,36,,0.731228272593492,80.04984010773276,1.43721993557751,32.605387555062705,0.026219911932793678,2,-0.034482758620689655,83.33333333333334,26.0,37.241379310344826,35.172413793103445,17.199999999999957,0.8666666666666667
12,1,36,,,,,,,5,0.10344827586206896,83.33333333333334,29.0,47.58620689655172,35.172413793103445,17.79999999999994,1.0
12,1,36,,,,,,,7,0.13793103448275862,87.5,32.0,49.6551724137931,35.172413793103445,17.399999999999938,1.0
12,1,36,,,,,,,5,0.10344827586206896,91.66666666666666,35.0,47.58620689655172,35.172413793103445,17.19999999999994,1.0
12,1,36,0.7223107291438681,0.7223107291438681,101.60340174363503,,40.27579081703143,,4,0.06896551724137931,91.66666666666666,35.0,49.6551724137931,35.172413793103445,17.599999999999966,0.9666666666666667
12,1,35,0.7323730854563966,0.7266493413657725,98.83991199403768,2.5351306930841813,40.60814119992456,0.023467004255487003,5,0.10344827586206896,91.66666666666666,35.0,49.6551724137931,37.241379310344826,18.200000000000028,0.8
12,1,35,0.7308144914277416,0.7266574412407804,98.82694621131242,3.389672966208383,40.86525056816034,0.040603330771372625,7,0.13793103448275862,87.5,35.0,45.51724137931034,37.241379310344826,18.40000000000008,0.6333333333333333
12,1,36,0.7269268756390607,0.7268362320891634,97.98003989868204,3.5208839234457816,41.11194767603482,0.0570631673554163,9,0.20689655172413793,91.66666666666666,36.0,45.51724137931034,35.172413793103445,17.800000000000132,0.4666666666666667
12,1,35,0.7254695429284626,0.7272237427410625,97.44413203207526,3.308967963224837,41.3690476981997,0.07718982986314096,13,0.2413793103448276,91.66666666666666,36.0,49.6551724137931,35.172413793103445,18.200000000000195,0.3
12,1,35,0.7229444690754955,0.7270859668765849,97.57140787189107,3.020461750303512,41.63485676954224,0.09476303524611482,12,0.27586206896551724,91.66666666666666,36.0,47.58620689655172,35.172413793103445,19.40000000000026,0.13333333333333333
12,1,35,0.7243827405513747,0.7267550421255105,97.83500805093776,3.012019041586299,41.94917492354334,0.10013846861827333,9,0.06896551724137931,95.83333333333334,36.0,45.51724137931034,35.172413793103445,20.40000000000029,0.0
12,1,35,0.7242856312079485,0.7264967009772197,98.08211282719341,3.119091544888808,42.45761385979618,0.09721533982700115,12,0.20689655172413793,95.83333333333334,36.0,47.58620689655172,35.172413793103445,21.2000000000003,0.0
12,1,35,0.7304240929419251,0.7264957426347439,98.39305426899755,3.1124108199189875,42.94255267483741,0.09730625565689156,9,0.1724137931034483,95.83333333333334,36.0,43.44827586206897,35.172413793103445,21.600000000000307,0.0
12,1,35,0.7227859498158195,0.7260858638031011,99.83164427715153,3.5815307585996945,43.40445941562014,0.08551864046260445,10,0.0,95.83333333333334,36.0,37.241379310344826,35.172413793103445,23.000000000000327,0.0
12,1,35,0.7202562035192258,0.72540155429304,100.92715061888677,3.2313362689018925,43.84549861567948,0.08581191600385894,8,-0.06896551724137931,95.83333333333334,36.0,28.96551724137931,35.172413793103445,23.400000000000333,0.0
12,1,35,0.7288580624052647,0.7246897032754842,102.51745244891464,3.8258250182498523,44.24167155647306,0.07491174643992386,11,0.034482758620689655,95.83333333333334,36.0,37.241379310344826,35.172413793103445,24.00000000000034,0.0
12,1,35,0.7244566160961318,0.7244114307709526,104.26962259572234,4.620506852868605,44.62026472615612,0.06815103531795992,11,0.06896551724137931,95.83333333333334,36.0,41.37931034482759,35.172413793103445,24.400000000000347,0.0
12,1,36,0.7212463421420706,0.7235587925408378,106.54192413199334,5.229159748145218,45.00192047090747,0.08158901280601916,14,0.10344827586206896,100.0,35.0,41.37931034482759,33.10344827586207,24.00000000000034,0.0
12,1,36,0.7174741515549304,0.7225319970435649,108.9020306274671,5.569732295716247,45.34385289811241,0.08194926778724686,16,0.2413793103448276,100.0,35.0,49.6551724137931,33.10344827586207,23.800000000000338,0.03333333333333333
12,1,34,0.7141039013402836,0.721730774348943,110.25090903420575,5.331284521818244,45.74157120344334,0.07401249006562914,14,0.1724137931034483,95.83333333333334,36.0,47.58620689655172,35.172413793103445,22.40000000000032,0.03333333333333333
12,1,36,0.7207060529725285,0.7210917550658568,111.83634299159968,3.8770098039086682,46.11493402134852,0.07188449855880599,15,0.27586206896551724,100.0,35.0,51.724137931034484,35.172413793103445,21.600000000000307,0.03333333333333333
12,1,36,0.7238705085176532,0.72117933760322,113.29446195050474,3.7101661995052435,46.48781886417588,0.06784435228199397,13,0.10344827586206896,100.0,35.0,39.310344827586206,35.172413793103445,21.80000000000031,0.03333333333333333
12,1,35,0.7259167407549093,0.721180578381153,113.50407953916965,3.7123569091549706,46.805089694729055,0.059920459266233295,15,0.10344827586206896,100.0,35.0,39.310344827586206,35.172413793103445,21.2000000000003,0.06666666666666667
12,1,36,0.7221626944990535,0.7212960274378132,112.57393345008668,4.146389598393081,47.11531101793675,0.057027079227740654,16,0.13793103448275862,100.0,35.0,43.44827586206897,35.172413793103445,21.400000000000304,0.06666666666666667
13,1,5,0.6260672483950709,0.6326933541928056,49.16820632189886,30.124192747376046,27.422527823155654,0.16141889304587567,4,0.13793103448275862,75.0,4.0,47.58620689655172,4.137931034482759,3.400000000000001,0.03333333333333333
13,1,2,0.6285127335390878,0.6376079812724236,61.67992721468281,26.33597437837783,28.203456850769854,0.17546731320811085,7,0.2413793103448276,79.16666666666666,8.571428571428571,53.793103448275865,10.344827586206897,4.800000000000002,0.0
13,1,0,0.6238591344732267,0.6337889220055026,74.26226022817451,19.712641910453563,29.00839980443847,0.18240602714095766,4,0.13793103448275862,87.5,10.5,51.724137931034484,14.482758620689655,6.200000000000003,0.03333333333333333
13,1,0,0.6214750826695694,0.630808802299518,84.78016779771569,12.954973775049064,29.946970458553885,0.1848219415736605,10,0.27586206896551724,91.66666666666666,9.333333333333334,51.724137931034484,14.482758620689655,11.199999999999992,0.03333333333333333
13,1,0,0.620273024924166,0.6279626194324593,91.04773708885097,9.40032444751419,30.922333133083395,0.19399495968071437,13,0.2413793103448276,91.66666666666666,8.4,43.44827586206897,14.482758620689655,15.999999999999975,0.03333333333333333
13,1,0,0.6301863978976363,0.6265730771132686,94.98098701447182,7.410638469213642,31.899038886605574,0.1877480894480951,20,0.4482758620689655,91.66666666666666,7.636363636363637,49.6551724137931,14.482758620689655,19.199999999999957,0.03333333333333333
13,1,0,0.6267246053658314,0.6257460640968612,97.89561812842037,5.232765852693117,32.841753505373426,0.17269090513797478,29,0.8620689655172413,91.66666666666666,7.0,66.20689655172414,8.275862068965518,22.399999999999938,0.03333333333333333
13,1,3,0.6262395916358843,0.6248507905422642,100.04713738352133,1.2472169661737034,33.75198150142696,0.16982124355181227,33,0.9310344827586207,91.66666666666666,7.0,66.20689655172414,4.137931034482759,26.199999999999918,0.03333333333333333
13,1,5,0.6255830467279306,0.624607654739889,100.43733206453742,0.0908366311623599,34.42529322983972,0.15570623723473226,33,0.9655172413793104,91.66666666666666,7.0,64.13793103448276,0.0,28.99999999999997,0.03333333333333333
13,1,8,0.6164303882142316,0.6238738318406083,100.44225485050036,0.09263089185166402,35.1752747878448,0.1484520392021747,33,0.7931034482758621,91.66666666666666,7.0,68.27586206896552,0.0,29.000000000000057,0.06666666666666667
13,1,10,0.6216209545182249,0.6240237369986371,100.44313502217308,0.09409130868612312,35.93594484944633,0.14124953751039113,33,0.6206896551724138,91.66666666666666,7.0,64.13793103448276,0.0,29.000000000000146,0.06666666666666667
13,1,12,0.6271576371773692,0.6242158006505019,100.44987988264184,0.09481548744659064,36.67311989434928,0.1344628789213243,33,0.3103448275862069,91.66666666666666,7.0,51.724137931034484,0.0,29.000000000000234,0.06666666666666667
13,1,15,0.6242585014342925,0.6242862359486574,100.45051164087924,0.09104915464863923,37.38135787770413,0.12402801974225472,33,0.034482758620689655,91.66666666666666,5.0,45.51724137931034,0.0,29.000000000000323,0.06666666666666667
13,1,18,0.6212830507175743,0.6243088232383984,100.43923975198899,0.0950858015758171,38.02515674096559,0.11682398670235997,33,0.0,91.66666666666666,2.0,51.724137931034484,0.0,29.000000000000412,0.06666666666666667
13,1,20,0.6247916981596989,0.6245822747022763,100.44009890914612,0.07830121259870931,38.55966517967273,0.1065564209314939,33,0.0,91.66666666666666,0.0,47.58620689655172,0.0,29.000000000000412,0.03333333333333333
13,1,22,0.6275008311256026,0.6250301509118131,100.43599060542078,0.07282108029209418,39.036825536073565,0.10047800005817097,33,0.0,91.66666666666666,0.0,43.44827586206897,0.0,29.000000000000412,0.0
13,1,25,0.6219277312144099,0.6246417474315215,100.44476724372504,0.06726951604772348,39.54888090835861,0.09283270978001065,33,0.0,91.66666666666666,0.0,47.58620689655172,0.0,29.000000000000412,0.0
13,1,27,0.6250411584870365,0.6244606812109155,100.43624375427221,0.07308422366695327,40.02188754961603,0.09116434055287141,33,0.0,91.66666666666666,0.0,51.724137931034484,0.0,29.000000000000412,0.0
13,1,30,0.6208242756698329,0.6240238957870828,100.43760823693464,0.07872151182271309,40.4765885105656,0.08891109218537487,33,0.0,91.66666666666666,0.0,47.58620689655172,0.0,29.000000000000412,0.0
13,1,29,0.625383557179466,0.6241026892649201,99.91780064554372,1.671551108851427,40.909581593680436,0.08244599824797587,29,-0.13793103448275862,91.66666666666666,3.0,47.58620689655172,6.206896551724138,27.000000000000384,0.0
13,1,30,0.6273000778094624,0.6244395327613397,99.82484038486866,1.8712718827230113,41.284985070201266,0.06790297014286187,28,-0.1724137931034483,95.83333333333334,5.0,43.44827586206897,10.344827586206897,25.800000000000367,0.0
13,1,29,0.6285279660446653,0.6249436451647942,99.76508174103009,1.89127656813976,41.60884945834291,0.05923745942931436,29,-0.13793103448275862,91.66666666666666,8.0,43.44827586206897,16.551724137931036,24.200000000000344,0.0
13,1,30,0.6266012493294474,0.6255409249609014,99.89024700869746,2.0320178427355953,41.907023555894206,0.053566536601141086,31,-0.06896551724137931,95.83333333333334,10.0,45.51724137931034,20.689655172413794,22.200000000000315,0.0
13,1,30,0.62225599798933,0.6251099398468618,100.71229625402806,3.0607559360271845,42.18644701555047,0.05270192756231114,32,-0.034482758620689655,100.0,12.0,49.6551724137931,24.82758620689655,20.800000000000296,0.0
13,1,30,0.6240611023954078,0.6248194787797182,101.8017691079952,4.1426176708913935,42.467698113005774,0.05215685952139024,30,-0.06896551724137931,95.83333333333334,15.0,47.58620689655172,28.96551724137931,19.200000000000273,0.0
13,1,29,0.617035589782824,0.623818292976687,104.3823211610596,5.191808927626465,42.74018341546103,0.05163067862230509,31,0.034482758620689655,95.83333333333334,18.0,47.58620689655172,31.03448275862069,19.00000000000027,0.0
13,1,30,,0.622923983125455,105.55223745451033,4.8968127190183734,42.99862272609647,0.060782036677122314,30,0.10344827586206896,100.0,20.0,49.6551724137931,28.96551724137931,17.800000000000253,0.03333333333333333
13,1,30,0.6183414536052617,0.6216814862935083,107.67505677165293,4.914370957186637,43.31423975054663,0.05959876293776181,32,0.034482758620689655,100.0,22.0,47.58620689655172,28.96551724137931,19.00000000000027,0.03333333333333333
13,1,29,0.619263397855545,0.6213757941162668,109.13252678007034,4.112511016099343,43.62010295644713,0.05887025480095223,33,0.034482758620689655,95.83333333333334,25.0,47.58620689655172,31.03448275862069,20.200000000000287,0.03333333333333333
13,1,30,0.6303579087722753,0.6220726354489565,109.67073273464038,3.921203866057705,43.8813063720499,0.04170792421684753,32,0.06896551724137931,100.0,27.0,43.44827586206897,28.96551724137931,19.60000000000028,0.03333333333333333
13,1,29,0.6219149489939999,0.6226729351774899,110.62370069367702,3.797397755306445,44.07795273734029,0.03770587987211053,32,0.034482758620689655,95.83333333333334,30.0,49.6551724137931,31.03448275862069,20.800000000000296,0.03333333333333333
14,1,34,1.0744832956485577,1.0508471582788348,33.350642927522955,15.20623363533222,30.56311840184461,0.3946933761059557,1,0.034482758620689655,50.0,18.0,43.44827586206897,18.620689655172413,1.0,0.0
14,1,34,1.0797259700319892,1.0817159820971953,39.11503979040905,10.378295394099727,32.42281363904562,0.39959912362893235,2,0.06896551724137931,45.83333333333333,20.571428571428573,41.37931034482759,24.82758620689655,1.2,0.03333333333333333
14,1,34,1.074106927018707,1.0783042720143778,45.31992487580381,6.233440171032121,34.485953302396965,0.4001876395751416,2,0.06896551724137931,54.166666666666664,22.5,43.44827586206897,31.03448275862069,0.5999999999999999,0.03333333333333333
14,1,34,1.0810390359691389,1.077680431690338,47.00450962092681,5.735693528675944,36.39737346562631,0.3987603230850881,2,0.034482758620689655,45.83333333333333,24.0,35.172413793103445,35.172413793103445,1.1999999999999997,0.06666666666666667
14,1,34,1.075475480595646,1.0777120920660017,47.07479787909755,6.038079224557819,38.34626005169962,0.3848865019962714,0,-0.06896551724137931,50.0,25.2,39.310344827586206,35.172413793103445,2.6000000000000005,0.1
14,1,34,1.0713463934716076,1.0757093268648208,51.272661533341704,8.536111078389386,40.45592166037539,0.36897707323514584,1,0.0,70.83333333333334,25.09090909090909,47.58620689655172,33.10344827586207,3.200000000000001,0.1
14,1,34,1.0700925100269372,1.0737633199531835,55.83048521412922,10.000897191738318,42.466470091679554,0.34312680104069426,1,0.0,66.66666666666666,26.0,43.44827586206897,33.10344827586207,3.6000000000000014,0.1
14,1,35,1.056098243792302,1.0716771193527432,59.348405538055765,9.67086186788997,44.0456345804943,0.35197478246994995,2,0.034482758620689655,66.66666666666666,29.0,41.37931034482759,33.10344827586207,6.800000000000003,0.1
14,1,34,1.0574699012754216,1.0693918983351152,62.87796170050302,10.769488387554402,45.97949264098542,0.328407382150321,1,0.0,66.66666666666666,32.0,41.37931034482759,33.10344827586207,9.999999999999991,0.1
14,1,34,1.0713005948007757,1.0671417015092033,66.3120191747224,9.840226257091434,47.562075972159526,0.3131458725551799,3,0.06896551724137931,62.5,35.0,41.37931034482759,35.172413793103445,12.999999999999979,0.06666666666666667
14,1,35,1.0684576072332426,1.0662694736938843,68.42209143985875,5.957945543032245,49.00959915165612,0.30753947385691965,2,0.0,54.166666666666664,34.0,31.03448275862069,33.10344827586207,14.799999999999967,0.03333333333333333
14,1,35,1.0616488517195524,1.066036440058665,68.71393005958849,5.134423657551141,50.570031368621414,0.2967485470331931,2,0.034482758620689655,58.333333333333336,34.0,28.96551724137931,33.10344827586207,17.999999999999954,0.03333333333333333
14,1,35,,1.0644888162185342,70.08707734372976,6.2476958688609745,51.973507924158234,0.26989491940216204,2,0.034482758620689655,70.83333333333334,34.0,39.310344827586206,33.10344827586207,17.999999999999947,0.06666666666666667
14,1,34,1.046657604168392,1.0619369142963577,74.94083193352759,11.763445862783337,53.28993374441305,0.27068810716240066,2,0.0,87.5,34.0,45.51724137931034,35.172413793103445,15.799999999999944,0.03333333333333333
14,1,34,1.0435587216640945,1.0594452781457302,81.79402542644372,19.146539981652733,54.69800735458323,0.26744521079224404,3,0.034482758620689655,100.0,34.0,51.724137931034484,35.172413793103445,16.59999999999994,0.03333333333333333
14,1,34,,1.0562835584555517,88.27052984020436,23.389739347079786,55.80176662429463,0.24997048648853887,5,0.10344827586206896,100.0,34.0,57.93103448275862,35.172413793103445,17.59999999999995,0.1
14,1,34,1.0425015175022405,1.0508813300445758,98.65632931041253,22.341606168387337,57.2243571520983,0.24546212836410883,13,0.3793103448275862,95.83333333333334,34.0,78.62068965517241,35.172413793103445,18.40000000000002,0.1
14,1,35,1.0387664849105922,1.0459453780269325,108.4557739906545,16.183434865970717,58.5599313589178,0.23138690255775393,15,0.41379310344827586,95.83333333333334,34.0,76.55172413793103,33.10344827586207,18.800000000000097,0.1
14,1,35,1.0446224609969128,1.0441271050406185,113.89952809830746,10.034137251297993,59.59867995689405,0.22163606023515448,17,0.5172413793103449,95.83333333333334,34.0,72.41379310344827,33.10344827586207,23.000000000000167,0.1
14,1,34,1.0492891103917594,1.0434005833478643,116.41940181075675,6.287555242401839,60.82057633918556,0.21716791082167147,17,0.4827586206896552,91.66666666666666,35.0,68.27586206896552,35.172413793103445,25.400000000000244,0.1
14,1,35,1.0375768541181873,1.0430373707274883,115.69333483228503,6.025049787250518,61.996534727176225,0.21193834434681996,17,0.5517241379310345,95.83333333333334,34.0,62.06896551724138,33.10344827586207,24.800000000000313,0.1
14,1,35,1.050595002733598,1.043974596626174,113.2628348127622,5.778409359771884,62.8793834690399,0.19574139112570849,18,0.4482758620689655,95.83333333333334,34.0,55.86206896551724,33.10344827586207,24.800000000000352,0.03333333333333333
14,1,35,1.0495019695190442,1.0453195455424007,111.07741391881791,5.441759984156085,63.86386513619656,0.18554681486262556,15,0.034482758620689655,95.83333333333334,35.0,39.310344827586206,35.172413793103445,25.600000000000364,0.03333333333333333
14,1,35,,1.046111309920047,109.14614325262691,4.506381855542971,64.69683759448267,0.16324245709695667,14,-0.06896551724137931,91.66666666666666,35.0,33.10344827586207,35.172413793103445,25.40000000000036,0.06666666666666667
14,1,34,1.0475692818714988,1.0469538480988467,107.13090655055036,4.2856390230267465,65.4045639593843,0.14511855086767866,16,0.0,95.83333333333334,35.0,33.10344827586207,35.172413793103445,24.800000000000352,0.03333333333333333
14,1,35,,1.0468385844940287,106.54821244640002,3.6683307389301363,66.03037737471178,0.1152643933652976,15,-0.06896551724137931,100.0,34.0,31.03448275862069,33.10344827586207,24.200000000000344,0.06666666666666667
14,1,35,1.0399762198606977,1.0467972617378243,106.38360975568506,3.512565745441186,66.64573818486257,0.10773696856298359,14,-0.13793103448275862,100.0,34.0,26.896551724137932,33.10344827586207,24.200000000000344,0.06666666666666667
14,1,35,1.0421540028279799,1.0459309736135352,107.32694706927259,4.164889038831021,67.21273105859179,0.10345661826181395,13,-0.06896551724137931,100.0,34.0,26.896551724137932,33.10344827586207,24.200000000000344,0.06666666666666667
14,1,35,1.0489270370233397,1.0457542460913332,107.74012924814566,4.239658874874186,67.73065983618707,0.10278393048383756,12,-0.13793103448275862,100.0,34.0,28.96551724137931,33.10344827586207,23.20000000000033,0.1
14,1,35,1.04767391522463,1.0457759034776963,107.83731228342637,4.172056162884771,68.27239138422239,0.10943603887543502,13,0.034482758620689655,95.83333333333334,35.0,33.10344827586207,33.10344827586207,23.400000000000333,0.06666666666666667
14,1,35,1.0495254875091493,1.0444061022353224,108.98645628150587,3.304356808693178,68.77596824894837,0.1088331327168802,10,-0.1724137931034483,95.83333333333334,35.0,24.82758620689655,35.172413793103445,24.400000000000347,0.1
15,1,8,0.7025166788835963,0.6983147830867102,29.84718470434129,17.10984580545346,27.63708184627745,0.17525992172068183,1,0.034482758620689655,50.0,2.0,24.82758620689655,2.0689655172413794,0.0,0.1
15,1,8,0.6974048850638153,0.7072632737816649,38.15796506083539,17.065439607421613,28.606671273931177,0.17148628167226257,2,0.06896551724137931,54.166666666666664,3.4285714285714284,28.96551724137931,4.137931034482759,0.0,0.1
15,1,9,0.6978186224237231,0.7039452190636537,47.949787012362584,18.345375469716988,29.447775951386355,0.17068048559081964,2,0.06896551724137931,70.83333333333334,3.0,31.03448275862069,4.137931034482759,1.2,0.06666666666666667
15,1,8,0.6858077913619031,0.6995705266722768,60.023216581360906,18.473961569967262,30.3380652564044,0.15963327335992003,4,0.10344827586206896,83.33333333333334,4.0,37.241379310344826,6.206896551724138,6.200000000000003,0.06666666666666667
15,1,8,0.6837389124514915,0.6960861926922318,69.89284737690032,20.498999678269623,31.022670619149096,0.1669263249917286,5,0.13793103448275862,87.5,4.8,43.44827586206897,8.275862068965518,10.999999999999993,0.0
15,1,9,,0.6927461150607839,79.0012745709134,20.896172242677043,31.79617487597222,0.17158349185515956,10,0.27586206896551724,91.66666666666666,4.363636363636363,45.51724137931034,8.275862068965518,15.599999999999977,0.03333333333333333
15,1,9,0.6875213701459154,0.6901194132816774,87.18637093876649,18.95440940018933,32.62882521330009,0.17535238452617327,18,0.5862068965517241,91.66666666666666,5.0,60.0,8.275862068965518,19.99999999999996,0.06666666666666667
15,1,9,0.6870402331998231,0.6872732142182212,95.64041312768894,12.57288106789928,33.56807104591237,0.17671236440235155,22,0.6896551724137931,87.5,6.0,64.13793103448276,8.275862068965518,24.999999999999943,0.06666666666666667
15,1,9,0.6830614360388415,0.6856597283376143,101.21516001084245,7.234497779481435,34.43811845937301,0.18192139896462542,28,0.896551724137931,95.83333333333334,6.0,72.41379310344827,8.275862068965518,26.99999999999993,0.1
15,1,9,0.6880746752491788,0.6849444357316157,103.81192998740404,2.5011702728377396,35.42221135168586,0.1771819270348565,30,0.9310344827586207,95.83333333333334,7.0,68.27586206896552,8.275862068965518,26.599999999999937,0.1
15,1,9,0.6930580314160303,0.6850083663497913,103.50875985455548,2.906367740566655,36.36053071323409,0.15921542686137527,33,0.9310344827586207,95.83333333333334,8.0,66.20689655172414,8.275862068965518,26.800000000000015,0.1
15,1,9,0.685781729364721,0.6850907689179765,101.93795514747235,3.7367009569313265,37.14636068387815,0.15479415757997483,33,0.7931034482758621,91.66666666666666,9.0,70.34482758620689,10.344827586206897,26.400000000000098,0.06666666666666667
15,1,9,0.6894082008642561,0.685363435924072,100.04437354928046,4.78702999972314,37.8539638969917,0.1431421335739061,33,0.4827586206896552,91.66666666666666,8.0,60.0,8.275862068965518,27.000000000000185,0.03333333333333333
15,1,9,0.6858438601583751,0.6859640605310567,98.1120905865679,5.269698487844441,38.57106851301058,0.1321958198067853,33,0.3448275862068966,95.83333333333334,8.0,62.06896551724138,8.275862068965518,27.600000000000268,0.03333333333333333
15,1,9,0.6878465759417765,0.6863081040024976,96.28610222939707,4.299087759155599,39.143732436697654,0.13007150732252823,32,0.13793103448275862,91.66666666666666,9.0,68.27586206896552,10.344827586206897,27.20000000000035,0.0
15,1,10,0.6909071818616708,0.6868787890402108,94.72939527320412,3.497403313631931,39.73463651809949,0.11092654027313999,33,0.10344827586206896,91.66666666666666,8.0,80.6896551724138,8.275862068965518,27.600000000000392,0.0
15,1,9,0.6852859405325663,0.6867861723912305,93.92957925708092,2.628941692069887,40.28583999884947,0.10256793688817774,33,0.0,95.83333333333334,8.0,80.6896551724138,8.275862068965518,27.600000000000392,0.0
15,1,9,0.6906435877372616,0.6876646860773848,93.50450758778945,1.8930330149877626,40.786777538380974,0.08949132868076479,33,0.0,95.83333333333334,9.0,72.41379310344827,8.275862068965518,27.000000000000384,0.0
15,1,9,0.6855452640450466,0.687808029041997,93.33147732011199,2.293464601498704,41.201304890440795,0.0895125017063986,32,-0.034482758620689655,95.83333333333334,9.0,78.62068965517241,10.344827586206897,26.600000000000378,0.03333333333333333
15,1,9,0.6839944801812893,0.6879282440729523,92.6440350128361,2.912504469245729,41.63847944233787,0.08640631339950842,32,-0.034482758620689655,91.66666666666666,9.0,72.41379310344827,10.344827586206897,26.80000000000038,0.03333333333333333
15,1,9,0.6910881882781038,0.6881831600503713,91.88677269117743,3.142477745929241,42.030785919199836,0.07131675332276041,33,0.0,95.83333333333334,9.0,72.41379310344827,8.275862068965518,27.000000000000384,0.03333333333333333
15,1,9,0.6946568453281148,0.6890270933971194,89.9586265772993,5.087249275571559,42.39322413248315,0.06476974555138487,33,0.0,91.66666666666666,9.0,70.34482758620689,10.344827586206897,27.000000000000384,0.03333333333333333
15,1,9,0.6928927354053491,0.6904100640139457,87.79540311017966,5.392620399856949,42.70564188916983,0.05646447726666929,30,-0.10344827586206896,95.83333333333334,9.0,70.34482758620689,10.344827586206897,26.600000000000378,0.03333333333333333
15,1,8,0.689636617341329,0.6907537338952243,87.34625193151804,4.921571554015518,42.97658827763599,0.04584204443924807,32,-0.034482758620689655,95.83333333333334,9.0,72.41379310344827,10.344827586206897,27.600000000000392,0.03333333333333333
15,1,9,0.6902865480284395,0.691071728975078,86.81307593256409,4.418604711852512,43.18775705323837,0.05012981664617557,33,0.0,95.83333333333334,9.0,64.13793103448276,8.275862068965518,28.000000000000398,0.0
15,1,9,0.6880185323997804,0.6913561020357991,87.23170882357428,5.084705823290743,43.38665388338862,0.03874257189413642,32,0.0,100.0,9.0,60.0,8.275862068965518,27.40000000000039,0.03333333333333333
15,1,8,0.6883157995572824,0.6913233280962012,88.18173369165662,5.920499094998714,43.603042309496935,0.042223920082251024,33,0.0,100.0,9.0,47.58620689655172,8.275862068965518,27.40000000000039,0.03333333333333333
15,1,8,0.6848762686053163,0.6905242647447841,90.684964913571,5.539562997156151,43.78841999301847,0.03759472371063506,33,0.0,95.83333333333334,10.0,49.6551724137931,10.344827586206897,27.40000000000039,0.03333333333333333
15,1,9,0.6916456241016516,0.6898662168166061,92.83117940958392,3.634581970395622,43.98320993643213,0.03912352677244625,33,0.034482758620689655,95.83333333333334,9.0,53.793103448275865,8.275862068965518,28.2000000000004,0.03333333333333333
15,1,9,,0.6892183924088137,92.95571669273849,3.6133270480829545,44.15580101010437,0.028762246989501004,33,0.0,95.83333333333334,9.0,57.93103448275862,8.275862068965518,27.40000000000039,0.06666666666666667
15,1,8,0.6925014555103912,0.6896724234542022,93.39680421039607,3.2664027873373565,44.33508975400265,0.03402385825682257,32,-0.034482758620689655,95.83333333333334,9.0,64.13793103448276,10.344827586206897,26.800000000000068,0.06666666666666667
16,1,38,0.89018950003042,0.881722199347943,55.805845538823014,29.2305961679808,30.408096221038384,0.3724325159356531,4,0.13793103448275862,70.83333333333334,16.0,55.86206896551724,16.551724137931036,0.0,0.03333333333333333
16,1,37,0.889221109663706,0.9004965881625876,69.42295045098585,21.816887484579688,32.38998545135318,0.38116465408711386,3,0.06896551724137931,75.0,20.571428571428573,53.793103448275865,24.82758620689655,0.4,0.03333333333333333
16,1,38,0.8866334568014116,0.8948849730009056,80.7659151324878,12.738374190228685,34.385505146239765,0.36784250224252346,4,0.10344827586206896,75.0,22.5,53.793103448275865,31.03448275862069,3.800000000000001,0.03333333333333333
16,1,38,0.8825078950046392,0.8908156745412283,87.89512824503998,10.372632255716276,36.063395969292436,0.36501310886488075,4,0.10344827586206896,83.33333333333334,24.0,49.6551724137931,37.241379310344826,7.400000000000004,0.0
16,1,38,0.8803388859174247,0.8872280805628889,93.78074917916265,10.168955077249896,37.905876752856315,0.3704544678250586,4,0.0,87.5,25.2,47.58620689655172,39.310344827586206,10.599999999999994,0.0
16,1,38,0.8776177879099464,0.8848719621166737,99.01274831790732,9.940935896876956,39.725964700267156,0.36773602946698813,5,0.10344827586206896,95.83333333333334,26.181818181818183,55.86206896551724,37.241379310344826,14.199999999999982,0.0
16,1,39,0.8771108391498011,0.8830058679123901,103.81282670792083,9.87902113368753,41.535854145030164,0.36259628435465174,7,0.10344827586206896,95.83333333333334,27.0,51.724137931034484,37.241379310344826,18.199999999999967,0.0
16,1,38,0.8811117999046546,0.8810142693276092,107.27193224293976,7.3212030295050345,43.19730478715269,0.35745424196639225,4,-0.06896551724137931,91.66666666666666,31.0,43.44827586206897,39.310344827586206,21.79999999999995,0.03333333333333333
16,1,38,0.8839114762189854,0.880035193611351,109.44948955940293,4.843158417179931,44.999750296037796,0.3427231562316172,5,0.034482758620689655,91.66666666666666,34.0,47.58620689655172,39.310344827586206,21.999999999999936,0.03333333333333333
16,1,38,0.8851403225363342,0.8795530351474988,109.72802466681186,4.479164384340616,46.78206146736762,0.33451424558742715,5,0.10344827586206896,95.83333333333334,37.0,45.51724137931034,37.241379310344826,22.19999999999992,0.03333333333333333
16,1,38,0.8804871527808987,0.8800387399608219,109.00406738705604,5.075371546838732,48.46180215893407,0.3123692479331998,7,0.10344827586206896,91.66666666666666,38.0,43.44827586206897,37.241379310344826,22.99999999999996,0.03333333333333333
16,1,38,0.8866289105594256,0.8807793124079994,107.35476307257724,5.52895260258556,50.01009887197258,0.29229147611044665,8,0.06896551724137931,91.66666666666666,38.0,39.310344827586206,37.241379310344826,22.80000000000002,0.03333333333333333
16,1,39,0.8853531727287156,0.881518623979756,104.2165526143268,5.113789892140868,51.454935916807365,0.2625115378663606,11,0.20689655172413793,91.66666666666666,38.0,45.51724137931034,37.241379310344826,23.000000000000092,0.03333333333333333
16,1,39,,0.8823291660307468,103.11494223833962,4.4788391789937565,52.5018645250527,0.2430990680472017,10,0.1724137931034483,91.66666666666666,37.0,45.51724137931034,37.241379310344826,23.200000000000173,0.03333333333333333
16,1,38,0.885458853334884,0.8825622074308296,102.2518008293049,3.668219234279179,53.76436815630631,0.2260788192328036,12,0.1724137931034483,87.5,38.0,47.58620689655172,39.310344827586206,23.400000000000247,0.03333333333333333
16,1,38,0.8777644892511957,0.8827285365613663,101.38393291606512,3.43986279049312,54.91474392476794,0.21809076409750605,12,0.2413793103448276,95.83333333333334,38.0,53.793103448275865,37.241379310344826,23.200000000000315,0.03333333333333333
16,1,39,0.8871836711312616,0.8827930202085323,100.29795059253011,3.6044687435184035,56.01831455772252,0.21590084026820427,13,0.27586206896551724,95.83333333333334,38.0,51.724137931034484,37.241379310344826,22.800000000000324,0.03333333333333333
16,1,38,,0.8831171836424602,98.87587849014106,4.388483471293269,56.97917004374138,0.19373005812053562,14,0.1724137931034483,91.66666666666666,38.0,49.6551724137931,37.241379310344826,23.000000000000327,0.06666666666666667
16,1,38,0.881305875510889,0.8830343474979372,98.74654793556734,4.304066787963224,58.00955821321666,0.18525030990690416,13,0.13793103448275862,91.66666666666666,39.0,47.58620689655172,39.310344827586206,23.400000000000333,0.06666666666666667
16,1,38,0.8848480552394222,0.8834305771536973,97.30125505923677,4.779391821301553,58.84094967626646,0.1657026583260999,15,0.20689655172413793,91.66666666666666,38.0,49.6551724137931,39.310344827586206,23.20000000000033,0.03333333333333333
16,1,38,0.884525876891033,0.8843651946653073,95.18859418227751,4.929621996205713,59.67313217846386,0.16190595000220165,15,0.10344827586206896,95.83333333333334,38.0,49.6551724137931,39.310344827586206,23.400000000000333,0.03333333333333333
16,1,38,0.8910707209730084,0.8856080970086818,94.56475055690845,4.505660991463884,60.43861488919592,0.13764491502042595,18,0.20689655172413793,95.83333333333334,38.0,51.724137931034484,39.310344827586206,23.400000000000333,0.03333333333333333
16,1,39,0.8867951852025181,0.8866214140878745,94.16151693534063,4.166205059678658,61.12138098931047,0.12851765928457043,23,0.27586206896551724,91.66666666666666,38.0,53.793103448275865,37.241379310344826,23.800000000000338,0.03333333333333333
16,1,39,0.8801416056163737,0.8864949083532555,94.21943613283202,4.024125659782452,61.64051528027685,0.11294716021550426,21,0.27586206896551724,95.83333333333334,38.0,53.793103448275865,37.241379310344826,24.200000000000344,0.03333333333333333
16,1,38,0.8817913338296881,0.8867193571117746,93.75009629562447,3.9237276710206745,62.257861292752914,0.11815315445961555,22,0.27586206896551724,91.66666666666666,39.0,57.93103448275862,39.310344827586206,23.400000000000333,0.03333333333333333
16,1,38,0.8797133712030534,0.8867718795091423,94.16398021718739,3.98748639779132,62.893102940229106,0.11882383474233722,26,0.3793103448275862,95.83333333333334,39.0,62.06896551724138,39.310344827586206,23.20000000000033,0.03333333333333333
16,1,38,0.8824013884545318,0.8857318309085008,96.75345875195492,5.230502045673765,63.467555832303844,0.11192339490283132,28,0.4482758620689655,95.83333333333334,38.0,64.13793103448276,39.310344827586206,23.000000000000327,0.03333333333333333
16,1,39,0.8810533876343466,0.8845877703514672,98.6356202298668,6.640666110633193,64.00856061569459,0.10595902809255742,29,0.41379310344827586,95.83333333333334,38.0,57.93103448275862,37.241379310344826,22.800000000000324,0.03333333333333333
16,1,38,0.8792363577885353,0.8836555902219014,100.6821588094648,7.32232849300838,64.51541119612708,0.10751137822657376,29,0.3103448275862069,91.66666666666666,39.0,55.86206896551724,39.310344827586206,22.800000000000324,0.06666666666666667
16,1,39,0.8798244825382527,0.8830491144329263,104.08716455063,8.069380713425756,64.99063871155548,0.09490593907540987,32,0.3448275862068966,95.83333333333334,38.0,62.06896551724138,37.241379310344826,22.800000000000324,0.03333333333333333
16,1,38,0.872031182407163,0.8815642024590931,108.69401801352713,9.3137909289281,65.47177159363137,0.09496074064000923,31,0.20689655172413793,95.83333333333334,38.0,62.06896551724138,39.310344827586206,22.200000000000315,0.06666666666666667
17,0,11,1.007387399729393,0.9727947814955596,60.43633482592098,37.50073663054298,30.308647952081383,0.360932626434828,1,0.034482758620689655,8.333333333333332,10.0,14.482758620689655,10.344827586206897,0.6000000000000001,0.0
17,0,11,1.0294766161581193,1.001122679948399,62.615686824678626,34.452858446323276,32.10575850817092,0.3526905063710203,1,0.034482758620689655,4.166666666666666,10.285714285714286,12.413793103448276,12.413793103448276,0.6000000000000001,0.0
17,0,12,1.0314149460949567,1.0027343073615214,58.99662517639036,38.90613142808913,33.788912978183035,0.3260098763867738,0,0.0,0.0,10.5,6.206896551724138,14.482758620689655,0.6000000000000001,0.0
17,0,12,1.006722188726444,1.0067110000044792,51.70939492461245,37.35349675678029,35.28962687010075,0.2767296203864381,0,0.0,12.5,9.333333333333334,8.275862068965518,14.482758620689655,0.4000000000000001,0.0
17,0,12,0.9962248106338821,1.0089428844893809,47.11878779000818,32.50714212145242,36.65306361667053,0.2645674976683513,1,0.034482758620689655,16.666666666666664,8.4,10.344827586206897,12.413793103448276,0.0,0.0
17,0,12,1.0058137695749518,1.0110689628232383,43.35126606974757,27.52316496778507,37.962254175330244,0.26084823967238707,1,0.034482758620689655,16.666666666666664,7.636363636363637,8.275862068965518,8.275862068965518,0.19999999999999996,0.0
17,0,10,1.0120675132109251,1.0123976685453937,42.57980240058038,27.55076204282735,39.084362490604406,0.22795064099754409,1,0.0,8.333333333333332,10.0,10.344827586206897,10.344827586206897,0.19999999999999996,0.03333333333333333
17,0,10,1.0188291182853295,1.0101438811460857,44.9940041757521,25.86595321758914,40.256671037022095,0.22899287450512124,0,-0.034482758620689655,8.333333333333332,11.0,12.413793103448276,10.344827586206897,0.19999999999999996,0.03333333333333333
17,0,12,1.0005260717014999,1.006139357710621,53.33502587835409,17.118454912858716,41.44648829962005,0.22695167005841102,1,0.0,12.5,11.0,10.344827586206897,8.275862068965518,0.19999999999999996,0.03333333333333333
17,0,11,0.9917920516177943,1.0032497109657026,57.7816909996824,15.778244489353472,42.64945266188849,0.23644607276089025,1,0.034482758620689655,16.666666666666664,12.0,10.344827586206897,10.344827586206897,0.19999999999999996,0.03333333333333333
17,0,11,0.9978591809119389,1.003611192547023,56.68984312328547,15.481088472862902,43.787846839832795,0.20441169699478295,1,0.034482758620689655,16.666666666666664,12.0,12.413793103448276,12.413793103448276,0.0,0.03333333333333333
17,0,13,0.9889525160055325,1.003664964279301,57.13120531486646,17.55396948653826,44.77530740182739,0.18134463054887745,1,0.034482758620689655,20.833333333333336,12.0,14.482758620689655,12.413793103448276,0.0,0.03333333333333333
17,0,12,1.0033650202075892,1.002781382117866,57.84982542048432,17.002143704448578,45.62689179325236,0.20473682782729058,0,0.0,12.5,11.0,14.482758620689655,10.344827586206897,0.0,0.0
17,0,14,1.013365056598973,1.002652832363533,59.98218647356456,14.209810936788063,46.596189891747755,0.18827592775960364,0,0.0,8.333333333333332,11.0,12.413793103448276,12.413793103448276,0.0,0.0
17,0,13,1.0290276592129328,1.0053662386317355,54.82412742354024,21.31966573937261,47.436679874297106,0.15563289368047606,0,0.0,0.0,12.0,8.275862068965518,14.482758620689655,0.0,0.0
17,0,15,1.0199736547800697,1.010498613241741,45.24127062414586,26.60916157872239,48.14241151171902,0.13002598917879712,0,-0.034482758620689655,4.166666666666666,12.0,8.275862068965518,14.482758620689655,0.0,0.0
17,0,17,1.0087431002906395,1.0136789445088712,39.584958294725126,25.64848443814437,48.7332335748808,0.11063413286027447,0,-0.034482758620689655,8.333333333333332,12.0,8.275862068965518,10.344827586206897,0.0,0.0
17,0,20,0.9956029109573828,1.0127362130113222,40.53722087900402,26.168150187644578,49.28779094454664,0.11461776897171573,1,0.0,16.666666666666664,12.0,8.275862068965518,8.275862068965518,0.0,0.0
17,0,21,0.9965139665220253,1.0116383781598983,42.90343140539321,28.49202505064242,49.86747197435772,0.11048657162229138,0,-0.034482758620689655,12.5,10.0,8.275862068965518,8.275862068965518,0.0,0.0
17,0,21,0.9996548042703678,1.009963514437555,46.08961924545249,29.600350983281782,50.39067865732946,0.1064194397134917,1,0.0,16.666666666666664,10.0,12.413793103448276,8.275862068965518,0.0,0.0
17,0,19,0.9951245212159963,1.0069278453008355,52.483857383590696,27.085586549985905,50.88556588118023,0.10122689472965324,0,0.0,16.666666666666664,12.0,16.551724137931036,8.275862068965518,0.0,0.0
17,0,19,0.9808923796448088,1.0010139401162543,64.1513499943662,19.99008331013003,51.45372811793933,0.12846571435369175,0,0.0,25.0,11.0,18.620689655172413,8.275862068965518,0.0,0.0
17,0,21,0.971473043726891,0.9943385775139523,77.63881859816323,19.681092784166356,52.1244530045713,0.13429304988915314,1,0.034482758620689655,33.33333333333333,11.0,20.689655172413794,10.344827586206897,0.0,0.0
17,0,20,0.9987352471098729,0.9927038013089396,80.31762441536608,21.37417535750438,52.81408394933282,0.13886142785754052,0,0.0,20.833333333333336,13.0,18.620689655172413,16.551724137931036,0.0,0.0
17,0,21,0.9870651735888734,0.9923480141386594,83.50420738348754,21.756421452027887,53.45403974427722,0.1160197575128489,1,0.034482758620689655,29.166666666666668,12.0,24.82758620689655,16.551724137931036,0.0,0.0
17,0,19,0.9743796717841766,0.9891242884302208,89.67999181177639,21.25982700210246,54.01073299289131,0.12509472477805897,1,0.0,29.166666666666668,14.0,26.896551724137932,20.689655172413794,0.0,0.0
17,0,18,0.9674122439347362,0.9842500556100737,99.3992111513539,17.74734294175577,54.70255184423818,0.14310267758102718,0,0.0,29.166666666666668,13.0,24.82758620689655,18.620689655172413,0.19999999999999996,0.0
17,0,17,0.9758027711497067,0.9808668866766909,107.23872941972996,17.05443559939166,55.43580551117052,0.13970917198358548,2,0.06896551724137931,29.166666666666668,15.0,24.82758620689655,22.75862068965517,0.5999999999999999,0.0
17,0,15,0.9821323349144991,0.9807572229726941,106.76948844819124,16.878545738263277,56.09501310744134,0.12212149304622635,1,0.034482758620689655,25.0,17.0,20.689655172413794,22.75862068965517,0.5999999999999999,0.0
17,0,13,1.0043613911730223,0.9834746672958322,101.8825856127107,23.431202842757784,56.66651865705945,0.10564083458797288,1,0.034482758620689655,12.5,20.0,20.689655172413794,24.82758620689655,0.5999999999999999,0.0
17,0,12,1.021861658681307,0.987964579269548,91.10540947719076,36.48625533519901,57.14376300691779,0.09123086016230776,0,-0.06896551724137931,4.166666666666666,21.0,14.482758620689655,24.82758620689655,0.5999999999999999,0.0
18,1,18,0.8605354081008653,0.8434534718160703,25.630308543421602,16.830217553843394,32.15758842189165,0.49219302236298657,1,0.034482758620689655,45.83333333333333,6.0,28.96551724137931,6.206896551724138,1.4,0.0
18,1,19,0.8617679516683131,0.8658175116303028,33.461799421241764,15.055930349010582,34.64911227376675,0.48682077463002327,1,0.034482758620689655,50.0,6.857142857142857,28.96551724137931,8.275862068965518,1.5999999999999999,0.0
18,1,18,0.8621245602838871,0.8639234131923808,40.273125977980094,11.867825160696594,36.99869412898654,0.45948629045911926,0,0.0,54.166666666666664,9.0,31.03448275862069,12.413793103448276,3.600000000000001,0.0
18,1,18,0.863425554595128,0.862818093212433,45.29255037280942,6.786173819772317,39.25137494403665,0.42671072185948394,2,0.034482758620689655,54.166666666666664,9.333333333333334,28.96551724137931,14.482758620689655,6.000000000000003,0.0
18,1,18,0.8711870021617178,0.8630744141286689,47.599865624163236,4.000878812219974,41.31463717070641,0.391246520396419,0,-0.034482758620689655,50.0,10.8,24.82758620689655,18.620689655172413,9.399999999999997,0.0
18,1,19,0.8578821213938133,0.8633224574371494,48.04186391773893,3.307461418571224,43.211526938732156,0.36302584111072705,2,0.034482758620689655,54.166666666666664,10.909090909090908,20.689655172413794,16.551724137931036,12.799999999999983,0.0
18,1,18,0.86747047849157,0.8634444311570975,48.66348171716543,3.450104468166608,44.991853435478056,0.34165887646215115,0,-0.034482758620689655,50.0,12.0,20.689655172413794,18.620689655172413,15.99999999999997,0.0
18,1,19,0.8625332486241671,0.8636997480635991,47.77109157215391,3.8978075604885953,46.6274657918168,0.3193439849654915,2,0.034482758620689655,58.333333333333336,13.0,22.75862068965517,16.551724137931036,19.599999999999955,0.0
18,1,18,0.8434873672995516,0.8624768745923284,48.502198031896036,5.640612242478069,48.196411977519126,0.3042128711539066,3,0.034482758620689655,70.83333333333334,15.0,24.82758620689655,18.620689655172413,21.59999999999994,0.0
18,1,19,0.8545105898141503,0.8610959581626837,51.6433874275634,9.320631704187207,49.764645914997914,0.3133857570237389,3,0.034482758620689655,66.66666666666666,16.0,22.75862068965517,18.620689655172413,22.599999999999923,0.0
18,1,18,0.854838052239435,0.8595969170066505,54.383310821781706,9.999922988239463,51.25598856411054,0.2950436782726193,1,-0.034482758620689655,66.66666666666666,18.0,26.896551724137932,18.620689655172413,22.19999999999993,0.0
18,1,19,0.8578491419574016,0.8583386098136182,57.234728328962504,9.35450039709739,52.8246206876795,0.32809044126363635,2,0.0,62.5,18.0,20.689655172413794,18.620689655172413,21.399999999999995,0.0
18,1,18,0.8505543563933816,0.8564482776304769,60.964998113095774,9.871971492426729,54.52047777773334,0.36238874150756917,2,0.0,66.66666666666666,18.0,26.896551724137932,18.620689655172413,21.80000000000006,0.0
18,1,16,0.8562660260481384,0.8541570946905147,66.24791761268862,7.645978104252048,56.39080341348595,0.392021611356785,1,-0.034482758620689655,70.83333333333334,19.0,26.896551724137932,18.620689655172413,21.800000000000136,0.0
18,1,15,0.8507265369832235,0.8542885990502866,69.34403242421223,5.66838144857462,58.381089048358554,0.39613238827308117,2,-0.034482758620689655,83.33333333333334,18.0,24.82758620689655,18.620689655172413,22.00000000000021,0.0
18,1,14,0.8334031749170966,0.8517173730220244,74.68312946931862,13.161321597487941,60.36024820407006,0.410436984491178,4,0.06896551724137931,100.0,18.0,35.172413793103445,16.551724137931036,23.20000000000029,0.0
18,1,12,0.8319065440863195,0.8474272995054911,82.07856034066917,17.051826384825947,62.42765294208342,0.42111086503280004,3,0.034482758620689655,100.0,18.0,35.172413793103445,18.620689655172413,24.60000000000035,0.0
18,1,10,0.8378046666584851,0.8430764982224478,89.80867326995853,16.931893167853023,64.42807889938074,0.3879181295332791,3,0.034482758620689655,95.83333333333334,19.0,35.172413793103445,18.620689655172413,25.200000000000358,0.0
18,1,9,0.8360358019043369,0.8403155027810867,94.96284382609413,15.286268343453747,66.27973147807931,0.35561126282178473,4,0.06896551724137931,100.0,18.0,35.172413793103445,18.620689655172413,26.400000000000375,0.0
18,1,7,0.8371434684300211,0.8379036306584948,98.45789267762581,12.61856221739635,67.98575808417513,0.3261879025892396,4,0.06896551724137931,95.83333333333334,19.0,35.172413793103445,18.620689655172413,27.40000000000039,0.0
18,0,6,0.8339833980456205,0.8346618793275316,102.91418387190049,5.8629757740262285,69.48316898857753,0.3177699643559327,4,0.034482758620689655,100.0,18.0,24.82758620689655,18.620689655172413,27.000000000000384,0.03333333333333333
18,0,4,0.8369373693014852,0.8345856417198666,102.54320312458181,5.395567265050632,71.10804064082846,0.3138449853161944,3,-0.034482758620689655,95.83333333333334,19.0,16.551724137931036,18.620689655172413,26.80000000000038,0.03333333333333333
18,0,3,0.8346469245081699,0.8357832658870237,101.10932022901899,4.661195745700146,72.73177935984003,0.3122946480123888,6,0.034482758620689655,100.0,18.0,20.689655172413794,18.620689655172413,26.400000000000375,0.03333333333333333
18,0,1,0.8450318945648085,0.8369236705358915,98.80964220666073,3.400690114905223,74.34487707600339,0.31035363445224695,8,0.13793103448275862,95.83333333333334,19.0,26.896551724137932,18.620689655172413,26.400000000000375,0.03333333333333333
18,0,0,0.838004708238972,0.8377895731980591,97.59921002477479,2.7538277852432187,75.91619523222668,0.3043570808155386,6,0.06896551724137931,100.0,18.0,20.689655172413794,16.551724137931036,25.800000000000367,0.03333333333333333
18,0,0,0.0008501177652078159,0.6937634444746743,97.52637454962874,2.5625181317461116,77.0403726924571,0.1330584925881511,6,0.06896551724137931,100.0,16.0,26.896551724137932,14.482758620689655,21.400000000000304,0.03333333333333333
18,0,0,0.002892798048735203,0.5595499513148076,96.99559529374419,2.248661772450419,77.19749002473979,-0.01338291823948476,6,0.10344827586206896,100.0,15.0,31.03448275862069,10.344827586206897,16.80000000000024,0.0
18,0,0,0.0005519995272375381,0.4200434140300755,96.7653103192569,2.0467013660448368,76.72025780484236,-0.1738995486392093,6,0.06896551724137931,100.0,14.0,26.896551724137932,8.275862068965518,12.600000000000179,0.0
18,0,0,,0.2903831523978942,96.19519290475858,1.295653615073133,75.75096261143571,-0.30385565023936445,6,0.0,100.0,12.0,26.896551724137932,6.206896551724138,8.000000000000114,0.03333333333333333
18,0,0,0.0031838115297018518,0.14603367304718687,96.37581452355724,0.4556632174631032,73.80562731768595,-0.4482879819417766,6,-0.034482758620689655,100.0,10.0,26.896551724137932,2.0689655172413794,3.800000000000054,0.03333333333333333
18,0,0,0.0,0.001508176818890296,96.49864162301864,0.08541645252719089,71.22052851474464,-0.5560491130122689,6,0.0,100.0,9.0,33.10344827586207,0.0,0.0,0.03333333333333333
19,1,12,0.6736545079113982,0.6725048878789444,37.04315345713433,25.348753934191237,29.32827394824842,0.3001529135630808,8,0.2413793103448276,79.16666666666666,2.0,47.58620689655172,2.0689655172413794,4.600000000000001,0.0
19,1,12,0.6677251060987709,0.6810465760734138,50.30477165151581,28.433569861903255,30.871930985240244,0.3073458367025723,9,0.3103448275862069,95.83333333333334,3.4285714285714284,57.93103448275862,4.137931034482759,8.600000000000001,0.0
19,1,12,,0.6770520436043812,62.779382297228395,27.723234303622032,32.30445299034093,0.3062029447359448,13,0.4482758620689655,100.0,4.5,66.20689655172414,6.206896551724138,13.199999999999985,0.03333333333333333
19,1,12,,0.6747269020331976,71.71150268027276,21.143862236893856,33.073232971518124,0.2515882006198825,18,0.5862068965517241,100.0,5.333333333333333,72.41379310344827,8.275862068965518,15.59999999999997,0.2
19,1,12,,0.671895531439311,79.62925571363103,15.731070953270562,33.83265454870886,0.20160375207058737,21,0.5172413793103449,100.0,6.0,62.06896551724138,10.344827586206897,19.199999999999953,0.36666666666666664
19,1,12,,0.6693535845154275,87.29896974694819,9.177228295606838,34.64614182018446,0.15354464725073141,25,0.7241379310344828,100.0,6.545454545454546,66.20689655172414,12.413793103448276,23.799999999999937,0.5333333333333333
19,1,12,,0.6665825530055749,92.7816466289928,5.7847968517850035,35.48391207113481,0.09744091556369262,29,0.7586206896551724,100.0,7.0,64.13793103448276,12.413793103448276,26.399999999999917,0.7
19,1,12,,0.6653700885084258,96.987654121883,1.1904710808361827,36.37750261834671,0.034807502243503576,29,0.6551724137931034,100.0,8.0,51.724137931034484,12.413793103448276,26.599999999999977,0.8666666666666667
19,1,12,,,,,,,32,0.6551724137931034,100.0,9.0,51.724137931034484,12.413793103448276,26.60000000000006,1.0
19,1,12,,,,,,,33,0.4827586206896552,100.0,10.0,41.37931034482759,12.413793103448276,26.80000000000014,1.0
19,1,12,,,,,,,33,0.3793103448275862,100.0,11.0,41.37931034482759,12.413793103448276,26.80000000000022,1.0
19,1,12,0.6681757401170443,0.6681757401170443,101.53635016731249,,48.75520807137965,,33,0.27586206896551724,100.0,12.0,39.310344827586206,12.413793103448276,26.800000000000303,0.9666666666666667
19,1,12,0.6639738071044442,0.6639678131849983,103.64989815381031,1.1840317934040325,49.155772006600884,0.022457940118067458,33,0.13793103448275862,100.0,12.0,35.172413793103445,12.413793103448276,26.400000000000375,0.8333333333333334
19,1,12,0.6666403986119066,0.6646129641852715,102.11155676255825,2.2844459640372263,49.57247700773831,0.055378280370533405,33,0.13793103448275862,100.0,12.0,43.44827586206897,12.413793103448276,26.400000000000375,0.6666666666666666
19,1,12,0.6591388626017111,0.6646215112075253,100.46647917246182,3.2008197097877007,49.95421183687116,0.0757399462665312,33,0.0,100.0,12.0,39.310344827586206,12.413793103448276,26.200000000000372,0.5
19,1,12,0.660642585027021,0.664466901248694,99.45086526802726,3.4996977080087355,50.3549444480044,0.10601660748571534,33,0.0,100.0,12.0,39.310344827586206,12.413793103448276,26.200000000000372,0.3333333333333333
19,1,13,0.66181610250171,0.6647074268870219,99.37340840633358,3.1450951841212045,50.733302688462835,0.12635024093622532,33,0.0,100.0,12.0,43.44827586206897,12.413793103448276,26.200000000000372,0.16666666666666666
19,1,13,0.6606034431851603,0.6645284938308441,99.22322788042977,2.963582742546346,51.12261618553942,0.14735579512151642,33,0.0,100.0,12.0,47.58620689655172,12.413793103448276,26.200000000000372,0.06666666666666667
19,1,13,0.6615242447398653,0.6641699557923286,98.82449645141148,2.532753862442888,51.81242845493057,0.14878117210791048,33,0.0,100.0,12.0,45.51724137931034,12.413793103448276,26.400000000000375,0.03333333333333333
19,1,13,0.6543097829006022,0.6630590670539592,98.90205541963134,2.589525732726131,52.59125719833451,0.15525824331123894,33,0.0,100.0,12.0,39.310344827586206,12.413793103448276,26.200000000000372,0.03333333333333333
19,1,13,0.656429343535871,0.6620334258034061,99.98312546956015,2.977112263257531,53.38602910312857,0.14621588407212996,33,0.0,100.0,12.0,41.37931034482759,12.413793103448276,26.400000000000375,0.03333333333333333
19,1,13,0.6580639517631454,0.6609132618252215,101.55502524960902,3.2099234614569023,54.1778539405,0.14751518841166208,33,0.0,100.0,12.0,41.37931034482759,12.413793103448276,26.600000000000378,0.03333333333333333
19,1,13,0.6625701998389618,0.6600681949097905,103.39497472605272,4.205119480388555,54.9560842522265,0.1432830662031657,33,0.0,100.0,12.0,35.172413793103445,12.413793103448276,26.600000000000378,0.03333333333333333
19,1,13,0.6573473244437852,0.6594824841350857,104.8471025087384,4.112971912786433,55.6081590517086,0.14816331743060926,33,0.0,100.0,12.0,39.310344827586206,12.413793103448276,26.600000000000378,0.0
19,1,13,0.6617311167780972,0.6594437033549405,105.87662209904616,3.6743860164674262,56.273305573645985,0.13723472268194642,33,0.0,95.83333333333334,12.0,45.51724137931034,12.413793103448276,26.600000000000378,0.03333333333333333
19,1,13,0.6582433230487098,0.6594971810465082,107.35285817674595,3.3994898940351868,56.901375938674995,0.13367681256361236,33,0.0,100.0,12.0,41.37931034482759,12.413793103448276,26.80000000000038,0.06666666666666667
19,1,13,0.6599169858695796,0.6594180028814745,109.73019991995419,4.516795702000064,57.57437751674003,0.12304211534301024,33,0.0,100.0,12.0,45.51724137931034,12.413793103448276,26.80000000000038,0.06666666666666667
19,1,13,0.6568384867008429,0.6592230713218751,112.78677740241844,6.156692479116552,58.174567498361405,0.1053925897875159,33,0.0,100.0,12.0,51.724137931034484,12.413793103448276,26.80000000000038,0.06666666666666667
19,1,12,0.659569087839627,0.6585987657219916,114.71069331389381,6.91175252767743,58.70287272723295,0.10746196363814468,32,-0.034482758620689655,95.83333333333334,13.0,53.793103448275865,14.482758620689655,26.800000000000054,0.1
19,1,12,0.6580774831346529,0.6577668257029932,116.83123577656596,6.468895449232982,59.27936265436194,0.09313814676733388,31,-0.06896551724137931,95.83333333333334,13.0,45.51724137931034,14.482758620689655,26.59999999999974,0.1
19,1,12,0.6560474250303693,0.6565319163900966,118.93389196857784,5.054418181528167,59.76478440173148,0.10587958832737279,32,-0.034482758620689655,95.83333333333334,13.0,43.44827586206897,14.482758620689655,26.99999999999939,0.06666666666666667
20,1,2,1.0034810463109107,0.9938835947281731,62.48158385807559,33.25292878465835,33.94125109693431,0.6169869463471891,5,0.1724137931034483,95.83333333333334,4.0,53.793103448275865,4.137931034482759,15.199999999999978,0.03333333333333333
20,1,1,1.0066089243252285,1.0188264109582024,75.54357493106744,28.757529443312897,36.84346609057955,0.637347221191143,7,0.20689655172413793,95.83333333333334,5.142857142857143,51.724137931034484,6.206896551724138,19.39999999999996,0.0
20,1,0,1.004828276193286,1.0123638036103926,87.87406407035854,19.811681355623264,40.0106284151394,0.6318970556160942,9,0.27586206896551724,95.83333333333334,6.0,45.51724137931034,8.275862068965518,23.599999999999945,0.0
20,1,0,,1.0081990316221812,96.45181271359765,9.266671273324198,42.84967047980117,0.6034102675197931,13,0.3103448275862069,95.83333333333334,5.333333333333333,41.37931034482759,8.275862068965518,26.199999999999925,0.03333333333333333
20,1,0,1.0007662018281112,1.0061362023895326,100.36603491819068,3.971250773783495,45.981196021440034,0.5897467598956274,13,0.3448275862068966,95.83333333333334,4.8,35.172413793103445,8.275862068965518,27.99999999999995,0.03333333333333333
20,1,0,,1.0054201324504957,101.82325488950933,0.737392236791777,48.72116817988588,0.5495055092497572,14,0.3448275862068966,95.83333333333334,4.363636363636363,26.896551724137932,6.206896551724138,28.400000000000034,0.06666666666666667
20,1,0,1.0053226305658878,1.004865642281437,102.0841407158329,0.33957959202944,51.67112409365465,0.536277535440107,17,0.41379310344827586,95.83333333333334,4.0,28.96551724137931,4.137931034482759,28.600000000000122,0.06666666666666667
20,1,1,,1.0045828490530997,102.12836769756134,0.3215560410699564,54.219574267385,0.495163024240787,23,0.5517241379310345,95.83333333333334,4.0,35.172413793103445,2.0689655172413794,28.80000000000021,0.1
20,1,1,1.0071405699602827,1.005230711111148,102.1960126734911,0.07393458887223649,56.94223506385312,0.4700790541297239,26,0.5517241379310345,95.83333333333334,4.0,33.10344827586207,0.0,29.0000000000003,0.1
20,1,1,0.9997793783830143,1.0049316819224245,102.21247321147746,0.07674527852243884,59.2285233087942,0.44783953768599827,30,0.5862068965517241,95.83333333333334,4.0,35.172413793103445,0.0,29.000000000000387,0.06666666666666667
20,1,1,1.0100393814664335,1.005275090896297,102.20421037339337,0.0848180981796026,61.550568562169474,0.4185490063999473,32,0.6206896551724138,95.83333333333334,4.0,37.241379310344826,0.0,29.000000000000412,0.06666666666666667
20,1,1,1.0087338770566303,1.005764398042711,102.21271840556534,0.08453924464266827,63.50990059160251,0.4013963752749162,33,0.6206896551724138,95.83333333333334,3.0,39.310344827586206,0.0,29.000000000000412,0.03333333333333333
20,1,1,1.0079733231081018,1.0058108378596384,102.20947946346358,0.08453863353030353,65.50632140384751,0.3684657357018532,33,0.5172413793103449,95.83333333333334,2.0,39.310344827586206,0.0,29.000000000000412,0.03333333333333333
20,1,1,1.003446768917325,1.005609006591818,102.21520347345198,0.08532529675113673,67.16273486481056,0.3487797729793524,33,0.27586206896551724,95.83333333333334,1.0,28.96551724137931,0.0,29.000000000000412,0.0
20,1,1,1.0037455687808337,1.0050255302294075,102.20027761963843,0.08406048190164939,68.86218583435425,0.32611218060690783,33,0.2413793103448276,95.83333333333334,0.0,35.172413793103445,0.0,29.000000000000412,0.0
20,1,1,1.0041960563674945,1.0051799976157076,102.1877482375497,0.07750008216587917,70.45919195912,0.3144648616708952,33,0.10344827586206896,95.83333333333334,0.0,28.96551724137931,0.0,29.000000000000412,0.0
20,1,1,1.006481980302204,1.0049555469270188,102.19263113991335,0.07098603306126607,71.9758844901783,0.2919461747649171,33,0.034482758620689655,95.83333333333334,0.0,26.896551724137932,0.0,29.000000000000412,0.0
20,1,1,1.0042134223450099,1.0047995785660957,102.18046333336294,0.06258106002130154,73.37817622855555,0.2729716081712017,33,0.0,95.83333333333334,0.0,33.10344827586207,0.0,29.000000000000412,0.0
20,1,1,1.0030106440462137,1.004759110594004,102.19070310953558,0.07450737588909676,74.72039420693932,0.26413395049790866,33,0.0,95.83333333333334,0.0,35.172413793103445,0.0,29.000000000000412,0.0
20,1,0,1.0076391440474846,1.0048023837232611,102.07424660981594,0.6818978235113495,75.98661396560291,0.24706020708206933,32,-0.034482758620689655,91.66666666666666,1.0,35.172413793103445,2.0689655172413794,29.000000000000412,0.0
20,1,0,0.00048256740151794014,0.938399154819006,102.43185286478844,1.0832709715877853,77.11725077604828,0.1820462746028177,33,0.0,95.83333333333334,1.0,33.10344827586207,2.0689655172413794,27.200000000000387,0.0
20,1,0,0.0010806951841112785,0.7710462273657918,102.77944782569108,1.2679541461279231,77.60432475428229,0.03213476751490124,33,0.0,95.83333333333334,1.0,43.44827586206897,2.0689655172413794,22.200000000000315,0.0
20,1,0,0.002410052808867084,0.603702968106419,103.13917543483666,1.3532255272560698,77.36401120329104,-0.11254473269333638,33,0.0,95.83333333333334,1.0,49.6551724137931,2.0689655172413794,17.200000000000244,0.0
20,1,0,0.0020976760678252603,0.43618760765888565,103.48290238754875,1.3305985180228135,76.45697530494756,-0.2571685618899727,33,0.0,95.83333333333334,1.0,45.51724137931034,2.0689655172413794,12.200000000000173,0.0
20,1,0,0.0022544108879587396,0.2882885631845942,103.7877376490987,1.2638378578961154,75.33043245807458,-0.3826494609887531,33,0.0,95.83333333333334,1.0,43.44827586206897,2.0689655172413794,7.200000000000102,0.06666666666666667
20,1,0,0.0025882779919523045,0.10919943180028123,104.27898038552568,0.07626758013732908,73.02222313411751,-0.5004801162430456,33,0.034482758620689655,95.83333333333334,1.0,45.51724137931034,0.0,2.2000000000000313,0.06666666666666667
20,1,0,0.006899337957088576,0.001826432382697864,104.27101867574208,0.07778234433264526,70.16754964952561,-0.542695603652474,33,0.0,95.83333333333334,1.0,47.58620689655172,0.0,0.0,0.06666666666666667
20,1,0,0.001358278352598082,0.0021394774466967996,104.26587509217578,0.0883470236290558,67.34302251074686,-0.5139296011927558,33,0.0,95.83333333333334,1.0,43.44827586206897,0.0,0.0,0.06666666666666667
20,1,0,0.0029993457720238707,0.002017264449175571,104.24846063138673,0.07760140368194843,64.68343809653207,-0.47963850219431015,33,0.0,95.83333333333334,1.0,43.44827586206897,0.0,0.0,0.06666666666666667
20,1,0,0.0015552173770277764,0.0021842594574308935,104.24901563969556,0.06807032111326178,62.18892124604117,-0.4357225124744937,33,0.0,95.83333333333334,1.0,35.172413793103445,0.0,0.0,0.06666666666666667
20,1,0,0.0021658094320944864,0.0019877317803734624,104.25638794017199,0.07541653652181741,60.42642941360389,-0.42862047432399675,33,0.0,95.83333333333334,1.0,31.03448275862069,0.0,0.0,0.0
21,1,24,0.8242558485468573,0.8161764626534549,51.09743847264278,25.429945828615626,30.552740183849508,0.40488548614564124,5,0.1724137931034483,79.16666666666666,8.0,53.793103448275865,8.275862068965518,2.8000000000000003,0.03333333333333333
21,1,24,0.8187629315661141,0.831751548374327,63.62782934267375,20.180338141354504,32.5035523822875,0.4178987718540591,2,-0.06896551724137931,83.33333333333334,10.285714285714286,37.241379310344826,12.413793103448276,7.0000000000000036,0.06666666666666667
21,1,24,0.8197211823543666,0.8262987052883278,74.14446678915212,13.934440246245204,34.75254353795726,0.4182688013321717,1,-0.10344827586206896,79.16666666666666,12.0,33.10344827586207,16.551724137931036,11.59999999999999,0.06666666666666667
21,1,24,0.8192850518390694,0.8233132953444054,79.01207619010876,8.692146479613436,36.793083710563344,0.41722789107887936,2,0.0,75.0,13.333333333333334,33.10344827586207,20.689655172413794,16.199999999999974,0.1
21,1,24,0.824945425869636,0.8220519710934343,79.62855008040214,7.839977121383502,39.12512381484473,0.41996042400515027,3,0.034482758620689655,75.0,14.4,31.03448275862069,24.82758620689655,20.39999999999996,0.1
21,1,25,0.8302496005372114,0.821820806193799,79.81620283993328,7.70389678026908,41.401814475699695,0.40153886491714325,2,0.0,79.16666666666666,15.272727272727273,24.82758620689655,24.82758620689655,24.999999999999943,0.1
21,1,25,0.8222078992340075,0.8214257648665293,79.51988044800166,7.595935981661142,43.15009400103184,0.3960175582188181,3,-0.034482758620689655,79.16666666666666,16.0,18.620689655172413,24.82758620689655,24.99999999999993,0.1
21,1,25,0.8258045277267811,0.8217080215492374,77.3061034539124,6.538386641315695,45.0389180333077,0.3857154721466559,3,0.034482758620689655,70.83333333333334,18.0,16.551724137931036,24.82758620689655,24.999999999999925,0.06666666666666667
21,1,25,0.8256978555880173,0.8228978781825813,74.19539662064241,3.8290216382659406,47.01919320753512,0.3572495044913213,2,-0.034482758620689655,70.83333333333334,20.0,20.689655172413794,24.82758620689655,24.8,0.06666666666666667
21,1,25,0.8252803343384606,0.8245201488747611,71.13393855690859,6.149198675992233,48.63947447618898,0.3206036570186483,4,0.06896551724137931,70.83333333333334,22.0,26.896551724137932,24.82758620689655,24.400000000000077,0.03333333333333333
21,1,25,0.8243283705928247,0.8248623223725662,71.41087318538274,6.4257701693693745,50.22869285345071,0.29259507443403365,6,0.06896551724137931,79.16666666666666,24.0,31.03448275862069,24.82758620689655,24.200000000000152,0.03333333333333333
21,1,25,0.815932002574455,0.8243883439578404,72.75499437658488,7.8238481085911324,51.650977938207255,0.26338468961871697,6,0.13793103448275862,87.5,24.0,37.241379310344826,24.82758620689655,24.200000000000227,0.03333333333333333
21,1,25,0.8142364331861865,0.8236298050912503,74.58385618932472,9.642357942401004,52.82830776477814,0.2522912316498256,4,0.06896551724137931,100.0,24.0,37.241379310344826,24.82758620689655,24.0000000000003,0.0
21,1,25,0.8111384730890717,0.8220842382826398,77.77423654536351,12.076033246162298,54.081044701498286,0.24741325839770154,6,0.13793103448275862,100.0,24.0,43.44827586206897,24.82758620689655,24.400000000000347,0.0
21,1,25,0.8099858221474304,0.8203049160509572,82.36711411397141,13.844192849139993,55.29748790942962,0.23705473172718355,7,0.1724137931034483,100.0,24.0,47.58620689655172,24.82758620689655,24.400000000000347,0.0
21,1,25,0.8142222307440181,0.8184003591844816,88.46057042227508,9.94131232545096,56.4635609389135,0.23466123290763682,7,0.06896551724137931,100.0,24.0,41.37931034482759,24.82758620689655,24.200000000000344,0.0
21,1,25,0.8150310151705837,0.8168832818976083,92.10394135907293,6.2043972281324224,57.584422369808756,0.2214888282135668,7,0.034482758620689655,100.0,24.0,33.10344827586207,24.82758620689655,24.200000000000344,0.0
21,1,25,0.8115264901069144,0.8158787661096449,94.35558047397353,4.9163519017945605,58.70487607512205,0.2277255560558013,11,0.2413793103448276,95.83333333333334,25.0,41.37931034482759,24.82758620689655,24.400000000000347,0.0
21,1,25,0.8138803062846237,0.8152582877961315,95.63552521792492,3.19615761712084,59.80542850661079,0.21206707844284906,12,0.2413793103448276,95.83333333333334,25.0,43.44827586206897,24.82758620689655,24.60000000000035,0.0
21,1,25,0.8163234593914255,0.81547309035669,95.98492621317364,2.7288808107896436,60.83275996079164,0.19122200625660604,12,0.2413793103448276,100.0,25.0,41.37931034482759,24.82758620689655,24.400000000000347,0.0
21,1,25,0.8126486180173096,0.8155912581651642,95.42891278765107,2.4149612015615216,61.783187793987935,0.18782976846908492,13,0.20689655172413793,100.0,25.0,37.241379310344826,24.82758620689655,24.800000000000352,0.0
21,1,25,0.8168020786719548,0.8151600484184731,95.84696139067154,2.8319439605089496,62.66973376938064,0.17621399167352989,13,0.20689655172413793,100.0,25.0,39.310344827586206,26.896551724137932,25.40000000000036,0.0
21,1,25,0.8164644171697519,0.8151713562126256,96.67865859711374,2.793804389348285,63.509026038178945,0.1629333187438146,19,0.41379310344827586,100.0,25.0,49.6551724137931,24.82758620689655,25.800000000000367,0.0
21,1,25,0.8093177968111421,0.8145303327662716,97.74471184249713,3.7356933040783784,64.31023573113079,0.1551609587504876,21,0.3448275862068966,100.0,25.0,45.51724137931034,24.82758620689655,26.200000000000372,0.0
21,1,25,0.816150341370392,0.8148251187958289,98.943492534264,3.7388726180977616,65.0773379463559,0.14518878274458277,21,0.27586206896551724,100.0,25.0,41.37931034482759,24.82758620689655,26.400000000000375,0.0
21,1,25,0.8151266849215757,0.8148470543792689,99.22558488293687,3.7166129036978943,65.80771883502706,0.14826665954174528,24,0.3793103448275862,100.0,25.0,47.58620689655172,24.82758620689655,26.200000000000372,0.0
21,1,25,0.8142454210176121,0.8148856462909921,99.31812562156156,3.509136838657285,66.51949692642675,0.14581258589293478,26,0.41379310344827586,95.83333333333334,25.0,47.58620689655172,24.82758620689655,25.800000000000367,0.0
21,1,25,0.8061335762741972,0.8143944394541242,99.07406544983567,3.6237679547642725,67.2075093568755,0.13963096583500026,25,0.4482758620689655,95.83333333333334,25.0,47.58620689655172,22.75862068965517,25.40000000000036,0.0
21,1,25,0.8144713039162839,0.8138779774131382,98.98198386097118,3.630900244921843,67.91130569839517,0.1416461623243066,24,0.13793103448275862,95.83333333333334,25.0,28.96551724137931,22.75862068965517,25.000000000000355,0.0
21,1,24,0.8150376356939918,0.8146063811315842,97.72743344351527,3.0600483811138837,68.57166261526251,0.1260230788515026,20,0.0,95.83333333333334,25.0,26.896551724137932,24.82758620689655,25.200000000000358,0.0
21,1,24,0.8162950719193148,0.814745086735763,96.67295535119113,2.6183477750070687,69.17873744260336,0.11689039317567626,20,-0.06896551724137931,91.66666666666666,25.0,22.75862068965517,24.82758620689655,25.40000000000002,0.0
22,1,22,0.8481703105888885,0.8415346678810954,39.73305105963727,24.625925030206073,30.20897633868589,0.36706921658340996,2,0.06896551724137931,54.166666666666664,8.0,33.10344827586207,8.275862068965518,0.2,0.06666666666666667
22,1,23,0.8397622406521736,0.8577335321244448,51.593636874914,21.051106870227134,32.06355016187146,0.3831016690146443,2,0.06896551724137931,66.66666666666666,8.571428571428571,39.310344827586206,10.344827586206897,0.2,0.1
22,1,23,0.840755948055692,0.8529489589794323,61.26470540029804,16.38493362003064,34.03208615844219,0.3958432269041955,2,0.034482758620689655,66.66666666666666,10.5,35.172413793103445,14.482758620689655,2.6,0.06666666666666667
22,1,23,0.8421622835786469,0.8490459634386935,69.16458765260052,12.407276079002667,35.9897783453513,0.4223790398866409,2,0.034482758620689655,75.0,12.0,39.310344827586206,18.620689655172413,5.000000000000002,0.03333333333333333
22,1,23,0.8350222451491266,0.8451471003919818,78.38554243366559,13.048144956701728,38.204789744995566,0.43245070624729426,6,0.1724137931034483,87.5,13.2,47.58620689655172,20.689655172413794,8.600000000000001,0.03333333333333333
22,1,22,0.8316863704581609,0.8408458656493771,87.28282938596975,16.988018915642886,40.430513839130406,0.4243567115729324,10,0.3103448275862069,95.83333333333334,14.181818181818182,57.93103448275862,22.75862068965517,12.599999999999987,0.03333333333333333
22,1,22,0.832774660131018,0.8375269166985201,95.32413445226587,17.128090230823116,42.589499194629084,0.41039333710859294,17,0.4827586206896552,95.83333333333334,15.0,70.34482758620689,22.75862068965517,16.99999999999997,0.03333333333333333
22,1,23,0.8325529020289922,0.8361338403157047,100.93656663733972,15.94056452904152,44.42542777271157,0.3967226289039489,29,0.9310344827586207,100.0,16.0,91.03448275862068,20.689655172413794,21.399999999999956,0.0
22,1,23,0.836492207829807,0.8346209707413672,106.32963629386771,11.990477785161682,46.330986770030194,0.36932554868907114,32,1.0344827586206897,100.0,18.0,99.3103448275862,20.689655172413794,23.399999999999938,0.0
22,1,23,0.8324159732212747,0.8329378024848091,111.4431872122909,5.801281640215753,48.10630206875663,0.3403227721334398,32,0.9310344827586207,95.83333333333334,20.0,99.3103448275862,20.689655172413794,25.19999999999992,0.0
22,1,23,0.8297520580606799,0.8316106346127784,114.49558623130596,3.949246716566112,49.77606213505298,0.3250933214512765,33,0.896551724137931,100.0,21.0,126.20689655172414,22.75862068965517,25.599999999999962,0.0
22,1,23,0.8304861863793734,0.8316207748929757,114.93065528470972,4.270130662986573,51.35372376445164,0.305910093633119,32,0.7241379310344828,100.0,22.0,117.93103448275862,22.75862068965517,26.00000000000004,0.0
22,1,22,0.8289987833636635,0.8318191956703861,114.47123138566855,4.341502902688809,52.75828350677199,0.2959307593397486,32,0.4827586206896552,100.0,22.0,117.93103448275862,22.75862068965517,26.600000000000122,0.03333333333333333
22,1,22,0.8331749602565913,0.8318984102143016,113.54959865320271,5.107053288112825,54.252635105914095,0.2786650492603069,33,0.06896551724137931,95.83333333333334,23.0,117.93103448275862,22.75862068965517,26.4000000000002,0.03333333333333333
22,1,22,0.836582453117862,0.8320722316159567,112.18332364351839,6.702345574573431,55.64633111079026,0.2583072488535231,33,0.0,95.83333333333334,23.0,124.13793103448276,24.82758620689655,25.800000000000278,0.03333333333333333
22,1,22,0.8387239522651363,0.8331884175873038,109.13597768303816,9.007641048150123,56.941579282667526,0.23963911746092026,32,-0.034482758620689655,91.66666666666666,23.0,111.72413793103448,24.82758620689655,26.20000000000036,0.03333333333333333
22,1,21,0.8387962203354916,0.8344076794334953,106.24325183045862,7.6841836510593025,58.11436473930626,0.21356256578445243,32,-0.034482758620689655,95.83333333333334,23.0,97.24137931034483,24.82758620689655,26.400000000000375,0.03333333333333333
22,1,22,0.8351352556142109,0.8350684405108738,104.20247660829772,5.4018109268890955,59.17237445480194,0.18186666413919456,33,0.0,100.0,22.0,111.72413793103448,22.75862068965517,26.600000000000378,0.03333333333333333
22,1,22,0.8315467571184764,0.8352760195886451,103.32773753875831,4.542801746732392,59.9313193651203,0.18679375447081073,33,0.034482758620689655,95.83333333333334,22.0,109.65517241379311,20.689655172413794,26.00000000000037,0.03333333333333333
22,1,22,0.831493924648944,0.8351118222017824,103.22980609915017,4.46753862393486,60.78620022925243,0.17244943317549227,32,-0.034482758620689655,95.83333333333334,23.0,84.82758620689656,22.75862068965517,25.800000000000367,0.06666666666666667
22,1,22,0.8305358133027885,0.8344595523257002,104.45762756929118,4.927733324193632,61.70992669481706,0.16851023183735897,31,-0.06896551724137931,95.83333333333334,23.0,84.82758620689656,22.75862068965517,25.600000000000364,0.06666666666666667
22,1,22,0.8387743373162878,0.833555546097841,106.51586813010995,3.17983602127223,62.6068759596078,0.1620381779049614,32,-0.034482758620689655,95.83333333333334,23.0,99.3103448275862,22.75862068965517,25.800000000000367,0.06666666666666667
22,1,22,0.8372167783186621,0.8337304415300641,105.85128302563626,4.2851285044733585,63.4535878843608,0.1517585877544412,32,0.0,91.66666666666666,23.0,95.17241379310344,22.75862068965517,26.200000000000372,0.06666666666666667
22,1,22,0.8459759366242633,0.8349188767070311,104.10971261146297,5.914106823076453,64.21089525712883,0.13152049214111322,33,0.034482758620689655,87.5,23.0,88.96551724137932,22.75862068965517,25.600000000000364,0.06666666666666667
22,1,23,0.8345777109459221,0.8358032139048939,103.36009815263365,6.011099329242136,64.76358682918686,0.1012416999382294,33,0.0,95.83333333333334,22.0,80.6896551724138,22.75862068965517,25.600000000000364,0.03333333333333333
22,1,23,0.8316469773259288,0.836346638657401,103.10202370502137,5.774985846940712,65.22574614326258,0.10415433144647372,32,0.0,95.83333333333334,22.0,86.89655172413794,22.75862068965517,26.200000000000372,0.0
22,1,22,0.8320389419235621,0.8365237085404594,102.4987833901501,5.2144047870601185,65.69959484298748,0.08654935262522608,32,-0.034482758620689655,91.66666666666666,22.0,86.89655172413794,22.75862068965517,27.000000000000384,0.0
22,1,22,0.8355340472923962,0.8366204915534882,101.90418936010356,4.668698310362211,66.15627102348236,0.09154171094814956,32,0.0,87.5,22.0,84.82758620689656,22.75862068965517,27.000000000000384,0.0
22,1,23,0.8299367536787138,0.8359385492075376,102.89251136035787,4.552148309285301,66.62325092736509,0.09353849705572,33,0.034482758620689655,100.0,21.0,78.62068965517241,20.689655172413794,26.80000000000038,0.0
22,1,23,0.829809610198924,0.8348081052026224,103.16295913896069,3.887915003283838,67.13459860911601,0.11087616712375273,33,0.034482758620689655,95.83333333333334,22.0,86.89655172413794,20.689655172413794,26.00000000000037,0.0
22,1,22,0.8358126543659784,0.8341900264539611,102.92009329576318,4.128460555889997,67.6834388364155,0.110607396942588,32,-0.034482758620689655,95.83333333333334,22.0,101.37931034482759,20.689655172413794,25.200000000000358,0.0
23,1,19,0.7301784130463034,0.7175766738471754,26.184980156106544,12.509996574653202,29.376969151295135,0.303543349634264,6,0.20689655172413793,45.83333333333333,2.0,33.10344827586207,2.0689655172413794,0.0,0.03333333333333333
23,1,19,,0.7331209097596272,31.06438913709675,10.865781669610413,30.823865787227106,0.29263056419576877,8,0.27586206896551724,54.166666666666664,3.4285714285714284,41.37931034482759,4.137931034482759,0.0,0.06666666666666667
23,1,19,0.7274126304787991,0.731201995954601,35.85130764306257,8.568062639889053,32.427644416628155,0.29849583132362484,12,0.3793103448275862,54.166666666666664,6.0,45.51724137931034,8.275862068965518,0.0,0.06666666666666667
23,1,20,0.7188937771188945,0.7289104572017994,39.78415337260606,5.3958791684366645,34.00494336746114,0.29485403391444204,13,0.2413793103448276,58.333333333333336,6.666666666666667,39.310344827586206,10.344827586206897,0.0,0.06666666666666667
23,1,19,0.7243625830361813,0.7276537155947623,42.66803454609758,3.862278696445419,35.307781911372864,0.2955053152181304,17,0.5172413793103449,58.333333333333336,8.4,51.724137931034484,14.482758620689655,0.0,0.06666666666666667
23,1,19,0.7296347836186056,0.7269454295168425,45.04528352868767,4.4927322246230466,36.87874930167315,0.29028467040257816,16,0.4482758620689655,58.333333333333336,9.818181818181818,49.6551724137931,18.620689655172413,0.0,0.06666666666666667
23,1,19,0.7235732281154302,0.7262315196154303,47.782208230176174,6.750429261081793,38.37726205814369,0.27873134594022964,16,0.27586206896551724,62.5,10.0,39.310344827586206,18.620689655172413,0.0,0.06666666666666667
23,1,19,0.7238737724297447,0.7249245041955695,51.85305082419777,8.607206570585754,39.68002115411569,0.27494927716278383,15,0.20689655172413793,66.66666666666666,12.0,41.37931034482759,20.689655172413794,0.0,0.03333333333333333
23,1,19,0.7197421223436571,0.723439283184054,56.67102258914589,10.393770589036691,40.959886577276954,0.26207422308927236,19,0.2413793103448276,66.66666666666666,14.0,39.310344827586206,20.689655172413794,0.0,0.06666666666666667
23,1,19,0.7164202553733184,0.7218838475360173,63.81177479061507,12.667393802481005,42.342452077536585,0.2446522905490154,20,0.2413793103448276,70.83333333333334,15.0,41.37931034482759,18.620689655172413,0.2,0.06666666666666667
23,1,19,0.7127469913963314,0.7195801693466343,70.54803823626136,14.480927492937516,43.516335207957795,0.2456351741647217,22,0.20689655172413793,70.83333333333334,17.0,37.241379310344826,20.689655172413794,0.8,0.03333333333333333
23,1,19,0.708123947169232,0.7162200357743888,78.49305184902931,14.558996665988674,44.81460255876093,0.26081143727065065,26,0.3448275862068966,79.16666666666666,18.0,45.51724137931034,18.620689655172413,3.0000000000000004,0.03333333333333333
23,1,19,0.7072825438702729,0.7131532260406788,85.05804848295624,12.46988260954663,46.143345980011176,0.26019696636422873,26,0.41379310344827586,79.16666666666666,19.0,51.724137931034484,18.620689655172413,7.200000000000004,0.03333333333333333
23,1,20,0.6978387632403891,0.7094313104248378,90.69867631672015,9.218685114095242,47.487959810384126,0.26223100750531503,31,0.5172413793103449,83.33333333333334,19.0,62.06896551724138,18.620689655172413,10.999999999999993,0.03333333333333333
23,1,19,0.7070863302385413,0.7068504541870766,95.27147908208966,7.387561685456425,48.71178859966605,0.26809081703883747,33,0.4482758620689655,83.33333333333334,19.0,62.06896551724138,18.620689655172413,14.39999999999998,0.0
23,1,19,0.701370695681694,0.7046575506245907,99.23075767478753,6.100767278025823,50.07077149042216,0.27314047955603643,30,0.2413793103448276,87.5,20.0,57.93103448275862,20.689655172413794,17.799999999999965,0.0
23,1,19,0.698383003264445,0.7031191829788632,101.94355101049528,5.602341800234174,51.3186854109768,0.26837791039170855,32,0.3793103448275862,91.66666666666666,19.0,62.06896551724138,18.620689655172413,21.199999999999953,0.03333333333333333
23,1,19,,0.701744010860579,104.00068869213898,6.072710489784752,52.545755211908805,0.24812321828058898,32,0.20689655172413793,91.66666666666666,19.0,62.06896551724138,20.689655172413794,22.399999999999938,0.06666666666666667
23,1,20,0.6972509854030662,0.7008375476755938,106.51705011453885,5.27202293222484,53.88733237933508,0.24135431933250068,33,0.1724137931034483,95.83333333333334,19.0,60.0,18.620689655172413,22.39999999999992,0.06666666666666667
23,1,19,0.7017490503535319,0.7012698254361397,108.7238947216293,3.3892320788095263,55.13169802294475,0.21861440960075557,31,-0.034482758620689655,95.83333333333334,19.0,47.58620689655172,18.620689655172413,22.39999999999996,0.06666666666666667
23,1,19,0.7073032992703161,0.7016905972050499,109.04091249779158,2.967221695506269,56.224610562137045,0.19900237168400012,31,0.0,95.83333333333334,19.0,45.51724137931034,20.689655172413794,23.600000000000037,0.06666666666666667
23,1,19,0.7052081947848183,0.7021859706885211,108.87631220267276,3.1474241074246927,57.19437722865247,0.17459318733792628,33,0.10344827586206896,95.83333333333334,19.0,45.51724137931034,18.620689655172413,24.000000000000103,0.06666666666666667
23,1,19,0.7043864461130344,0.7024022964875647,108.33833298512812,3.3679879020987054,57.92756227282248,0.14845994840432175,31,-0.034482758620689655,95.83333333333334,19.0,37.241379310344826,20.689655172413794,23.40000000000017,0.03333333333333333
23,1,20,0.7039146382977881,0.7029869277531661,107.69968844433554,3.20900832613303,58.597686260010164,0.13199027980908135,33,0.034482758620689655,95.83333333333334,19.0,31.03448275862069,18.620689655172413,24.400000000000247,0.0
23,1,19,0.7002261106766118,0.7026914230354364,108.17401817303565,3.913761135577782,59.24828507476293,0.12350215849476157,31,-0.06896551724137931,95.83333333333334,19.0,35.172413793103445,18.620689655172413,24.400000000000322,0.0
23,1,19,0.6986674198435835,0.7017613972623784,109.15074661653654,4.927748502794882,59.89305973551003,0.1338838455273469,32,0.034482758620689655,95.83333333333334,20.0,49.6551724137931,20.689655172413794,24.60000000000035,0.0
23,1,19,0.7032992977300708,0.7014909505536134,109.8898721759682,4.751788778963744,60.5396147995964,0.12611368637687204,33,0.034482758620689655,95.83333333333334,19.0,47.58620689655172,18.620689655172413,25.600000000000364,0.0
23,1,19,0.7024405295343219,0.7010991537136123,109.36856584829633,5.289449074563502,61.16627683963554,0.12396603378557128,32,-0.034482758620689655,91.66666666666666,19.0,49.6551724137931,20.689655172413794,25.200000000000358,0.0
23,1,19,0.7057062294598054,0.7011574938692566,108.48078607006704,6.572577970998788,61.73069229631916,0.11539874444610498,33,0.034482758620689655,95.83333333333334,19.0,55.86206896551724,18.620689655172413,25.600000000000364,0.03333333333333333
23,1,19,0.7038072454750841,0.7014375932451845,105.99855576554573,9.162957898703707,62.31882846498936,0.11691008776355814,33,0.06896551724137931,95.83333333333334,19.0,55.86206896551724,18.620689655172413,24.800000000000352,0.03333333333333333
23,1,18,0.7061594415352831,0.7028045200774903,103.47953271282441,8.676097236703276,62.85406142005249,0.09328671680044895,32,-0.034482758620689655,95.83333333333334,20.0,53.793103448275865,20.689655172413794,24.200000000000344,0.03333333333333333
24,1,17,0.8243616047166141,0.8399524392941016,131.11263693056503,63.8856647016228,32.59263093095011,0.6163949190856199,4,0.13793103448275862,50.0,6.0,33.10344827586207,6.206896551724138,1.2,0.03333333333333333
24,1,16,0.8189207967869584,0.8506008096506105,166.48756863056082,49.33718395460517,36.05835032981587,0.712791968866227,2,0.06896551724137931,62.5,6.857142857142857,31.03448275862069,8.275862068965518,5.200000000000002,0.03333333333333333
24,1,14,0.810736092460643,0.8380754806385388,191.49375719113326,41.92136152086843,39.45713185575141,0.7692606141356728,2,0.06896551724137931,62.5,9.0,28.96551724137931,12.413793103448276,7.200000000000004,0.0
24,1,12,0.8120004297460538,0.8268112310146,214.15973491545532,36.07942858780156,43.41111593124201,0.8267422225605292,5,0.13793103448275862,66.66666666666666,10.666666666666666,39.310344827586206,16.551724137931036,11.59999999999999,0.0
24,1,11,0.8099847898477832,0.8200206126972723,228.37452030940884,33.193150652235694,47.1767712285023,0.8269753750218272,10,0.27586206896551724,70.83333333333334,10.8,45.51724137931034,18.620689655172413,14.999999999999979,0.03333333333333333
24,1,9,0.808692241328695,0.8152165822904337,242.01694726529627,27.579291241057714,51.35655411019962,0.7892774062260599,11,0.3448275862068966,66.66666666666666,12.0,45.51724137931034,18.620689655172413,17.999999999999964,0.03333333333333333
24,1,8,0.8055505554216702,0.8107303549404381,256.74871937189914,18.361563586590936,55.32819333492162,0.749790645484634,14,0.3448275862068966,70.83333333333334,12.0,45.51724137931034,18.620689655172413,20.399999999999952,0.03333333333333333
24,1,6,0.8053371513600345,0.8082478383532167,263.5234536500386,12.599972019863204,59.09709774155635,0.7043034087646143,16,0.4482758620689655,66.66666666666666,14.0,47.58620689655172,18.620689655172413,20.599999999999937,0.03333333333333333
24,1,5,0.807741912568985,0.8069018614300213,268.3092010250793,10.139153542458272,62.61965440100136,0.6553519600118122,18,0.5172413793103449,70.83333333333334,15.0,51.724137931034484,18.620689655172413,21.799999999999923,0.03333333333333333
24,1,3,0.8061416096890083,0.8058814095287969,270.4909081356916,9.254980673502702,65.95739907121765,0.6298150721925924,21,0.4482758620689655,70.83333333333334,17.0,47.58620689655172,18.620689655172413,21.199999999999946,0.03333333333333333
24,1,1,0.8059396333452092,0.8050396961734665,271.9607646211073,8.42869664084769,68.77994438285435,0.6054488225397301,23,0.5172413793103449,66.66666666666666,19.0,45.51724137931034,18.620689655172413,21.80000000000002,0.0
24,1,0,0.801639575682906,0.8046804298172897,273.89859760649637,8.450698012563103,71.48349413126549,0.5707588917444787,22,0.3103448275862069,70.83333333333334,19.0,39.310344827586206,18.620689655172413,22.00000000000009,0.03333333333333333
24,1,0,0.00019150008707248187,0.666341605801098,275.04574143157157,8.85895870695607,73.95665087674605,0.38014347684288957,22,0.27586206896551724,70.83333333333334,17.0,43.44827586206897,14.482758620689655,19.40000000000011,0.03333333333333333
24,1,0,0.003238457082233873,0.5281211312148406,277.90076259819926,7.896903341717089,75.32129371176723,0.17564704402859524,22,0.1724137931034483,70.83333333333334,16.0,39.310344827586206,12.413793103448276,16.20000000000012,0.03333333333333333
24,1,0,0.0037017633735560236,0.40405009990780627,279.52162018610943,7.58291533702904,75.76028253883842,-0.027529406811788996,22,0.1724137931034483,70.83333333333334,14.0,37.241379310344826,8.275862068965518,12.000000000000135,0.06666666666666667
24,1,0,0.0024079542136867856,0.26076518352443256,281.5205641868659,7.219566573952398,75.12818838507535,-0.22224824326089473,22,0.034482758620689655,70.83333333333334,12.0,37.241379310344826,6.206896551724138,7.800000000000111,0.06666666666666667
24,1,0,0.0020767585074838776,0.11722820605557119,283.8029655346954,5.124951344946299,73.56005726757652,-0.3969040245631149,22,-0.034482758620689655,70.83333333333334,11.0,37.241379310344826,2.0689655172413794,3.600000000000051,0.06666666666666667
24,1,0,0.004043023033521278,0.002369402870766982,285.1973330809604,0.08232503562212642,71.33458312037722,-0.5530969462151382,22,0.0,70.83333333333334,9.0,43.44827586206897,0.0,0.0,0.03333333333333333
24,1,0,0.0024560973283269624,0.0022524692515370473,285.1959783897047,0.08044961641289222,68.54026586643721,-0.5219562509247037,22,0.0,70.83333333333334,8.0,39.310344827586206,0.0,0.0,0.03333333333333333
24,1,0,0.002283500630989406,0.0019346912701934448,285.1843758466686,0.07510116125856764,65.90655460426225,-0.4725735745402131,22,0.0,70.83333333333334,6.0,41.37931034482759,0.0,0.0,0.03333333333333333
24,1,0,0.00026124676001273414,0.001676711389503567,285.17328123503114,0.07286638754712306,63.94795614610656,-0.46141422388096537,22,0.0,70.83333333333334,5.0,43.44827586206897,0.0,0.0,0.03333333333333333
24,1,0,0.005207085054756077,0.001983567489499813,285.1789092705807,0.07848248170700503,61.617862524692335,-0.4398348108122385,22,0.0,70.83333333333334,3.0,41.37931034482759,0.0,0.0,0.03333333333333333
24,1,0,0.0024865009418952107,0.0019928776847111442,285.16535506071074,0.07674443085006777,59.40460492057073,-0.40930843122861854,22,0.0,70.83333333333334,1.0,57.93103448275862,0.0,0.0,0.03333333333333333
24,1,0,0.0020305292794778195,0.001975703878943333,285.16380659715554,0.08029968221068151,57.333300478113244,-0.3910502526523749,22,0.0,70.83333333333334,0.0,62.06896551724138,0.0,0.0,0.03333333333333333
24,1,0,0.002649560802340216,0.002057712784388415,285.1682136741164,0.06889255692818044,55.37489465782148,-0.365581424098263,22,0.0,70.83333333333334,0.0,64.13793103448276,0.0,0.0,0.03333333333333333
24,1,0,0.0022014374460545827,0.0021694454805461457,285.1707312963545,0.07337960316871968,53.544608919947855,-0.3481029890272543,22,0.0,70.83333333333334,0.0,72.41379310344827,0.0,0.0,0.03333333333333333
24,1,0,0.002583289652262352,0.002270320834358956,285.1713496439773,0.07526581834867731,52.03556896489347,-0.32681503967164655,22,0.0,70.83333333333334,0.0,76.55172413793103,0.0,0.0,0.0
24,1,0,,0.0018276095357808713,285.17026562612796,0.07095626451580028,50.60438259296721,-0.28979857923880903,22,0.0,70.83333333333334,0.0,68.27586206896552,0.0,0.0,0.03333333333333333
24,1,0,0.002887701825331633,0.001727568893001997,285.17679979818615,0.07396300138197842,49.070454798605496,-0.2896527560643675,22,0.0,70.83333333333334,0.0,62.06896551724138,0.0,0.0,0.03333333333333333
24,1,0,0.0013722279945384153,0.0017736228825310212,285.1896859992764,0.08460259262075585,47.62332979158368,-0.2681628930769389,22,0.0,70.83333333333334,0.0,66.20689655172414,0.0,0.0,0.03333333333333333
24,1,0,0.0021130977164222783,0.0018744276916039244,285.1894678443522,0.09090111378449083,46.25358956875844,-0.25844877003731737,22,0.0,70.83333333333334,0.0,72.41379310344827,0.0,0.0,0.03333333333333333
25,1,11,0.9219473130857923,0.8993839129876104,80.75034259651673,39.55266984278558,36.54139661248429,0.8104204894573747,14,0.41379310344827586,95.83333333333334,6.0,70.34482758620689,6.206896551724138,19.99999999999996,0.03333333333333333
25,1,9,0.9226981459642006,0.925639581184453,98.24235146965283,24.650311613063742,40.79498991490962,0.8312492131912241,17,0.5517241379310345,95.83333333333334,8.571428571428571,76.55172413793103,10.344827586206897,23.999999999999947,0.03333333333333333
25,1,8,0.9261748979910913,0.9232483868566052,108.35576765816232,10.134481484763118,44.92469473833299,0.7683990675821267,23,0.6896551724137931,95.83333333333334,9.0,64.13793103448276,12.413793103448276,25.19999999999993,0.03333333333333333
25,1,6,0.9256945311506904,0.923684526189875,112.4147462259477,4.110775024820924,48.742244598919065,0.6983785557855029,23,0.5172413793103449,95.83333333333334,10.666666666666666,51.724137931034484,16.551724137931036,25.599999999999927,0.03333333333333333
25,1,4,0.926906085794653,0.9242276159091026,113.15068168431728,3.1317895081327545,52.25173907457561,0.8108231836967251,27,0.5862068965517241,91.66666666666666,12.0,51.724137931034484,20.689655172413794,26.00000000000001,0.0
25,1,3,0.9254112758434587,0.9256192207640047,111.25792118935462,3.9775412130726564,56.47506755803095,0.8773499042055387,29,0.7586206896551724,91.66666666666666,12.0,55.86206896551724,18.620689655172413,26.20000000000009,0.0
25,1,1,0.9296595946501297,0.926599820966543,109.57702246123362,4.654736906401082,61.034368100459965,0.9497949863920817,32,0.5862068965517241,91.66666666666666,13.0,55.86206896551724,20.689655172413794,25.800000000000168,0.0
25,1,0,0.0013620151874964472,0.8653351110987164,107.82484895509548,4.524514008997985,65.77703656796966,0.9230254257110622,31,0.41379310344827586,91.66666666666666,14.0,47.58620689655172,18.620689655172413,24.600000000000225,0.0
25,1,0,0.0032274864231943584,0.7110353833399234,106.76838277247627,4.432086782805992,69.71488229147485,0.7115631131085806,31,0.3103448275862069,91.66666666666666,14.0,41.37931034482759,14.482758620689655,20.00000000000024,0.0
25,1,0,0.0004283235452256304,0.5569365940740891,105.50361963858579,3.4985629868663484,72.63449253885075,0.4600852192133733,31,0.1724137931034483,91.66666666666666,14.0,39.310344827586206,12.413793103448276,15.600000000000222,0.0
25,1,0,0.0021918491431054126,0.4029117751386377,104.23168768162458,1.3245001447848366,74.15020142686284,0.14457380886170276,31,0.10344827586206896,91.66666666666666,14.0,41.37931034482759,8.275862068965518,10.800000000000153,0.0
25,1,0,0.00318641235139428,0.24875164096955338,104.13495976888701,1.0690429591391875,74.18379911836263,-0.145235662677733,31,0.10344827586206896,91.66666666666666,13.0,41.37931034482759,4.137931034482759,6.600000000000094,0.0
25,1,0,0.004026075374360249,0.09444880514334053,104.21721623345933,0.6139595126617143,72.81542467211499,-0.42622377272587497,31,-0.034482758620689655,91.66666666666666,11.0,37.241379310344826,2.0689655172413794,2.0000000000000284,0.0
25,1,0,0.0006157326193592794,0.0020795073823203928,104.33920794944699,0.07550975381478617,70.27944747721457,-0.5395491621553388,31,0.0,91.66666666666666,9.0,41.37931034482759,0.0,0.0,0.0
25,1,0,0.0013533579475570785,0.002211235295234189,104.35043134356187,0.06645824795103909,67.63913770138797,-0.5126025719874694,31,0.0,91.66666666666666,8.0,43.44827586206897,0.0,0.0,0.0
25,1,0,0.003457261733819069,0.0021989880492356327,104.34458179523197,0.06697014555477446,65.16586983436784,-0.4782313787865602,31,0.0,91.66666666666666,6.0,47.58620689655172,0.0,0.0,0.0
25,1,0,0.0005230547779752868,0.0019519417465186067,104.33635966673113,0.06340259883756795,62.82060008483996,-0.4561512581106665,31,0.0,91.66666666666666,4.0,47.58620689655172,0.0,0.0,0.0
25,1,0,0.0019029200155886196,0.001950703827684637,104.33759073695887,0.06521322330900686,60.60672778875459,-0.42297241281363246,31,0.0,91.66666666666666,3.0,47.58620689655172,0.0,0.0,0.0
25,1,0,0.0016403476997981059,0.001803173137954824,104.34060334278362,0.06346986334782567,58.54050775296064,-0.397012408552616,31,0.0,91.66666666666666,1.0,43.44827586206897,0.0,0.0,0.0
25,1,0,0.0031466343969446028,0.0017660641865139726,104.33721743062945,0.06892631173186851,56.58365862928496,-0.37952225021725,31,0.0,91.66666666666666,0.0,43.44827586206897,0.0,0.0,0.0
25,1,0,0.0037186530378473712,0.001758515166117725,104.32744660122518,0.06871022398757179,54.746031948942694,-0.35441527888420093,31,0.0,91.66666666666666,0.0,51.724137931034484,0.0,0.0,0.0
25,1,0,0.005781944099659702,0.0018608598557509025,104.32425046255295,0.07267914732481151,53.008375192040134,-0.33597410576142783,31,0.0,91.66666666666666,0.0,57.93103448275862,0.0,0.0,0.0
25,1,0,,0.0020724622219318823,104.33121192844082,0.08286527754740246,51.52786281821084,-0.3064852714801896,31,0.0,91.66666666666666,0.0,57.93103448275862,0.0,0.0,0.03333333333333333
25,1,0,0.004993250394364429,0.002117385597161994,104.3310799735858,0.0847488948551204,49.94180402913031,-0.30223111089273624,31,0.0,91.66666666666666,0.0,53.793103448275865,0.0,0.0,0.03333333333333333
25,1,0,0.0,0.002073155125843974,104.33244169038156,0.09161043749799244,48.44630932284607,-0.2750801454947064,31,0.0,91.66666666666666,0.0,55.86206896551724,0.0,0.0,0.03333333333333333
25,1,0,0.00340966438647565,0.0021927825169873777,104.34579098972824,0.09989884987526038,47.03921678634421,-0.26708584305620775,31,0.0,91.66666666666666,0.0,60.0,0.0,0.0,0.03333333333333333
25,1,0,0.001513567709964644,0.0020490353286342473,104.34502533739295,0.09819122078930659,45.70222864635229,-0.24956709987623513,31,0.0,91.66666666666666,0.0,49.6551724137931,0.0,0.0,0.03333333333333333
25,1,0,0.002465118110155694,0.001949064340313468,104.33442453733575,0.10239304738666423,44.4525591951058,-0.23577516999315087,31,0.0,91.66666666666666,0.0,39.310344827586206,0.0,0.0,0.03333333333333333
25,1,0,0.004917410401346799,0.0019709791001527514,104.32858682197487,0.09608075753793566,43.587880523643925,-0.21839132603291048,31,0.0,91.66666666666666,0.0,39.310344827586206,0.0,0.0,0.06666666666666667
25,1,0,0.0025947603247066086,0.0017230202524188387,104.31402966420093,0.10067940237384004,42.43696453573056,-0.21220081301738908,31,0.0,91.66666666666666,0.0,35.172413793103445,0.0,0.0,0.06666666666666667
25,1,0,0.0020540089268455196,0.0017914360327958613,104.31832871240319,0.09220823151388462,41.430498461944985,-0.1983413073588564,31,0.0,91.66666666666666,0.0,37.241379310344826,0.0,0.0,0.1
26,1,9,0.9672893751834143,0.9479359047440441,58.16266148493663,27.2939050571937,34.475644531080576,0.6524487174090406,3,0.06896551724137931,95.83333333333334,2.0,45.51724137931034,2.0689655172413794,20.39999999999996,0.03333333333333333
26,1,9,0.9646595209105562,0.9789257554395674,72.25325046728868,20.882261508611215,37.96574075088372,0.6634222104141541,6,0.1724137931034483,95.83333333333334,3.4285714285714284,45.51724137931034,4.137931034482759,24.799999999999944,0.03333333333333333
26,1,8,,0.9772216137692795,80.27467187600975,15.277038465472979,40.46367697877729,0.621913461407241,11,0.3793103448275862,91.66666666666666,4.5,43.44827586206897,6.206896551724138,27.599999999999923,0.13333333333333333
26,1,8,,0.9754583115902181,85.87228045061117,10.960384407206835,42.18825472017381,0.5144859214189114,17,0.5172413793103449,95.83333333333334,4.0,53.793103448275865,6.206896551724138,27.999999999999954,0.3
26,1,7,,0.9735519437586972,90.35359272534618,5.8112725025614,43.52021275392022,0.4032303158018469,19,0.5517241379310345,91.66666666666666,4.8,47.58620689655172,8.275862068965518,28.600000000000037,0.43333333333333335
26,1,6,,0.9718966720126166,92.92140541505971,4.418014996328636,45.19798695077981,0.29791666951180845,20,0.5862068965517241,91.66666666666666,5.454545454545454,45.51724137931034,10.344827586206897,28.20000000000012,0.6
26,1,5,,0.9703350689745195,95.55253771236099,1.8487953309839935,47.00443565766271,0.17840792808318823,24,0.6551724137931034,87.5,6.0,47.58620689655172,10.344827586206897,28.20000000000021,0.7666666666666667
26,1,5,,0.9731159386202162,94.5381999250776,3.4762556428587192,49.34826671967896,0.04240703955179186,29,0.7586206896551724,91.66666666666666,6.0,51.724137931034484,8.275862068965518,28.00000000000029,0.9333333333333333
26,1,4,,,,,,,30,0.6206896551724138,95.83333333333334,7.0,45.51724137931034,8.275862068965518,27.800000000000374,1.0
26,1,4,,,,,,,33,0.5172413793103449,95.83333333333334,7.0,49.6551724137931,8.275862068965518,27.800000000000395,1.0
26,1,3,,,,,,,33,0.4827586206896552,95.83333333333334,8.0,64.13793103448276,8.275862068965518,27.40000000000039,1.0
26,1,2,0.9661979997827389,0.9661979997827389,95.00499360005661,,74.85456554368027,,33,0.41379310344827586,91.66666666666666,9.0,64.13793103448276,8.275862068965518,27.40000000000039,0.9666666666666667
26,1,1,0.9621840318810241,0.9650643363368668,93.96995152224952,3.105428181486906,75.9445454069888,0.07191329980011965,31,0.2413793103448276,95.83333333333334,9.0,51.724137931034484,8.275862068965518,27.200000000000387,0.8
26,1,0,0.9643597315988132,0.9642214659495395,95.54416827745962,2.97232229449911,76.9588741698767,0.14078991664487128,33,0.10344827586206896,91.66666666666666,9.0,49.6551724137931,10.344827586206897,27.40000000000039,0.6333333333333333
26,1,0,0.0014537278358964102,0.7841391449054335,96.20681307030878,2.6307955336924413,77.73358342890964,0.13586431606889288,33,0.06896551724137931,95.83333333333334,8.0,47.58620689655172,8.275862068965518,25.200000000000358,0.4666666666666667
26,1,0,0.001539059697768357,0.6275577870784489,96.50999656682271,2.419191339588864,77.49108869298757,0.024272582519738593,33,0.0,95.83333333333334,8.0,39.310344827586206,6.206896551724138,20.200000000000287,0.3333333333333333
26,1,0,0.0033258175632164613,0.5026697892783726,96.75435599405469,2.209597147747658,76.75159031336939,-0.07366108319328107,33,0.034482758620689655,95.83333333333334,7.0,28.96551724137931,4.137931034482759,15.600000000000222,0.16666666666666666
26,1,0,0.0026497917388334097,0.40050414392507033,96.9898141322907,2.0500901240930323,75.82777584457652,-0.19019009839384965,33,0.0,95.83333333333334,6.0,28.96551724137931,4.137931034482759,11.000000000000156,0.03333333333333333
26,1,0,0.003925754187713617,0.23444254431062342,97.6735240201077,0.5299300989698963,74.47039784803385,-0.3466837366560719,33,0.034482758620689655,95.83333333333334,5.0,31.03448275862069,2.0689655172413794,6.400000000000091,0.03333333333333333
26,1,0,0.002586373755847178,0.06866771865171113,97.72570409104198,0.06438044514725458,72.32539985736265,-0.5035808264477105,33,0.0,95.83333333333334,5.0,41.37931034482759,0.0,1.8000000000000256,0.03333333333333333
26,1,0,0.0003577413861857714,0.0019634663187482176,97.72839165533027,0.060120558039774195,69.56347761874488,-0.516898994158266,33,0.0,95.83333333333334,4.0,39.310344827586206,0.0,0.0,0.03333333333333333
26,1,0,0.003705229254236872,0.0020302941201926572,97.72599162383655,0.0589175656314058,67.23323185637547,-0.5108445965590387,33,0.0,95.83333333333334,4.0,39.310344827586206,0.0,0.0,0.0
26,1,0,0.004325248755671957,0.0019413957448406287,97.72114591966643,0.0655250654567476,64.76572818420246,-0.48363758304315446,33,0.0,95.83333333333334,3.0,41.37931034482759,0.0,0.0,0.0
26,1,0,0.0033102664343217687,0.001939431122885782,97.72446345253304,0.06729247071965505,62.44879805146022,-0.45093913985202677,33,0.0,95.83333333333334,2.0,41.37931034482759,0.0,0.0,0.0
26,1,0,0.00250760397120282,0.0021412104350609987,97.7139714136901,0.07117650123579469,60.261823051179014,-0.4207778441664587,33,0.0,95.83333333333334,1.0,43.44827586206897,0.0,0.0,0.0
26,1,0,0.002264042737345951,0.002141879824548712,97.71864155216846,0.08044031945169973,58.205837811151746,-0.3995690385154403,33,0.0,95.83333333333334,0.0,31.03448275862069,0.0,0.0,0.0
26,1,0,0.0025756040870594985,0.0022333015071005833,97.72070467307097,0.08046936107536697,56.40219461080147,-0.37707212900892,33,0.0,95.83333333333334,0.0,37.241379310344826,0.0,0.0,0.03333333333333333
26,1,0,0.0024582469945399806,0.0025259583141464155,97.72096507791514,0.07604825700743974,54.517629632865614,-0.34970634094797454,33,0.0,95.83333333333334,0.0,31.03448275862069,0.0,0.0,0.03333333333333333
26,1,0,0.003428185631693035,0.002605353578908116,97.71236967410333,0.08115602644457938,52.75755222898929,-0.3364555153164399,33,0.0,95.83333333333334,0.0,31.03448275862069,0.0,0.0,0.03333333333333333
26,1,0,4.150213073204669e-05,0.0025518981156473076,97.70023435243999,0.08596386766887873,51.074473207359055,-0.31317692730922814,33,0.0,95.83333333333334,0.0,26.896551724137932,0.0,0.0,0.03333333333333333
26,1,0,0.002719303571087041,0.002462890239851397,97.71030138984041,0.0914795856996369,49.50247204986653,-0.29094248070351003,33,0.0,95.83333333333334,0.0,26.896551724137932,0.0,0.0,0.03333333333333333
27,1,3,0.5295462927848078,0.5259720917941059,16.407966732833174,13.095856313141487,27.334944169370985,0.14799704635181007,2,0.06896551724137931,50.0,0.0,22.75862068965517,0.0,0.0,0.0
27,1,2,,0.5297490267564444,22.751320332103226,14.530075458157842,28.025674910190055,0.14543696051063476,4,0.13793103448275862,58.333333333333336,1.7142857142857142,28.96551724137931,2.0689655172413794,0.0,0.03333333333333333
27,1,0,0.5250282167571966,0.5279141604755023,31.262807053855223,16.030378719214916,28.776961711155124,0.14346832873427964,2,0.06896551724137931,58.333333333333336,4.5,31.03448275862069,6.206896551724138,0.0,0.03333333333333333
27,1,0,,0.5261580699842525,39.28205987652574,15.572308882418255,29.460965015178193,0.1404856176420577,3,0.10344827586206896,70.83333333333334,4.0,35.172413793103445,6.206896551724138,4.000000000000001,0.06666666666666667
27,1,0,0.5144633673890465,0.5236373685002947,49.45296912350643,15.905750303531335,30.22200273124244,0.13908873861296028,4,0.10344827586206896,79.16666666666666,3.6,33.10344827586207,6.206896551724138,9.0,0.06666666666666667
27,1,0,0.5123543220342558,0.5198821934157983,59.3418724546341,16.803935908144233,31.014791004827774,0.14793432444070378,6,0.20689655172413793,91.66666666666666,3.272727272727273,37.241379310344826,6.206896551724138,13.999999999999982,0.06666666666666667
27,1,0,0.5042789165507954,0.5167093900500572,69.29471760600072,17.370059271572206,31.846476508599086,0.15600061910087604,8,0.20689655172413793,100.0,3.0,37.241379310344826,6.206896551724138,18.999999999999964,0.06666666666666667
27,1,2,0.5122047975978636,0.5144957281656399,77.36677559669012,16.156502487262497,32.60012163446105,0.16467557276319253,12,0.3448275862068966,100.0,3.0,41.37931034482759,4.137931034482759,23.999999999999947,0.03333333333333333
27,1,4,0.5124090566295354,0.5119551118405247,84.58163596290396,13.216338910644605,33.435258119827786,0.1595831325826582,14,0.41379310344827586,100.0,3.0,39.310344827586206,0.0,28.99999999999993,0.03333333333333333
27,1,6,0.510621031568769,0.5102404979946172,89.70722767102572,9.067272402074451,34.17891714143995,0.1652051646027442,16,0.41379310344827586,100.0,3.0,37.241379310344826,0.0,28.999999999999943,0.0
27,1,8,0.5085303243745404,0.5091172941812221,93.5154459779232,4.976086748313595,34.975058154069764,0.15427354086926828,17,0.4482758620689655,100.0,3.0,33.10344827586207,0.0,29.000000000000018,0.0
27,1,10,0.5086629108891718,0.5092853933181267,95.59827467237307,1.7173266617332186,35.66324401926104,0.14161749581870733,17,0.41379310344827586,100.0,3.0,26.896551724137932,0.0,29.000000000000107,0.03333333333333333
27,1,12,0.5051997302070456,0.5095183302219665,96.12073440087178,0.08421046554888738,36.336610061349056,0.1395045174604639,21,0.41379310344827586,100.0,3.0,24.82758620689655,0.0,29.000000000000195,0.06666666666666667
27,1,13,0.5089638395249312,0.5092806286850541,96.11602370750298,0.09006295111189787,37.043829371291906,0.13258387882084627,22,0.3448275862068966,100.0,2.0,20.689655172413794,0.0,29.000000000000284,0.06666666666666667
27,1,15,0.5069145683905156,0.5093840744322766,96.11054119590327,0.09008887195590143,37.729563522756294,0.12725360187591822,23,0.3103448275862069,100.0,0.0,18.620689655172413,0.0,29.000000000000373,0.06666666666666667
27,1,18,0.5073510308408101,0.509832710819183,96.11450245344204,0.08807504144263821,38.30757455903037,0.11437821705778851,25,0.3103448275862069,100.0,0.0,18.620689655172413,0.0,29.000000000000412,0.1
27,1,20,0.508417644578309,0.5091595285237077,96.1061624426212,0.0848047682528875,38.93341685191446,0.10604601513774613,26,0.3103448275862069,100.0,0.0,18.620689655172413,0.0,29.000000000000412,0.1
27,1,22,0.5093305603105504,0.5090801153375514,96.10033466899081,0.0989084341138111,39.44593387665212,0.1023148986083832,28,0.3793103448275862,100.0,0.0,22.75862068965517,0.0,29.000000000000412,0.06666666666666667
27,1,24,0.5103475626113381,0.5089685045953685,96.10022671073509,0.09683237597547965,39.90244142372184,0.09658747095062822,31,0.3448275862068966,100.0,0.0,20.689655172413794,0.0,29.000000000000412,0.03333333333333333
27,1,24,0.5106949988154611,0.5092085607837794,95.2196654084485,2.3120545219470454,40.390750393726975,0.08891009333159773,31,0.3103448275862069,91.66666666666666,2.0,20.689655172413794,4.137931034482759,28.600000000000406,0.03333333333333333
27,1,24,0.5057006892048199,0.5092097160895639,94.43649703162525,2.8508931825357284,40.82147400718335,0.08425189435098225,31,0.27586206896551724,91.66666666666666,4.0,20.689655172413794,8.275862068965518,26.400000000000375,0.03333333333333333
27,1,24,,0.5089618570330974,93.66762015670311,3.104810809259852,41.161606164740334,0.08138134698209315,29,0.13793103448275862,91.66666666666666,6.0,18.620689655172413,12.413793103448276,25.40000000000036,0.03333333333333333
27,1,23,0.5088316885940579,0.5095424275236824,92.80437744723413,3.264866809335667,41.564123842062365,0.073836037528561,32,0.13793103448275862,87.5,8.0,22.75862068965517,16.551724137931036,23.800000000000338,0.03333333333333333
27,1,23,0.5102895468329517,0.5093800111865319,91.77983233424924,3.0811574501197003,41.88857692163914,0.06930489979330484,32,0.10344827586206896,87.5,10.0,28.96551724137931,20.689655172413794,21.600000000000307,0.06666666666666667
27,1,23,0.507855421045042,0.5092855646991412,90.6666104252934,2.6611309340552793,42.24694342979232,0.06449848394322912,32,0.034482758620689655,87.5,12.0,33.10344827586207,24.82758620689655,19.400000000000276,0.06666666666666667
27,1,24,0.5094419162851446,0.5094199601532269,90.50451900719106,2.478188902765162,42.57989079414311,0.06451497930567471,32,0.034482758620689655,91.66666666666666,13.0,39.310344827586206,22.75862068965517,17.400000000000247,0.06666666666666667
27,1,23,0.5086727909088942,0.5098378715322083,90.58411157469921,2.309529651729699,42.908468984511735,0.050301514062934566,33,0.13793103448275862,87.5,15.0,41.37931034482759,22.75862068965517,19.400000000000276,0.06666666666666667
27,1,22,0.5121675947107802,0.5101333057890142,90.1395097375377,2.4230962565152785,43.1647941265724,0.050001738372591045,32,0.034482758620689655,87.5,18.0,43.44827586206897,24.82758620689655,18.000000000000256,0.03333333333333333
27,1,22,0.5119169640550515,0.5105330135783216,89.72049817221829,2.3502367860732383,43.409911558510736,0.04995491148607556,30,0.0,87.5,20.0,41.37931034482759,24.82758620689655,17.200000000000244,0.03333333333333333
27,1,22,0.5080019503022116,0.5106938045819602,90.04508909173329,2.559371421359081,43.63715749825817,0.043644183089221425,30,-0.034482758620689655,87.5,22.0,41.37931034482759,24.82758620689655,15.600000000000222,0.0
27,1,22,0.5088687942379599,0.5110979021752372,90.29752938350909,2.3861663713360444,43.8457942961948,0.03873907573788818,30,-0.06896551724137931,87.5,24.0,35.172413793103445,24.82758620689655,15.400000000000219,0.0
28,1,25,0.9614415349024498,0.9368893773848259,52.876120675419294,20.26521213094321,33.06018016722189,0.5391900572250947,2,0.06896551724137931,83.33333333333334,10.0,49.6551724137931,10.344827586206897,15.599999999999977,0.03333333333333333
28,1,25,0.9503782871988801,0.9642847005759974,63.49045458984729,14.778492365209804,35.891053024075795,0.5354507205038845,0,0.0,95.83333333333334,12.0,51.724137931034484,14.482758620689655,19.199999999999964,0.03333333333333333
28,1,25,0.9479386206386899,0.9604021818477975,73.09705744650421,11.358925955367718,38.68229589576457,0.5415033330731106,7,0.2413793103448276,95.83333333333334,13.5,53.793103448275865,18.620689655172413,21.999999999999947,0.03333333333333333
28,1,25,0.9493001890000671,0.9581630916500594,76.89651819320585,10.87278591409967,41.4281177155723,0.5064345745807206,6,0.1724137931034483,100.0,14.666666666666666,53.793103448275865,22.75862068965517,23.399999999999928,0.03333333333333333
28,1,25,0.9456080929176841,0.9556308884508199,79.02452262762216,10.563124548576704,43.807809040639114,0.5286079656533735,8,0.20689655172413793,100.0,15.6,57.93103448275862,24.82758620689655,24.99999999999993,0.0
28,1,24,0.9432864521978742,0.9517652171820904,83.27768151911106,8.055408093294151,46.49915255675359,0.5446057619571194,14,0.41379310344827586,95.83333333333334,17.454545454545453,66.20689655172414,26.896551724137932,26.000000000000007,0.0
28,1,25,0.9461000316764232,0.9490764114943536,87.7937721543401,6.520062745770127,49.18833729652833,0.5294360806393704,20,0.5862068965517241,100.0,17.0,68.27586206896552,24.82758620689655,26.40000000000009,0.0
28,1,24,0.9404905790593036,0.9469299395736548,90.78277961367658,6.489876987079811,51.83653984502823,0.5201422645575718,19,0.5172413793103449,95.83333333333334,20.0,57.93103448275862,26.896551724137932,26.60000000000017,0.0
28,1,24,0.9487883121645151,0.9459717728191789,92.04632115831772,7.211835463472674,54.385016157743365,0.4968179265608419,21,0.5172413793103449,95.83333333333334,22.0,55.86206896551724,26.896551724137932,26.80000000000025,0.0
28,1,24,0.9461707260047584,0.9451480205370636,94.35366558946288,6.459460063485673,56.80149660012294,0.4673785613063921,21,0.5172413793103449,95.83333333333334,24.0,53.793103448275865,24.82758620689655,26.80000000000033,0.0
28,1,23,,0.9445497626768757,96.65711679957786,4.3719158319341105,58.88915516790222,0.42998492156076823,22,0.41379310344827586,95.83333333333334,26.0,49.6551724137931,24.82758620689655,27.200000000000387,0.03333333333333333
28,1,21,0.9437663626043197,0.9440763276070242,98.6270969034335,2.4961589315119683,60.923042815458864,0.418774363418166,23,0.3103448275862069,95.83333333333334,26.0,43.44827586206897,24.82758620689655,27.200000000000387,0.06666666666666667
28,1,19,0.9414800867514671,0.9432704249272816,100.0709924501631,3.5673708267214943,63.10801128365985,0.39843437214480215,22,0.10344827586206896,95.83333333333334,25.0,33.10344827586207,24.82758620689655,27.000000000000384,0.06666666666666667
28,1,17,0.9395528278221678,0.9427617558514599,101.31393044763988,4.046264148507643,65.17737242730384,0.3803908641831822,24,0.13793103448275862,95.83333333333334,25.0,35.172413793103445,24.82758620689655,26.80000000000038,0.06666666666666667
28,1,15,0.936210407551619,0.9424824552318247,102.36416242755931,4.2964770464799615,66.98274974507017,0.3509199721866393,27,0.1724137931034483,100.0,25.0,35.172413793103445,24.82758620689655,26.200000000000372,0.1
28,1,13,0.9345409960248974,0.9420623183482406,103.82825015754685,4.014640146340641,68.89134203802486,0.3346185821499748,29,0.27586206896551724,100.0,25.0,41.37931034482759,24.82758620689655,25.600000000000364,0.1
28,1,11,0.9378552584185696,0.941332499620216,105.28808820049538,3.319614007076798,70.50751927039401,0.31296776786902175,30,0.27586206896551724,100.0,25.0,41.37931034482759,24.82758620689655,25.200000000000358,0.06666666666666667
28,1,9,0.9421236034413819,0.9408245705161298,106.44327408040797,2.9747154229565447,71.96826599278614,0.2980961800744333,31,0.27586206896551724,100.0,24.0,41.37931034482759,24.82758620689655,24.800000000000352,0.03333333333333333
28,1,7,0.9383593140691519,0.9406046934116661,106.0174432510118,3.319886799979716,73.47723338981905,0.2815014686577518,32,0.3103448275862069,100.0,25.0,43.44827586206897,24.82758620689655,25.200000000000358,0.03333333333333333
28,1,5,0.9400523203961195,0.9412770475943101,104.94279431430856,4.16064127731376,74.85932122392666,0.2566707021389946,32,0.1724137931034483,100.0,24.0,41.37931034482759,24.82758620689655,25.800000000000367,0.03333333333333333
28,1,3,0.9424332140769991,0.9421029703546766,104.40589059534636,4.2647160915138524,75.9572091049446,0.2291788139186371,33,0.20689655172413793,100.0,24.0,53.793103448275865,22.75862068965517,26.00000000000037,0.0
28,1,1,0.949069004757111,0.9426463701095077,103.92519474952978,4.1184696234666225,77.05961542849352,0.2081415444284103,32,0.10344827586206896,100.0,24.0,60.0,24.82758620689655,26.200000000000372,0.0
28,1,0,0.0039014407710016986,0.8177578580182205,102.66621708729859,3.8172438016318777,77.83914471935904,0.09794241779524453,32,0.034482758620689655,95.83333333333334,23.0,72.41379310344827,22.75862068965517,23.000000000000327,0.0
28,1,0,0.003396554936008404,0.6613862158427288,101.24336101299942,2.6723311594714643,77.90316327481165,-0.053965041507398406,32,0.034482758620689655,95.83333333333334,21.0,82.75862068965517,18.620689655172413,18.600000000000264,0.0
28,1,0,0.004694811706632802,0.5050116349762298,100.68804703166032,2.386731966230152,77.26747684183937,-0.18910338757929718,32,0.0,95.83333333333334,19.0,80.6896551724138,14.482758620689655,13.800000000000196,0.0
28,1,0,,0.3600034764494434,100.80868885128662,2.0935911088575763,76.23159948392751,-0.30646338634480524,32,0.0,95.83333333333334,17.0,72.41379310344827,8.275862068965518,9.000000000000128,0.03333333333333333
28,1,0,0.0043187647960127576,0.19723766029741435,100.30423786539508,1.5974926214146845,74.29140325418601,-0.4367374517633258,32,0.0,95.83333333333334,15.0,60.0,4.137931034482759,4.600000000000065,0.03333333333333333
28,1,0,0.002658563017404032,0.03451779024339324,99.65058341021873,0.07188864691218994,71.79249175239008,-0.5489208528538453,32,0.0,95.83333333333334,13.0,62.06896551724138,0.0,0.20000000000000284,0.03333333333333333
28,1,0,0.0003447167221274315,0.002107773823663163,99.6589386943135,0.07500650612074371,68.98794600544667,-0.5287186583950415,32,0.0,95.83333333333334,11.0,47.58620689655172,0.0,0.0,0.03333333333333333
28,1,0,0.0022116183602349498,0.0023428623730967044,99.6440644372306,0.0695711247175492,66.50175253821351,-0.5042170355397197,32,0.0,95.83333333333334,9.0,45.51724137931034,0.0,0.0,0.06666666666666667
28,1,0,0.00017120776429804287,0.0022203094946859374,99.65122420391667,0.07644469441049839,63.9193850876033,-0.4653041181181214,32,0.0,95.83333333333334,7.0,49.6551724137931,0.0,0.0,0.06666666666666667
29,0,21,0.8539625606824314,0.8439422050324561,21.171316816076736,10.95383495967691,28.83990301480064,0.26045173733157595,1,0.034482758620689655,25.0,8.0,20.689655172413794,8.275862068965518,0.0,0.03333333333333333
29,0,22,0.8577110994808597,0.8607285573229276,25.815422543792874,7.239588353295912,30.225206178358885,0.26478383718244447,1,0.034482758620689655,25.0,8.571428571428571,18.620689655172413,10.344827586206897,0.0,0.03333333333333333
29,0,22,0.862255941832116,0.8597569026492281,27.644200428947002,4.446989981959864,31.54764654899512,0.2509033954791651,0,-0.034482758620689655,20.833333333333336,10.5,16.551724137931036,14.482758620689655,0.0,0.03333333333333333
29,1,23,0.855140863089968,0.8584023521904387,29.333588167795053,4.476847562959063,32.67355905548095,0.24882174233788773,2,0.034482758620689655,29.166666666666668,10.666666666666666,20.689655172413794,16.551724137931036,0.0,0.0
29,1,24,0.8629858709568511,0.8578172813318031,29.911322813032022,4.686723054332004,33.89258534496365,0.23414888839860062,1,0.034482758620689655,33.33333333333333,12.0,22.75862068965517,18.620689655172413,0.0,0.0
29,1,25,0.857891098008318,0.8581435648542163,29.18304121429407,5.061035207779063,35.04048845174396,0.21578210287626318,0,0.0,33.33333333333333,12.0,24.82758620689655,16.551724137931036,0.2,0.0
29,1,25,,0.8581283404398332,29.759500362492293,5.02849525290165,36.0031256862845,0.19875574747409996,0,0.0,37.5,13.0,24.82758620689655,16.551724137931036,0.2,0.03333333333333333
29,1,25,0.855502769206763,0.8576770619273326,30.616860400859277,5.300716747083461,37.059003560023775,0.20265850242623418,3,0.10344827586206896,41.66666666666667,15.0,31.03448275862069,18.620689655172413,0.2,0.03333333333333333
29,1,25,0.8436264828194345,0.8561278380542013,34.782464372238046,7.820611000164364,38.083735106844664,0.19379293410122256,5,0.13793103448275862,58.333333333333336,17.0,43.44827586206897,20.689655172413794,0.2,0.03333333333333333
29,1,25,0.8404909096002017,0.8542512740412586,41.03425348876365,15.693204697196249,39.05932062991399,0.18577003543405834,2,0.0,75.0,19.0,41.37931034482759,22.75862068965517,0.6000000000000001,0.03333333333333333
29,1,25,0.8398464192728667,0.8514213210174951,48.99523474186448,21.09463547183148,40.00486920604587,0.17725208808621368,3,0.034482758620689655,75.0,21.0,43.44827586206897,22.75862068965517,1.0,0.03333333333333333
29,1,25,0.8376754687098608,0.8476716578808288,58.50842276484507,20.559743925148812,40.963670586732356,0.19524753915575793,3,0.034482758620689655,79.16666666666666,21.0,43.44827586206897,24.82758620689655,3.400000000000001,0.03333333333333333
29,1,25,0.840213373036736,0.8445533701521395,65.51392657763104,18.481830544836964,41.866831485486195,0.18862779035597543,2,0.034482758620689655,79.16666666666666,21.0,45.51724137931034,24.82758620689655,7.600000000000004,0.0
29,1,25,0.8352713761589278,0.8414977941744483,73.12879042165163,12.567638706879633,42.833664313108684,0.193129560097461,3,0.034482758620689655,83.33333333333334,22.0,41.37931034482759,24.82758620689655,11.79999999999999,0.0
29,1,26,0.8276324293504301,0.8378095672153889,82.26224342762559,11.119721317674012,43.823747833135826,0.20581049944125962,7,0.10344827586206896,100.0,22.0,45.51724137931034,24.82758620689655,15.999999999999975,0.0
29,1,26,0.8183730619416038,0.834420796455472,89.82449781160216,14.92312469034741,44.818336014682835,0.19799030594123762,14,0.41379310344827586,100.0,23.0,57.93103448275862,24.82758620689655,19.59999999999996,0.0
29,1,25,0.825839967449031,0.8321950256633762,94.58252256218003,16.23771803865398,45.70449016658611,0.1939941429379687,13,0.3448275862068966,95.83333333333334,24.0,60.0,26.896551724137932,23.599999999999945,0.03333333333333333
29,1,25,0.8261259912492246,0.8303544223622107,99.53775534982856,15.817385558134738,46.57297545226384,0.17597385180588776,15,0.4482758620689655,91.66666666666666,25.0,60.0,26.896551724137932,23.99999999999993,0.06666666666666667
29,1,25,0.8217734522607394,0.8279884473277417,104.6920381982562,12.889886631510038,47.464390837184034,0.16338565372884273,25,0.7241379310344828,95.83333333333334,25.0,76.55172413793103,26.896551724137932,22.99999999999992,0.06666666666666667
29,1,26,0.8215042152818355,0.825678085203003,110.39452130927917,6.147851039298977,48.30891279963347,0.1504983223655427,28,0.8620689655172413,100.0,25.0,80.6896551724138,24.82758620689655,22.59999999999998,0.06666666666666667
29,1,26,0.8252493727187208,0.8246913347079599,112.76827682699637,4.0761325880101955,49.09803684715187,0.14186564483621616,32,0.8275862068965517,100.0,25.0,74.48275862068965,24.82758620689655,22.800000000000058,0.06666666666666667
29,1,26,0.8209167668208192,0.8242652047296637,113.16128256271973,4.160603040827001,49.87574604160998,0.1426561970852861,32,0.6896551724137931,95.83333333333334,25.0,62.06896551724138,24.82758620689655,23.00000000000013,0.06666666666666667
29,1,26,0.8216004172674761,0.8240066194798159,113.91348906071045,4.182528197521054,50.57518954739675,0.14374894450030828,33,0.6896551724137931,95.83333333333334,25.0,68.27586206896552,24.82758620689655,22.8000000000002,0.03333333333333333
29,1,26,0.8239534891534693,0.8235048768238752,114.37251604788447,4.063087438372625,51.2601541221156,0.15601366820151158,32,0.5172413793103449,100.0,25.0,70.34482758620689,24.82758620689655,22.800000000000267,0.0
29,1,26,0.8189841805559861,0.8233981810317158,115.89575086124022,3.322396052908247,52.01875902980726,0.1451236048530652,33,0.27586206896551724,100.0,25.0,62.06896551724138,24.82758620689655,23.600000000000335,0.0
29,1,27,0.8275378888939976,0.8239000085808875,115.27622364330179,4.041549947237233,52.741401989667665,0.1448191582528293,33,0.10344827586206896,95.83333333333334,25.0,64.13793103448276,24.82758620689655,24.400000000000347,0.0
29,1,26,0.828803035628458,0.8246805594293082,113.24706844671681,5.8538154270940295,53.42344180053643,0.12644772076187075,32,0.034482758620689655,95.83333333333334,26.0,66.20689655172414,24.82758620689655,24.200000000000344,0.0
29,1,26,0.8233986996758449,0.8254140591144661,112.07361993790438,5.832953134214798,54.01932001301395,0.1123482161971814,32,0.06896551724137931,100.0,26.0,70.34482758620689,24.82758620689655,24.400000000000347,0.0
29,1,25,0.8240982676195995,0.8258194120839677,111.70734047772297,5.656868333208824,54.527746524254205,0.09546518525546431,32,0.06896551724137931,100.0,25.0,74.48275862068965,24.82758620689655,24.800000000000352,0.0
29,1,26,0.8181686635014381,0.8258269721634565,112.12366604202933,5.962982708977109,54.97942158850244,0.0846108512896246,32,0.0,100.0,25.0,72.41379310344827,24.82758620689655,24.800000000000352,0.0
29,1,26,0.8214577906896628,0.8257575989389304,111.75747720516249,5.532108294426196,55.385443566026275,0.08045707626581074,33,0.0,100.0,25.0,72.41379310344827,24.82758620689655,24.200000000000344,0.0
30,1,7,1.1197680950364683,1.1050035423237698,10.891856928899342,6.506268674716831,31.06086303100739,0.391089907849084,1,0.034482758620689655,25.0,2.0,14.482758620689655,2.0689655172413794,0.6000000000000001,0.03333333333333333
30,1,8,1.114416849889531,1.1165384880409899,13.195355084486676,4.922385891883501,32.856262615840144,0.3969887065823999,2,0.06896551724137931,29.166666666666668,1.7142857142857142,16.551724137931036,2.0689655172413794,0.6000000000000001,0.0
30,1,8,1.1160372809233567,1.1151727557213127,16.110011521523948,4.150979232004324,34.78001552188386,0.37289729375749414,1,0.034482758620689655,33.33333333333333,3.0,16.551724137931036,4.137931034482759,0.6000000000000001,0.0
30,1,9,1.1002627829134541,1.1129013097700136,20.053222371084154,7.5375434333358395,36.60073769965068,0.34866305088406996,1,0.034482758620689655,45.83333333333333,2.6666666666666665,16.551724137931036,4.137931034482759,0.6000000000000001,0.0
30,1,8,1.10023545587548,1.11100238509749,24.545291414112114,11.0132042014389,38.335104441807275,0.3340913574587299,2,0.034482758620689655,54.166666666666664,3.6,22.75862068965517,6.206896551724138,1.2,0.0
30,1,8,1.0891789884366665,1.1081475107800418,30.743813015040562,14.971333121542699,40.02301433036906,0.3384593554526803,2,0.034482758620689655,58.333333333333336,4.363636363636363,24.82758620689655,8.275862068965518,5.400000000000002,0.0
30,1,7,1.092027898120296,1.1042977856843827,37.53533251345973,16.53608901396059,41.5782151918175,0.34600534368361874,2,0.034482758620689655,62.5,5.0,26.896551724137932,8.275862068965518,9.999999999999995,0.03333333333333333
30,1,8,1.0841367221677314,1.0999930222480847,46.51405078412648,16.62162013602369,43.39514086763782,0.3509789502147027,2,0.034482758620689655,70.83333333333334,5.0,28.96551724137931,8.275862068965518,14.999999999999977,0.03333333333333333
30,1,8,1.0797656483576041,1.0942125237977753,56.42866544178117,16.355410939865475,45.28046843256024,0.3733697386771217,3,0.06896551724137931,75.0,6.0,28.96551724137931,8.275862068965518,19.799999999999958,0.03333333333333333
30,1,8,1.0746767354058386,1.088910955410262,65.84242490839505,16.59536283120181,47.2461472169815,0.38889440042545587,3,0.06896551724137931,87.5,6.0,28.96551724137931,6.206896551724138,24.59999999999994,0.03333333333333333
30,1,8,1.062773526702885,1.0826195854095815,76.31128755288302,17.26823356953056,49.26645070555589,0.39100406166517915,4,0.06896551724137931,100.0,7.0,33.10344827586207,8.275862068965518,27.799999999999926,0.03333333333333333
30,1,7,1.0673373925175678,1.077614230739367,85.29515553992141,16.824459045483042,51.30262220475391,0.39691113772015996,5,0.10344827586206896,95.83333333333334,8.0,31.03448275862069,8.275862068965518,27.999999999999954,0.03333333333333333
30,1,8,1.0692591126448423,1.0744724224142255,91.4971202450624,14.370196624022755,53.06041160555557,0.37345606039310175,5,0.06896551724137931,95.83333333333334,7.0,26.896551724137932,6.206896551724138,28.400000000000038,0.0
30,1,8,1.065729510212326,1.0711399876563366,97.39751979534722,10.093514312207047,54.92203321140979,0.3635666887017291,4,0.06896551724137931,100.0,8.0,22.75862068965517,8.275862068965518,28.200000000000124,0.0
30,1,7,1.0634239530920364,1.0688967843643011,101.35932598736555,6.4202372913051695,56.57663820503188,0.3457830754422721,6,0.10344827586206896,100.0,8.0,24.82758620689655,8.275862068965518,28.20000000000021,0.03333333333333333
30,1,7,1.067351218124561,1.0676073822119785,104.01359929516914,2.7631559772864067,58.302683029224504,0.3188487163801636,7,0.13793103448275862,95.83333333333334,9.0,20.689655172413794,10.344827586206897,28.200000000000298,0.03333333333333333
30,1,8,1.0663236605640118,1.067433244352677,105.00773009705635,2.6865771777299927,59.91724085330514,0.3109015751105775,8,0.13793103448275862,100.0,8.0,16.551724137931036,8.275862068965518,28.400000000000386,0.03333333333333333
30,1,7,1.0701232871906614,1.0675518645288116,105.3713807165668,2.896031546233889,61.439628387060395,0.2881812227431835,9,0.13793103448275862,100.0,8.0,18.620689655172413,8.275862068965518,28.600000000000406,0.03333333333333333
30,1,8,1.0688539674863564,1.0670198177325212,106.29342988029248,2.879652949548132,62.886514203771206,0.26945584779480214,10,0.20689655172413793,100.0,7.0,20.689655172413794,6.206896551724138,28.600000000000406,0.03333333333333333
30,1,8,,1.0670891006998307,106.38341700580396,2.6433623549380347,64.12881598773177,0.2363228894561537,10,0.20689655172413793,95.83333333333334,8.0,18.620689655172413,8.275862068965518,28.80000000000041,0.06666666666666667
30,1,8,1.0699589175688333,1.0672035426599442,106.00436148357635,2.9211172119341344,65.25131827998865,0.2354522144001601,10,0.13793103448275862,95.83333333333334,8.0,16.551724137931036,8.275862068965518,28.600000000000406,0.03333333333333333
30,1,8,1.064570729159535,1.0664622071794596,107.31313926130315,3.7321008153587836,66.34858565715764,0.22332579239375297,13,0.2413793103448276,100.0,8.0,20.689655172413794,6.206896551724138,28.600000000000406,0.06666666666666667
30,1,8,1.0624147193095312,1.0657328035079028,107.86923999735487,4.287594048511381,67.50230948807094,0.2021686241819264,12,0.13793103448275862,100.0,8.0,16.551724137931036,8.275862068965518,28.600000000000406,0.06666666666666667
30,1,9,1.0653423888033042,1.0648218549331756,108.72182687905465,4.748100053964158,68.57199703143556,0.19440732789259912,15,0.20689655172413793,100.0,7.0,18.620689655172413,6.206896551724138,28.600000000000406,0.06666666666666667
30,1,8,1.0654924602864595,1.064401110507275,108.79845236903682,4.746611266891606,69.56495024918298,0.17604350327163515,15,0.1724137931034483,95.83333333333334,8.0,16.551724137931036,8.275862068965518,28.600000000000406,0.06666666666666667
30,1,8,1.074053224985694,1.064245214222928,109.5525467484359,3.9895530467129485,70.37578795072564,0.1605442521842696,14,0.13793103448275862,95.83333333333334,8.0,16.551724137931036,8.275862068965518,28.2000000000004,0.03333333333333333
30,1,8,1.0609380734191356,1.063186462242691,111.86050378330232,3.0159779566989364,71.1489580586901,0.1518375538475905,17,0.20689655172413793,100.0,7.0,18.620689655172413,6.206896551724138,28.600000000000406,0.06666666666666667
30,1,7,1.0576635615659584,1.0629754893760006,113.03936307714999,4.425514293033871,71.82675950636687,0.1424936162887129,19,0.20689655172413793,100.0,7.0,20.689655172413794,8.275862068965518,28.600000000000406,0.03333333333333333
30,1,6,,1.0624791448241049,114.50585396172252,5.2060275177516075,72.47771913058216,0.13419695235010723,18,0.20689655172413793,100.0,8.0,20.689655172413794,8.275862068965518,28.2000000000004,0.06666666666666667
30,1,6,1.0544349491592095,1.0617658219793273,116.23209620747515,6.29007470733076,73.12527156820526,0.1259978795284813,19,0.1724137931034483,100.0,7.0,16.551724137931036,6.206896551724138,28.2000000000004,0.1
30,1,5,1.0571751287364783,1.060095983439378,118.70778835940946,5.554824469529463,73.8389862479719,0.12261600566505775,21,0.20689655172413793,100.0,8.0,22.75862068965517,8.275862068965518,28.000000000000384,0.1
31,1,21,1.01406492911053,0.9988226690926104,71.43177356407553,45.796250567497815,33.05337819634909,0.5696299642537778,1,0.034482758620689655,37.5,4.0,22.75862068965517,4.137931034482759,7.0000000000000036,0.03333333333333333
31,1,22,1.016467029888398,1.0330654633431133,96.24887214707782,46.448347971251685,36.09480433993888,0.5909000422038585,2,0.06896551724137931,37.5,5.142857142857143,20.689655172413794,6.206896551724138,11.199999999999992,0.03333333333333333
31,1,23,1.0091547670373713,1.0271669992701096,112.67614966920688,39.98939345632361,38.78520284016675,0.6005812458361757,0,0.0,37.5,7.5,24.82758620689655,10.344827586206897,14.79999999999998,0.0
31,1,22,1.026867684474685,1.0215887144983704,127.6801430234229,26.24407314850896,41.80810965308554,0.6100416334723131,0,0.0,33.33333333333333,9.333333333333334,24.82758620689655,14.482758620689655,15.999999999999975,0.0
31,1,22,1.021975374787324,1.0171909954624168,136.97986833068762,15.396306048357678,44.88587326025633,0.6180243703929843,1,-0.034482758620689655,29.166666666666668,10.8,18.620689655172413,18.620689655172413,16.79999999999997,0.0
31,1,22,1.0071443770079218,1.017736417432702,138.9720184827001,13.801034687826695,47.868188265424344,0.5849009526847289,1,0.0,33.33333333333333,12.0,20.689655172413794,18.620689655172413,13.99999999999997,0.0
31,1,21,1.00579941409662,1.0148481073818152,142.25064042351858,13.272210523558917,50.507792330347634,0.5686937518302078,2,0.06896551724137931,41.66666666666667,12.0,20.689655172413794,20.689655172413794,12.799999999999955,0.03333333333333333
31,1,19,1.0106594974500593,1.0148754256392356,140.09984300502825,11.384873712792219,53.40625609957101,0.5589773174498956,2,0.034482758620689655,37.5,14.0,22.75862068965517,22.75862068965517,12.999999999999954,0.03333333333333333
31,1,17,1.025642920798984,1.0171335252852272,136.37207380099474,13.98578022146559,56.201775748462204,0.5163563295021175,0,-0.034482758620689655,33.33333333333333,16.0,20.689655172413794,22.75862068965517,12.999999999999954,0.03333333333333333
31,1,16,0.9977763261902582,1.0162146757668784,136.9902084331234,14.96168728345693,58.790207034850276,0.49028753670416614,4,0.13793103448275862,45.83333333333333,17.0,26.896551724137932,20.689655172413794,11.799999999999958,0.03333333333333333
31,1,13,0.993019961874115,1.0119276246058202,144.98457996351829,23.062637088217038,61.227278128404905,0.4538629851213758,1,0.0,45.83333333333333,20.0,31.03448275862069,22.75862068965517,11.999999999999957,0.03333333333333333
31,1,11,0.9914566291659019,1.00717191218708,154.21839334078825,28.0582558656257,63.34305362794872,0.42681187990833314,3,0.0,45.83333333333333,21.0,33.10344827586207,22.75862068965517,15.999999999999972,0.06666666666666667
31,1,10,0.9762829845401647,1.0042003509034358,161.5098872327948,31.162274337088977,65.24980716647862,0.389949034630558,5,0.10344827586206896,50.0,21.0,33.10344827586207,22.75862068965517,16.400000000000045,0.03333333333333333
31,0,8,,0.9988124005753021,170.83450134273508,34.005968055620244,67.04247593527222,0.3593514881431609,6,0.13793103448275862,50.0,22.0,35.172413793103445,22.75862068965517,17.000000000000117,0.06666666666666667
31,0,5,0.9984707456809399,0.990932461814738,185.3513876825861,25.828262536702162,69.00569222556375,0.36332532204210577,2,0.06896551724137931,41.66666666666667,23.0,33.10344827586207,24.82758620689655,18.80000000000019,0.06666666666666667
31,0,4,0.9913987076881426,0.9865721432898246,194.0394160384394,12.423130461598916,70.85451629202534,0.3358456809715321,3,0.10344827586206896,41.66666666666667,22.0,22.75862068965517,22.75862068965517,23.20000000000025,0.06666666666666667
31,0,2,0.9987728157940069,0.9863826127046138,195.40121887263658,12.399075488437944,72.6708471546887,0.3280636619837515,1,-0.034482758620689655,37.5,22.0,16.551724137931036,22.75862068965517,24.200000000000312,0.06666666666666667
31,0,0,0.9888664067514981,0.9852436023855219,196.66634749407064,12.079235654021081,74.23996604657243,0.34973134700576847,3,-0.10344827586206896,41.66666666666667,22.0,18.620689655172413,22.75862068965517,24.800000000000352,0.03333333333333333
31,0,0,0.001539803118909846,0.8491078733332164,196.57544192777178,11.63901985397318,75.78434420097649,0.22889457497436574,4,-0.034482758620689655,41.66666666666667,21.0,22.75862068965517,18.620689655172413,21.80000000000031,0.03333333333333333
31,0,0,0.000490464643114572,0.690746819043648,194.62413209051385,10.34885357986156,76.36214214390648,0.06381044288991052,4,0.034482758620689655,41.66666666666667,19.0,22.75862068965517,14.482758620689655,18.000000000000256,0.0
31,0,0,0.0025178907316414623,0.5269380885085334,192.93018029888793,8.320981415717617,76.27660258906621,-0.08415645668516349,4,0.034482758620689655,41.66666666666667,17.0,28.96551724137931,10.344827586206897,13.40000000000019,0.0
31,0,0,0.0017658284999626228,0.3622655413050631,193.69476432986463,7.22673421154446,75.48829459230487,-0.24785634714357704,4,0.06896551724137931,41.66666666666667,16.0,35.172413793103445,8.275862068965518,9.400000000000134,0.0
31,0,0,0.002445474620463456,0.19801957452009128,193.78781346387234,4.946687974054108,73.92523819848637,-0.3836653951267158,4,0.06896551724137931,41.66666666666667,13.0,39.310344827586206,4.137931034482759,5.200000000000074,0.0
31,0,0,0.0023845421530884277,0.03491243215570485,192.27313983366113,0.057393028053130866,71.66855122120894,-0.5433616551561676,4,0.0,41.66666666666667,11.0,33.10344827586207,0.0,0.20000000000000284,0.0
31,0,0,0.004050869666325416,0.0021624805569900704,192.2735268284101,0.06471418128830475,68.96829433243619,-0.5273237800528041,4,0.0,41.66666666666667,10.0,35.172413793103445,0.0,0.0,0.0
31,0,0,0.004120911654850044,0.0021775529685724546,192.29306674999955,0.07417647857053847,66.40708329863976,-0.5019181647527615,4,0.0,41.66666666666667,8.0,31.03448275862069,0.0,0.0,0.0
31,0,0,0.003502115061878983,0.0021345978059844105,192.29733730240665,0.08250824361582568,63.982829729867234,-0.4639948274107893,4,0.0,41.66666666666667,5.0,22.75862068965517,0.0,0.0,0.0
31,0,0,0.004147426728406479,0.0022329493877694907,192.29773216810605,0.08495060000237664,61.714722676953606,-0.4421276476797772,4,0.0,41.66666666666667,4.0,28.96551724137931,0.0,0.0,0.0
31,0,0,0.0022693101258973447,0.002031171971511613,192.30050852042754,0.08509292405108106,59.58140966431964,-0.41328517892608413,4,0.0,41.66666666666667,2.0,31.03448275862069,0.0,0.0,0.0
31,0,0,0.0012622594718917502,0.0020616278129719106,192.31898278685426,0.08071073892415222,57.56266933434461,-0.3907890537565181,4,0.0,41.66666666666667,0.0,31.03448275862069,0.0,0.0,0.0
31,0,0,0.0,0.001816478663374649,192.31598930122672,0.07855182446602399,55.660039140238034,-0.3682810408141018,4,0.0,41.66666666666667,0.0,31.03448275862069,0.0,0.0,0.0
32,1,8,0.8659947999190724,0.861526141383699,56.05034766011426,28.168333450314034,30.768282258909537,0.42216490201675644,3,0.10344827586206896,91.66666666666666,8.0,53.793103448275865,8.275862068965518,8.000000000000004,0.03333333333333333
32,1,6,0.8643230329015227,0.8763868947632505,72.39938335380519,25.905596339945433,33.93171773623467,0.7458645097091865,4,0.13793103448275862,91.66666666666666,10.285714285714286,49.6551724137931,12.413793103448276,12.799999999999986,0.03333333333333333
32,1,4,0.8543527971800939,0.8697069088520744,85.87995506508773,20.102539838928912,38.622952017776264,1.0396598103948,5,0.06896551724137931,91.66666666666666,12.0,41.37931034482759,16.551724137931036,16.99999999999997,0.03333333333333333
32,1,2,0.8589542123789049,0.8667086831079772,92.80833860369921,17.59265211487082,43.60773993736801,1.3062823726653907,9,0.2413793103448276,87.5,13.333333333333334,47.58620689655172,20.689655172413794,21.599999999999955,0.03333333333333333
32,1,0,0.8580586819010302,0.8639284435307484,99.82077254337003,13.102945374583093,51.015363680860546,1.5661681993714767,11,0.27586206896551724,91.66666666666666,14.4,53.793103448275865,22.75862068965517,25.19999999999994,0.03333333333333333
32,1,0,0.0024263904839322155,0.7138434433488234,104.80536518929411,6.752297606703895,58.73858026205614,1.4568944756673636,12,0.3103448275862069,91.66666666666666,13.090909090909092,45.51724137931034,18.620689655172413,21.799999999999937,0.03333333333333333
32,1,0,0.0021382362062908815,0.5642000865788884,106.95858688787922,2.6601620960228245,65.54051643393865,1.2037563979994474,12,0.27586206896551724,91.66666666666666,12.0,43.44827586206897,16.551724137931036,17.399999999999938,0.03333333333333333
32,1,0,9.174912852872273e-05,0.41597244239230685,106.35268248924639,2.6501596144357182,70.50178462578546,0.7328822160803861,12,0.2413793103448276,91.66666666666666,12.0,47.58620689655172,12.413793103448276,12.599999999999955,0.03333333333333333
32,1,0,0.0018913140222544915,0.26848353949815307,105.62544848986228,2.120982638799084,73.13923729706042,0.20393633216307572,12,0.27586206896551724,91.66666666666666,12.0,49.6551724137931,8.275862068965518,8.39999999999997,0.03333333333333333
32,1,0,0.0,0.1452400002991516,105.15963516070723,1.4124883890863473,73.11933451791364,-0.15857794717149432,12,0.10344827586206896,91.66666666666666,12.0,43.44827586206897,4.137931034482759,4.199999999999985,0.0
32,1,0,0.001698039012718662,0.002496354116197807,104.76413101287086,0.07865989951779033,71.44651416302776,-0.5610852108009242,12,0.0,91.66666666666666,11.0,43.44827586206897,0.0,0.0,0.0
32,1,0,0.0035646984302467985,0.002418443655182293,104.76209086811285,0.08208202811770035,68.96456366550841,-0.5273197776855383,12,0.0,91.66666666666666,9.0,49.6551724137931,0.0,0.0,0.03333333333333333
32,1,0,0.002454269064521123,0.0021637264437167503,104.75782848299106,0.08251988046771602,66.32886308671526,-0.49504517086340577,12,0.0,91.66666666666666,8.0,47.58620689655172,0.0,0.0,0.03333333333333333
32,1,0,0.0031454754514797395,0.0022842857043822683,104.77537786903777,0.08429505982659602,63.84201225423238,-0.46953280791234836,12,0.0,91.66666666666666,6.0,39.310344827586206,0.0,0.0,0.03333333333333333
32,1,0,0.0,0.0020238450998994366,104.77917711963379,0.08795157594004653,61.499061126729195,-0.43364099078647933,12,0.0,91.66666666666666,4.0,43.44827586206897,0.0,0.0,0.03333333333333333
32,1,0,0.005688890537212739,0.002167687217617748,104.77832961947662,0.088553033784489,59.3103604677373,-0.4144410182660884,12,0.0,91.66666666666666,2.0,41.37931034482759,0.0,0.0,0.03333333333333333
32,1,0,0.0002436040430414052,0.0018979555950732713,104.77337144647697,0.08639292601479275,57.23881316316805,-0.3908256157432898,12,0.0,91.66666666666666,0.0,41.37931034482759,0.0,0.0,0.03333333333333333
32,1,0,0.002702495517899051,0.0017524329719374183,104.78147568358919,0.08403107084310442,55.517114419216824,-0.36808177505772893,12,0.0,91.66666666666666,0.0,43.44827586206897,0.0,0.0,0.0
32,1,0,0.005330350885892857,0.001978200121899767,104.77358359103623,0.08101781848655297,53.734650062036,-0.3455685009404803,12,0.0,91.66666666666666,0.0,41.37931034482759,0.0,0.0,0.0
32,1,0,0.0005749052352169633,0.001969269570375174,104.77346896824473,0.08717189471998103,52.06207221664696,-0.3220947326243303,12,0.0,91.66666666666666,0.0,45.51724137931034,0.0,0.0,0.0
32,1,0,0.001560486646223062,0.0019641241398366807,104.76733565896953,0.08545933999271144,50.483131382092694,-0.31157093352203813,12,0.0,91.66666666666666,0.0,45.51724137931034,0.0,0.0,0.0
32,1,0,0.0012945992964835298,0.002051625015034288,104.77392659341928,0.08163009587194094,49.08798868190502,-0.28786736597548057,12,0.0,91.66666666666666,0.0,49.6551724137931,0.0,0.0,0.03333333333333333
32,1,0,0.002363304753616864,0.0021304880060734202,104.77279698570592,0.08517571778719407,47.64612991155172,-0.2745847162896585,12,0.0,91.66666666666666,0.0,45.51724137931034,0.0,0.0,0.03333333333333333
32,1,0,0.002471845282705929,0.002328677463260052,104.76447407694977,0.08582009770948404,46.275046164077146,-0.25321273964720764,12,0.0,91.66666666666666,0.0,49.6551724137931,0.0,0.0,0.03333333333333333
32,1,0,0.0011255356110736355,0.0023148164500029693,104.77135030318968,0.08618167189728929,45.001645801947134,-0.23604344999231439,12,0.0,91.66666666666666,0.0,51.724137931034484,0.0,0.0,0.03333333333333333
32,1,0,0.003505989763230291,0.0023599938097641506,104.76096180447118,0.07529102718231179,43.78539333325716,-0.23181228441746404,12,0.0,91.66666666666666,0.0,55.86206896551724,0.0,0.0,0.03333333333333333
32,1,0,0.0007275113066541831,0.0022558816386712153,104.7728944947858,0.08180151329020163,42.654592118395,-0.20348707864451937,12,0.0,91.66666666666666,0.0,53.793103448275865,0.0,0.0,0.03333333333333333
32,1,0,0.00449862075830624,0.0023071519421657026,104.76094751041238,0.0876243164790328,41.73301996645526,-0.19594412230237807,12,0.0,91.66666666666666,0.0,51.724137931034484,0.0,0.0,0.0
32,1,0,0.0027610424852514033,0.00220222610206218,104.76018524860473,0.08033466613662969,40.753975789202634,-0.19101178559206425,12,0.0,91.66666666666666,0.0,47.58620689655172,0.0,0.0,0.0
32,1,0,0.003874314208369908,0.0019620264681401685,104.76216878181124,0.08657822550123932,39.836907210531514,-0.178727818984893,12,0.0,91.66666666666666,0.0,45.51724137931034,0.0,0.0,0.0
32,1,0,0.00034048702466875184,0.001785664358884951,104.76939014627831,0.09451214023275938,38.9636692388877,-0.16387552449091106,12,0.0,91.66666666666666,0.0,45.51724137931034,0.0,0.0,0.0
33,0,31,0.5880211161404557,0.5949378044827017,26.442636920644553,20.67150054793761,27.5581834464459,0.17192250748710153,1,0.034482758620689655,50.0,0.0,26.896551724137932,0.0,0.0,0.0
33,0,33,0.5838972637396926,0.5992637037324897,37.53212797025442,21.422109826525638,28.43199834146195,0.17437777498704235,5,0.1724137931034483,58.333333333333336,1.7142857142857142,37.241379310344826,2.0689655172413794,0.0,0.0
33,0,34,,0.5963533801133023,47.04940221422167,17.967005047685227,29.20476123173735,0.16673922995094256,4,0.13793103448275862,62.5,4.5,37.241379310344826,6.206896551724138,0.0,0.03333333333333333
33,0,33,,0.5944345795708054,52.742880490050474,13.940803706399667,29.623351800384068,0.1374547309046981,3,0.06896551724137931,62.5,8.0,35.172413793103445,12.413793103448276,0.0,0.2
33,0,34,,0.5925689066830244,58.08377524886041,9.940750355976064,30.03616850258277,0.10871489602617207,3,-0.034482758620689655,62.5,9.6,31.03448275862069,16.551724137931036,0.0,0.36666666666666664
33,0,33,,0.5905365033484078,62.77947615293584,6.294365205291595,30.46047298459002,0.07775130090515309,4,0.06896551724137931,66.66666666666666,12.0,35.172413793103445,22.75862068965517,0.0,0.5333333333333333
33,0,32,,0.5890628507884956,66.76754623147903,2.1441788649517424,30.915510305289658,0.05297924620197871,2,-0.06896551724137931,62.5,14.0,31.03448275862069,28.96551724137931,0.0,0.7
33,0,33,,0.5899259821444138,66.99523892889883,1.2591534176121504,31.34281657246163,0.020172439696300795,1,-0.13793103448275862,62.5,17.0,26.896551724137932,31.03448275862069,0.0,0.8666666666666667
33,0,33,,,,,,,1,-0.10344827586206896,66.66666666666666,19.0,28.96551724137931,31.03448275862069,0.0,1.0
33,0,33,,,,,,,3,-0.06896551724137931,66.66666666666666,22.0,31.03448275862069,33.10344827586207,0.0,1.0
33,0,33,,,,,,,3,0.0,66.66666666666666,25.0,35.172413793103445,33.10344827586207,0.0,1.0
33,0,32,0.5861124149699667,0.5861124149699667,69.34286083090113,,38.14442258741345,,2,0.0,58.333333333333336,28.0,26.896551724137932,33.10344827586207,0.0,0.9666666666666667
33,0,32,0.5864232329614459,0.5880443956767326,71.04506162773828,2.393852853003341,38.40413755623353,0.014701889058886617,2,0.0,58.333333333333336,31.0,28.96551724137931,35.172413793103445,0.0,0.8
33,0,31,0.5892939059125007,0.5882918605662485,70.02019623448508,2.6238884070582196,38.62170199704064,0.03300827954560062,2,0.034482758620689655,58.333333333333336,33.0,33.10344827586207,35.172413793103445,0.0,0.6333333333333333
33,0,30,0.5875870638623287,0.5879755490343757,71.2242025263643,3.3444373060448274,38.839542750774946,0.05092732140539306,3,0.06896551724137931,58.333333333333336,34.0,39.310344827586206,35.172413793103445,0.0,0.4666666666666667
33,0,30,0.5917118774384127,0.5878649908774062,71.34586397371335,3.34024147964767,39.088955462202684,0.06759211554511411,5,0.13793103448275862,58.333333333333336,33.0,33.10344827586207,33.10344827586207,0.0,0.3
33,0,30,0.5879041859232612,0.5882376971085334,69.31838288295069,5.316228332481232,39.29969116918496,0.0739448597032971,2,0.0,58.333333333333336,34.0,31.03448275862069,33.10344827586207,0.0,0.13333333333333333
33,0,31,0.5938339149721421,0.589134846558071,67.43087499671368,6.615458227895616,39.54702382518205,0.07901539733448763,3,0.06896551724137931,62.5,33.0,35.172413793103445,33.10344827586207,0.0,0.0
33,0,31,0.5889335403080274,0.5896449091802193,64.95396340842119,7.4831794141884656,39.954834478936796,0.08389076120725551,4,0.034482758620689655,62.5,32.0,33.10344827586207,28.96551724137931,0.0,0.0
33,0,30,0.5897915427000952,0.5904246507440981,63.162403189575386,7.680164684448915,40.35599731463175,0.07542062038493998,2,-0.034482758620689655,58.333333333333336,33.0,31.03448275862069,33.10344827586207,0.0,0.0
33,0,30,0.5926646126512218,0.5914647582731144,60.52754710863279,6.1020997410467395,40.69802845157065,0.0641268651481566,2,-0.1724137931034483,58.333333333333336,33.0,22.75862068965517,31.03448275862069,0.0,0.03333333333333333
33,0,30,0.585846478215957,0.5919319916571968,58.598665944447646,3.091613215686586,41.01348331144916,0.06264622678410127,2,0.0,54.166666666666664,33.0,28.96551724137931,31.03448275862069,0.0,0.03333333333333333
33,0,30,0.590030616999737,0.5922455222351909,58.56649582748388,3.059999602774177,41.30266207100567,0.04932272003810763,0,-0.06896551724137931,50.0,33.0,26.896551724137932,33.10344827586207,0.0,0.03333333333333333
33,0,31,0.5884289032756783,0.591773735387572,59.580668883881636,3.537964594346124,41.58258148893779,0.05241636060271892,3,0.034482758620689655,54.166666666666664,32.0,31.03448275862069,31.03448275862069,0.0,0.03333333333333333
33,0,31,0.5923051236135758,0.5915822462409279,59.30088066102678,4.019898626352932,41.83349815692071,0.04945990435537781,5,0.10344827586206896,54.166666666666664,32.0,35.172413793103445,33.10344827586207,0.0,0.06666666666666667
33,0,30,0.5895234903866736,0.59169232286219,58.90530130390858,4.326729329377019,42.062371579473876,0.0410161555801133,6,0.1724137931034483,54.166666666666664,31.0,35.172413793103445,31.03448275862069,0.0,0.1
33,0,29,0.5941965335124367,0.5915842279208429,58.995242498461906,4.448490297372522,42.276306749392965,0.04115807492750889,6,0.1724137931034483,58.333333333333336,30.0,39.310344827586206,28.96551724137931,0.0,0.06666666666666667
33,0,30,0.5830767739124756,0.5915677148911404,60.73927885409898,6.423962972031955,42.49650126367203,0.04690324057634927,6,0.13793103448275862,62.5,30.0,41.37931034482759,26.896551724137932,0.0,0.06666666666666667
33,0,27,0.58721833943185,0.5907948296878506,63.29451692927357,8.40551926906432,42.71447431027222,0.03628373783205284,7,0.10344827586206896,58.333333333333336,30.0,41.37931034482759,28.96551724137931,0.0,0.06666666666666667
33,0,26,0.5882915035946819,0.5905116549652705,65.9738416481783,10.965233163489332,42.901665518559604,0.032107819100440874,5,-0.06896551724137931,58.333333333333336,31.0,35.172413793103445,28.96551724137931,0.0,0.1
33,0,27,0.5861843570285049,0.589745716014238,69.99796165950282,10.41214641575485,43.06366379853174,0.03645781296329102,6,-0.034482758620689655,62.5,31.0,31.03448275862069,28.96551724137931,0.0,0.06666666666666667
34,1,2,1.118584684748194,1.090628116825966,37.311348387600525,27.285595887727634,34.4272314687421,0.6735948504436243,2,0.06896551724137931,66.66666666666666,6.0,39.310344827586206,6.206896551724138,7.600000000000004,0.06666666666666667
34,1,1,1.1069822574545645,1.127416331731789,52.904500525905426,27.66323941530404,38.109972536406964,0.6895506448010758,3,0.06896551724137931,70.83333333333334,6.857142857142857,37.241379310344826,8.275862068965518,11.399999999999991,0.06666666666666667
34,1,0,1.107588994262892,1.1224689550402063,63.63856093464056,27.30782617544776,40.945344457199134,0.6475432872181144,1,0.0,79.16666666666666,7.5,37.241379310344826,10.344827586206897,14.799999999999974,0.06666666666666667
34,1,0,1.1014202767082997,1.1154504445629412,76.27079802759042,24.735870398271416,44.096882658691754,0.6405481961006924,3,0.10344827586206896,83.33333333333334,6.666666666666667,39.310344827586206,10.344827586206897,18.599999999999955,0.1
34,1,0,1.0944403005161827,1.1089561559540722,88.550952915781,17.488929484509388,47.25213212134242,0.640385732873938,3,0.06896551724137931,87.5,6.0,33.10344827586207,8.275862068965518,23.599999999999937,0.06666666666666667
34,1,0,1.0869698391113691,1.104591018796266,98.31846878066628,13.667542025009494,50.28968678202099,0.6073217666166522,3,0.034482758620689655,100.0,5.454545454545454,22.75862068965517,6.206896551724138,26.199999999999918,0.1
34,1,0,1.0862451426757576,1.099535671571287,107.00367282481669,13.612614709093094,53.65627935768433,0.601753375297076,5,0.06896551724137931,100.0,5.0,24.82758620689655,4.137931034482759,27.799999999999972,0.1
34,1,0,1.0845762535212102,1.0949237541936097,113.79426298007223,11.93694120673069,57.05933583718119,0.6184715670628713,8,0.1724137931034483,100.0,5.0,26.896551724137932,2.0689655172413794,28.800000000000058,0.1
34,1,0,1.0869359367379272,1.091500297069671,118.61432465575422,9.423288448605879,60.11919280631607,0.6220294520121935,11,0.27586206896551724,100.0,5.0,24.82758620689655,0.0,29.000000000000146,0.06666666666666667
34,1,0,1.0875679610603926,1.0894263299072116,121.89927685425994,7.335863050614562,63.050534828650896,0.6272814060996047,13,0.3448275862068966,100.0,5.0,28.96551724137931,0.0,29.000000000000234,0.03333333333333333
34,1,0,1.0841474085855052,1.08726014674299,124.96727530813511,3.347152568777941,66.24204872848632,0.6204428774570443,14,0.3793103448275862,100.0,5.0,28.96551724137931,0.0,29.000000000000323,0.03333333333333333
34,1,0,1.0884367598155074,1.0862957276824268,125.99088683130306,0.08074678802625741,69.00324966002565,0.5869496437600609,16,0.4482758620689655,100.0,4.0,26.896551724137932,0.0,29.000000000000412,0.0
34,1,0,1.0865535761086467,1.086438879299784,125.98116598340934,0.07983036593393344,71.8394229763513,0.5484532023919179,18,0.41379310344827586,100.0,2.0,24.82758620689655,0.0,29.000000000000412,0.0
34,1,0,0.00396011561185285,0.9420690350057453,125.97903847748984,0.08682903429981666,74.20373589702368,0.38263177195898035,19,0.3793103448275862,100.0,1.0,26.896551724137932,0.0,25.200000000000358,0.0
34,1,0,0.003861118366878031,0.7613824703636733,125.97925835333139,0.08296917432756518,75.55046838260043,0.17875130570623873,19,0.2413793103448276,100.0,0.0,20.689655172413794,0.0,20.200000000000287,0.0
34,1,0,0.0,0.5804183639861631,125.97858568535962,0.07404427665745524,75.92106651431928,-0.024245593684856827,19,0.1724137931034483,100.0,0.0,20.689655172413794,0.0,15.200000000000216,0.0
34,1,0,0.0,0.39944263671002134,125.983146210003,0.0707043242805488,75.35590903997354,-0.21189104336526912,19,0.1724137931034483,100.0,0.0,24.82758620689655,0.0,10.200000000000145,0.0
34,1,0,0.0029682963290457234,0.21871494925862528,125.9858850716399,0.06766461376381089,73.92684465460079,-0.3819781272447941,19,0.034482758620689655,100.0,0.0,16.551724137931036,0.0,5.200000000000074,0.0
34,1,0,0.002032039616364714,0.03771891613540504,125.9882305490326,0.06937718827819955,71.69451597274059,-0.5475927897294468,19,0.0,100.0,0.0,20.689655172413794,0.0,0.20000000000000284,0.0
34,1,0,0.002462222316846162,0.0017580278518533519,125.9919805257539,0.06087503990379014,69.19069777968468,-0.527908844158119,19,0.0,100.0,0.0,20.689655172413794,0.0,0.0,0.03333333333333333
34,1,0,0.0027375562436148296,0.001737349078712215,125.99709761654348,0.06467535460380476,66.53674449231535,-0.497522413811732,19,0.0,100.0,0.0,26.896551724137932,0.0,0.0,0.03333333333333333
34,1,0,0.0012454505788060503,0.001751780857584359,125.98907428539478,0.07287216657879161,64.03562594702285,-0.4615244843106512,19,0.0,100.0,0.0,22.75862068965517,0.0,0.0,0.03333333333333333
34,1,0,0.0,0.0017264802505021057,125.99280310858931,0.07607607054358889,61.68391755183951,-0.4408763387814939,19,0.0,100.0,0.0,24.82758620689655,0.0,0.0,0.03333333333333333
34,1,0,0.0,0.0017028047417478765,126.00135965871053,0.07742108995732136,59.47017478929274,-0.41942476822322966,19,0.0,100.0,0.0,26.896551724137932,0.0,0.0,0.03333333333333333
34,1,0,0.004934118410794392,0.0018074076212580476,125.99940602240825,0.08012265549508964,57.39168676985653,-0.38969354822871066,19,0.0,100.0,0.0,24.82758620689655,0.0,0.0,0.03333333333333333
34,1,0,0.0022059198785060376,0.0017976966065837451,126.0067644641476,0.08005725873209003,55.682511565314506,-0.36567399447490884,19,0.0,100.0,0.0,31.03448275862069,0.0,0.0,0.0
34,1,0,0.0015316579616695147,0.0018010405911738998,126.01005711248023,0.08048430940539847,53.899345567882435,-0.35144507433108907,19,0.0,100.0,0.0,31.03448275862069,0.0,0.0,0.0
34,1,0,0.001812471332656801,0.001939227705645664,126.0141460517173,0.08275256613049213,52.217179550131185,-0.3256257599345411,19,0.0,100.0,0.0,31.03448275862069,0.0,0.0,0.0
34,1,0,0.0,0.0020032094817807994,126.02003717625364,0.0886240550969807,50.63630212325742,-0.3104593070169981,19,0.0,100.0,0.0,31.03448275862069,0.0,0.0,0.0
34,1,0,0.0,0.002077390648633914,126.01725967367413,0.09215578904221063,49.24927772074919,-0.2924658587013399,19,0.0,100.0,0.0,28.96551724137931,0.0,0.0,0.03333333333333333
34,1,0,0.0029512710776267172,0.0020774459970363266,126.01278777900357,0.08852567212926832,47.77799038463983,-0.2752617332185906,19,0.0,100.0,0.0,33.10344827586207,0.0,0.0,0.03333333333333333
35,1,20,0.43695340303773217,0.44107231473782665,21.61265985641128,14.300888462058458,26.441926425729825,0.09449079794800522,11,0.3793103448275862,45.83333333333333,0.0,45.51724137931034,0.0,0.0,0.03333333333333333
35,1,21,0.4353541421786122,0.44216678055766007,30.3941170902633,14.481676172837068,26.897346269485816,0.08454397285031909,10,0.3448275862068966,54.166666666666664,0.0,43.44827586206897,0.0,0.0,0.03333333333333333
35,1,22,0.4364629545389749,0.4409054675224519,38.42604359602431,15.908644213023136,27.29442034521674,0.07899950003336456,11,0.1724137931034483,58.333333333333336,1.5,28.96551724137931,2.0689655172413794,0.0,0.0
35,1,22,0.43379489987231246,0.43880611274001946,46.76587038747191,15.621871823819957,27.73571371220828,0.08999475726634128,12,0.13793103448275862,58.333333333333336,4.0,26.896551724137932,6.206896551724138,0.0,0.0
35,1,22,,0.4370588919705458,53.84149592329708,13.667467343158632,28.12571891484199,0.08313343829030594,10,0.06896551724137931,58.333333333333336,6.0,24.82758620689655,10.344827586206897,0.0,0.03333333333333333
35,1,22,0.43294982879254257,0.43578155183575906,58.6365917577752,10.312085919152386,28.546270985886697,0.08698693026277152,10,-0.034482758620689655,58.333333333333336,7.636363636363637,20.689655172413794,14.482758620689655,0.0,0.03333333333333333
35,1,23,0.4362879998642571,0.4344300647147519,63.136496706280084,6.623480425851923,28.972271653722963,0.08934222030923239,15,0.1724137931034483,62.5,8.0,28.96551724137931,16.551724137931036,0.0,0.03333333333333333
35,1,23,0.438554844402361,0.4340967678112938,66.09812384764605,4.12565196351379,29.406750681186402,0.08500791112604598,15,0.1724137931034483,62.5,10.0,33.10344827586207,20.689655172413794,0.0,0.03333333333333333
35,1,23,0.43461753345133447,0.43329946503248173,67.43932181988495,3.264224068121142,29.843598307162825,0.0837867402927288,14,0.13793103448275862,62.5,12.0,31.03448275862069,22.75862068965517,0.0,0.03333333333333333
35,1,23,0.4343056948161781,0.43373344370016714,67.61853760167834,3.2220473907669573,30.25196472077166,0.08332608081170988,13,0.10344827586206896,62.5,14.0,28.96551724137931,22.75862068965517,0.0,0.03333333333333333
35,1,23,0.43423362896866213,0.4338683438673388,67.1420369426451,3.1591233471875517,30.609209488118474,0.07583666256677472,20,0.3793103448275862,62.5,16.0,43.44827586206897,22.75862068965517,0.0,0.0
35,1,23,0.43757721655920007,0.43384853562433423,68.15280747487654,2.2194777069045664,30.98086741098628,0.07210327304712723,22,0.3448275862068966,62.5,18.0,43.44827586206897,22.75862068965517,0.0,0.0
35,1,22,0.4356700955073119,0.4336364631402658,69.04797020958719,2.9252177659184406,31.324813133489183,0.07245038434172518,22,0.3103448275862069,66.66666666666666,20.0,43.44827586206897,22.75862068965517,0.0,0.0
35,1,23,0.43050975009759723,0.432969626732593,70.7457792879205,4.847239181943609,31.664854181339717,0.07224541162395412,23,0.2413793103448276,70.83333333333334,21.0,39.310344827586206,22.75862068965517,0.0,0.0
35,1,23,0.4331970627152432,0.4330915611351147,71.8423720744591,5.2235671394002665,31.958587552834913,0.05994494860707607,23,0.3103448275862069,70.83333333333334,22.0,45.51724137931034,22.75862068965517,0.0,0.0
35,1,23,0.4351707908889906,0.43301754078183663,72.7168031433535,4.990951707998498,32.247703831080365,0.05392045090241284,26,0.4482758620689655,70.83333333333334,22.0,51.724137931034484,22.75862068965517,0.0,0.0
35,1,23,0.435719727834984,0.43277930328685116,73.84834853385851,4.2768862505586105,32.52242290098699,0.06065106292402591,28,0.27586206896551724,70.83333333333334,22.0,41.37931034482759,22.75862068965517,0.0,0.0
35,1,23,0.4336427223785635,0.43192167684067645,75.37238397418436,3.5813219405577184,32.78507935121064,0.05431693782751597,31,0.3103448275862069,70.83333333333334,22.0,45.51724137931034,22.75862068965517,0.0,0.0
35,1,23,0.42732753699984777,0.43142188595024566,76.53584956255057,3.4973626333353,33.05308168680702,0.0513388080557952,29,0.1724137931034483,70.83333333333334,23.0,41.37931034482759,22.75862068965517,0.0,0.0
35,1,23,0.43345201349120216,0.4314684847008372,76.49085275631529,3.395292917896008,33.3029731766649,0.05173644504517497,31,0.27586206896551724,70.83333333333334,23.0,47.58620689655172,22.75862068965517,0.0,0.0
35,1,23,0.4303112305646731,0.4314098046801575,76.62665489497036,3.351422476959709,33.5596674976844,0.04815953253704429,30,0.13793103448275862,70.83333333333334,23.0,39.310344827586206,22.75862068965517,0.0,0.0
35,1,22,0.43593959026916496,0.43124380013187746,77.13902430248059,2.8423886421910147,33.78713632440301,0.043512267874695684,30,0.06896551724137931,70.83333333333334,23.0,47.58620689655172,22.75862068965517,0.0,0.0
35,1,22,0.4273980239308904,0.43069296642673155,78.52692281021956,2.478127417056596,34.019924245893606,0.04852513888562957,31,0.0,70.83333333333334,23.0,47.58620689655172,24.82758620689655,0.0,0.0
35,1,22,0.42230964348767097,0.4303909260111539,79.72642667538807,3.2059281373046824,34.25109993307772,0.04457597076007098,31,0.0,70.83333333333334,23.0,49.6551724137931,24.82758620689655,0.0,0.0
35,1,23,0.4316635865148723,0.43036790079945375,80.41055962730319,3.688662105858182,34.46574745049948,0.046186886173909744,30,0.0,75.0,22.0,51.724137931034484,22.75862068965517,0.0,0.0
35,1,23,0.4284600962007941,0.429594745056119,81.33741756745964,3.9256597963931275,34.66013512927914,0.0346005251883648,29,-0.06896551724137931,75.0,23.0,45.51724137931034,22.75862068965517,0.0,0.0
35,1,23,0.42994774690165566,0.4288354847783676,81.58089189783226,3.7339781875495337,34.858729315822295,0.04190558242874295,31,-0.034482758620689655,75.0,23.0,43.44827586206897,22.75862068965517,0.0,0.0
35,1,23,0.4264283060329024,0.4281397545227452,81.46276878157049,3.9368659356980706,35.059645271920644,0.03173688741022181,30,-0.06896551724137931,75.0,23.0,35.172413793103445,22.75862068965517,0.0,0.0
35,1,23,0.4346299388675967,0.4285581885865634,80.14751768735098,4.846287058984193,35.232616212168644,0.03498772752788402,30,-0.034482758620689655,75.0,23.0,28.96551724137931,22.75862068965517,0.0,0.0
35,1,23,0.4242044990934269,0.42919441502935524,78.61790096655565,4.755260094574791,35.41129493420626,0.036744810864655426,32,0.06896551724137931,75.0,23.0,37.241379310344826,22.75862068965517,0.0,0.0
35,1,23,0.43089313720429495,0.42953322900839763,77.4145527649781,4.099965935652845,35.57911757007142,0.03172253139820655,31,-0.06896551724137931,75.0,23.0,37.241379310344826,22.75862068965517,0.0,0.0
36,1,33,0.8412742593911763,0.8234953315077013,32.291782627516724,14.95686744123646,30.61334380923909,0.39043004982016144,4,0.13793103448275862,50.0,10.0,39.310344827586206,10.344827586206897,0.0,0.0
36,1,34,0.838492550149315,0.8424857137617686,38.53995395350187,10.110300981085064,32.60582283513848,0.3960729005114142,5,0.1724137931034483,58.333333333333336,12.0,45.51724137931034,14.482758620689655,0.0,0.0
36,1,33,0.8366752114117021,0.8404383872475628,42.959885674752606,6.008579610468321,34.396845713544295,0.37589389430696596,7,0.06896551724137931,58.333333333333336,15.0,41.37931034482759,20.689655172413794,0.0,0.03333333333333333
36,1,33,0.8370173443656763,0.8389443475958936,45.90667485341542,3.854146790864949,36.31795904700901,0.35750206959820474,6,0.06896551724137931,58.333333333333336,17.333333333333332,37.241379310344826,26.896551724137932,0.0,0.03333333333333333
36,1,33,0.8349495070046572,0.8384129078948376,47.766564280101385,3.998800143573139,37.97778427340421,0.33976191160783914,4,0.0,58.333333333333336,19.2,37.241379310344826,33.10344827586207,0.0,0.06666666666666667
36,1,34,0.8295698770993752,0.8374471016932938,50.17893173291383,7.005869092787204,39.60162834791314,0.31978421637155524,9,0.1724137931034483,62.5,19.636363636363637,51.724137931034484,33.10344827586207,0.0,0.1
36,1,34,0.8286241869957323,0.8357529525623848,55.072321776927524,10.06012881575532,41.328953632407995,0.30005399653075815,17,0.41379310344827586,62.5,21.0,62.06896551724138,33.10344827586207,0.0,0.1
36,1,34,0.8219102313786474,0.8333327318180113,61.1358685797319,11.885426040715378,42.96536700144019,0.2750029918785525,24,0.6206896551724138,62.5,24.0,76.55172413793103,33.10344827586207,0.0,0.1
36,1,33,0.8296774251692428,0.8316395692616558,66.63764244525355,12.283048946518617,44.344966371199625,0.28197431446797705,30,0.7931034482758621,66.66666666666666,27.0,95.17241379310344,33.10344827586207,0.0,0.06666666666666667
36,1,34,0.826119089382091,0.8289552139113212,72.67236140032408,10.567499057945676,45.843334368796356,0.26831385853678297,31,0.896551724137931,70.83333333333334,29.0,115.86206896551724,33.10344827586207,0.2,0.06666666666666667
36,1,34,0.8223256753881855,0.827588942685244,76.53407560752693,7.105578054277143,47.08706353886278,0.26507695345074395,32,0.9655172413793104,70.83333333333334,32.0,130.3448275862069,33.10344827586207,2.8000000000000003,0.03333333333333333
36,1,34,0.8260117852991694,0.8266292183248287,77.96635808282329,4.961900557763771,48.24452808039012,0.24863213137147844,32,0.6551724137931034,70.83333333333334,33.0,132.41379310344828,33.10344827586207,6.200000000000003,0.0
36,1,33,0.8298453626558612,0.8261739339687704,78.27753892161122,4.378950438293742,49.46609086521006,0.23869982775514964,30,0.4827586206896552,75.0,33.0,130.3448275862069,33.10344827586207,9.599999999999998,0.0
36,1,33,0.8256078472234413,0.8262704103583524,77.93692032304989,4.558029379023538,50.623016333139894,0.2232365767940615,30,0.10344827586206896,75.0,34.0,122.06896551724138,35.172413793103445,13.199999999999985,0.0
36,1,34,0.8302617401301323,0.8260464312654403,77.00712782788261,4.382124097027755,51.69128768025909,0.20749505673092236,32,0.0,79.16666666666666,33.0,111.72413793103448,33.10344827586207,16.99999999999997,0.0
36,1,34,0.8184687294179641,0.8261326228987353,76.72394948750997,3.9677742455426297,52.73230860667588,0.21227864008967343,33,0.0,83.33333333333334,33.0,103.44827586206897,33.10344827586207,20.199999999999957,0.0
36,1,34,0.8246964793551586,0.8255004785576602,78.16470735960071,6.007743197258865,53.76719420658708,0.20836312487160116,32,0.10344827586206896,83.33333333333334,33.0,97.24137931034483,33.10344827586207,20.599999999999945,0.0
36,1,34,,0.824929585431292,80.27024988383548,6.9802900639317045,54.6719710320029,0.19786429742855474,32,0.034482758620689655,83.33333333333334,34.0,101.37931034482759,35.172413793103445,21.99999999999993,0.03333333333333333
36,1,34,0.8157225498818598,0.8223137068888533,84.30285408788035,8.173272899007182,55.746367465152254,0.20647088606205308,30,-0.10344827586206896,83.33333333333334,34.0,107.58620689655173,35.172413793103445,22.19999999999992,0.03333333333333333
36,1,34,0.8181670742168669,0.8207186980659226,87.19017366856062,7.445324048900462,56.831281497788495,0.21695178171209026,31,0.0,83.33333333333334,34.0,109.65517241379311,35.172413793103445,21.999999999999986,0.03333333333333333
36,1,35,,0.8189627904767169,90.64981585827556,5.8833482615533725,57.82962734478411,0.20523900513112098,33,0.06896551724137931,87.5,33.0,105.51724137931035,33.10344827586207,22.20000000000006,0.06666666666666667
36,1,35,0.8142416707943574,0.8175453766505131,94.0897095147724,5.214327231409676,58.95335139915172,0.20985686935261744,33,0.034482758620689655,87.5,34.0,109.65517241379311,33.10344827586207,22.400000000000126,0.06666666666666667
36,1,35,0.8169668369068024,0.8159398834884916,95.57449060879573,4.537919989441673,59.97653409939601,0.2150755953085288,33,0.034482758620689655,87.5,34.0,115.86206896551724,33.10344827586207,23.000000000000206,0.1
36,1,35,0.8154111616267908,0.8153920712265584,96.57224638598731,3.5429059380446235,61.03802140097532,0.20549838030407816,31,-0.06896551724137931,87.5,34.0,115.86206896551724,35.172413793103445,22.600000000000268,0.06666666666666667
36,1,35,0.8145460458474996,0.8153286893042812,98.00777608239007,4.8530337248751145,62.127531396201434,0.20193509930047684,32,0.034482758620689655,91.66666666666666,33.0,101.37931034482759,31.03448275862069,22.800000000000324,0.06666666666666667
36,1,36,0.813104211745105,0.815044450672552,99.15933684265597,3.9423757510049744,63.179625611821265,0.19798787571728446,33,0.0,87.5,33.0,103.44827586206897,33.10344827586207,22.800000000000324,0.06666666666666667
36,1,36,0.8149679444680693,0.8147115659695979,99.61973067719185,3.7041686251646686,64.080412811719,0.18644613842307273,32,0.034482758620689655,91.66666666666666,34.0,113.79310344827586,33.10344827586207,22.200000000000315,0.03333333333333333
36,1,36,0.8105300927043294,0.814047399494909,99.78045896804691,3.6780164985405013,65.02691098906071,0.18150793067796117,31,-0.034482758620689655,91.66666666666666,34.0,109.65517241379311,33.10344827586207,21.80000000000031,0.03333333333333333
36,1,36,0.8186582671457351,0.814536977200661,99.87570865695392,3.602322549997201,65.82244692353869,0.1689690704414917,30,-0.06896551724137931,91.66666666666666,34.0,109.65517241379311,33.10344827586207,21.0000000000003,0.0
36,1,35,0.8093121990640273,0.8134810197344247,100.19551771358712,3.279680006141316,66.63391811608129,0.15775523063584274,31,-0.06896551724137931,91.66666666666666,34.0,111.72413793103448,35.172413793103445,21.400000000000304,0.0
36,1,35,0.8139098987827268,0.8134150526631234,99.69104756845293,2.470736949922778,67.41673426846117,0.15008890601421904,32,0.034482758620689655,91.66666666666666,34.0,132.41379310344828,35.172413793103445,22.200000000000315,0.0
37,1,9,0.9467529775468603,0.932995040848983,67.60927547861566,29.899775648644795,31.766334168510593,0.4934103219183747,9,0.3103448275862069,95.83333333333334,4.0,62.06896551724138,4.137931034482759,14.39999999999998,0.03333333333333333
37,1,9,0.9442874478795238,0.9567647526222649,79.21540908742978,19.30769035033301,33.95870915593126,0.5337807114989953,8,0.13793103448275862,95.83333333333334,5.142857142857143,39.310344827586206,6.206896551724138,18.799999999999965,0.03333333333333333
37,1,8,0.9509782362400471,0.951838898054112,87.61927991541774,9.63811978471912,36.72482426649807,0.5418173009980884,11,0.27586206896551724,91.66666666666666,6.0,41.37931034482759,8.275862068965518,22.19999999999995,0.03333333333333333
37,1,9,0.9483483529582136,0.94886026285647,92.7041134160726,4.113594636037238,39.547955647970575,0.549240664558943,14,0.27586206896551724,95.83333333333334,5.333333333333333,35.172413793103445,8.275862068965518,24.39999999999993,0.03333333333333333
37,1,9,0.9404720766150003,0.9464856651582839,94.54514375354364,2.3329240252145667,42.33481521216322,0.5294080820165523,15,0.3448275862068966,95.83333333333334,6.0,31.03448275862069,10.344827586206897,25.999999999999922,0.03333333333333333
37,1,8,0.9432714942717956,0.9460839916679725,95.18260053825881,2.1968895061851548,45.031517912322116,0.5056448278639611,18,0.3448275862068966,100.0,6.545454545454546,33.10344827586207,10.344827586206897,25.79999999999999,0.03333333333333333
37,1,9,0.9509125341221729,0.9460509750170928,95.65270937956625,1.9398160091057617,47.57029555988956,0.47927733017604573,23,0.4827586206896552,100.0,6.0,39.310344827586206,8.275862068965518,26.400000000000077,0.03333333333333333
37,1,9,0.9440380706543108,0.9451663254192973,96.94057822003792,2.9258155536653296,49.67807101660183,0.4612673377440343,27,0.5862068965517241,100.0,7.0,45.51724137931034,8.275862068965518,26.600000000000158,0.0
37,1,9,0.9444655400923737,0.9447313295066019,97.80975383480977,2.2859869314678787,51.91328038204537,0.4374122589050288,32,0.6551724137931034,95.83333333333334,8.0,47.58620689655172,8.275862068965518,27.200000000000244,0.0
37,1,8,0.9523029577999206,0.9452714936551512,97.36759069580549,2.5326159097942087,53.99608479643829,0.40192459373275946,33,0.6206896551724138,95.83333333333334,9.0,49.6551724137931,10.344827586206897,26.800000000000328,0.0
37,1,8,0.9474544160439602,0.9462656939755691,96.82674584453542,2.967185614557716,55.924879051987645,0.3682623289121944,33,0.6206896551724138,95.83333333333334,10.0,55.86206896551724,10.344827586206897,26.80000000000038,0.0
37,1,8,0.9409517995838824,0.9464807591205214,96.74610679920843,3.0658213941844146,57.67733820864537,0.34062710787399003,32,0.4482758620689655,95.83333333333334,10.0,53.793103448275865,10.344827586206897,27.000000000000384,0.0
37,1,8,0.9438703788809848,0.9461337028528628,97.30201360777579,3.177066970405164,59.31495149555939,0.3143488991696478,33,0.3103448275862069,95.83333333333334,9.0,49.6551724137931,8.275862068965518,27.40000000000039,0.0
37,1,8,0.9476970282275493,0.9468777629916705,96.79543632696749,2.536681161963206,60.82413551145657,0.27961468262304146,32,0.1724137931034483,95.83333333333334,9.0,45.51724137931034,10.344827586206897,26.80000000000038,0.0
37,1,9,0.9430821616166799,0.946533778889164,96.95613999534649,2.466977260834991,62.19353427459308,0.2611006834811769,33,0.034482758620689655,95.83333333333334,8.0,49.6551724137931,8.275862068965518,26.80000000000038,0.0
37,1,9,0.9486628847236055,0.9465258862859847,97.30439511294445,2.325990238369122,63.36083262781441,0.24229353207516552,33,0.0,95.83333333333334,9.0,51.724137931034484,8.275862068965518,26.80000000000038,0.03333333333333333
37,1,8,0.947857349939362,0.9462764688605761,98.32092346664525,2.135249404945152,64.56046721476396,0.22505003857932887,32,-0.034482758620689655,100.0,9.0,43.44827586206897,8.275862068965518,26.400000000000375,0.03333333333333333
37,1,9,0.9437508344489597,0.945652187846757,100.15907681396014,3.3082466404502444,65.67042021081289,0.20393031654281926,33,0.034482758620689655,100.0,8.0,47.58620689655172,6.206896551724138,27.000000000000384,0.03333333333333333
37,1,8,0.9452937258592171,0.9458209214517502,101.14686206868346,3.9046535472846267,66.61614185979764,0.18172851252632755,33,0.0,100.0,9.0,43.44827586206897,8.275862068965518,26.600000000000378,0.06666666666666667
37,1,8,0.9415582806576404,0.945344019553458,102.8447019505866,4.763189858229382,67.55161253878391,0.1591697200256879,33,0.0,100.0,9.0,51.724137931034484,8.275862068965518,27.000000000000384,0.06666666666666667
37,1,8,0.9421438773708956,0.944740151267583,104.91171382057236,5.171218264072345,68.40924143736571,0.15291177563505762,32,-0.034482758620689655,100.0,9.0,53.793103448275865,8.275862068965518,27.200000000000387,0.06666666666666667
37,1,9,,0.9437018020604373,107.26803502010057,4.9239402769125835,69.03771511873428,0.1426704262744038,33,0.0,100.0,8.0,57.93103448275862,8.275862068965518,27.200000000000387,0.06666666666666667
37,1,8,0.9444600359240153,0.9433109780771861,108.97698061870108,2.9490599069081394,69.78430763117687,0.13673610945556558,33,0.034482758620689655,100.0,8.0,70.34482758620689,8.275862068965518,28.000000000000398,0.06666666666666667
37,1,8,0.9364266213449991,0.9428286955792847,109.59570688514493,2.7564627541650366,70.48313679821237,0.12326430533601176,33,0.034482758620689655,100.0,8.0,70.34482758620689,8.275862068965518,27.800000000000395,0.06666666666666667
37,1,9,0.9447514161836442,0.942630514486037,110.30975743886758,2.286982314486959,71.06123429445276,0.11666874878393783,33,0.0,100.0,8.0,78.62068965517241,8.275862068965518,28.000000000000398,0.03333333333333333
37,1,8,0.9477338374342715,0.9421662344286401,111.18777765124925,2.1656496551004203,71.68986425803863,0.11855916282998229,33,0.0,100.0,8.0,82.75862068965517,8.275862068965518,27.800000000000182,0.03333333333333333
37,1,7,0.9371788866285476,0.9424893307257275,111.45486936123278,1.960644452129106,72.25446560211958,0.11410199473794458,33,0.0,100.0,9.0,72.41379310344827,8.275862068965518,27.79999999999984,0.06666666666666667
37,1,6,0.940989751463939,0.9422749691955508,111.08663563182736,1.7545382531172846,72.81234752376935,0.11018825007177949,32,0.0,95.83333333333334,9.0,74.48275862068965,8.275862068965518,27.99999999999949,0.03333333333333333
37,1,6,0.9397002411050455,0.9417560581986982,112.27192931110434,2.295576046686408,73.41405277902338,0.11431297172007529,33,0.0,100.0,8.0,64.13793103448276,8.275862068965518,27.599999999999156,0.03333333333333333
37,1,5,0.940289400636388,0.9417510213706091,113.51271106880436,2.6442658858763486,74.00167310790363,0.11328102577716359,32,-0.034482758620689655,100.0,9.0,51.724137931034484,8.275862068965518,27.59999999999883,0.03333333333333333
37,1,5,0.9416488602014388,0.9408922805873188,114.99808991889076,3.12866343994154,74.59132530515808,0.11060491809037387,33,0.0,100.0,8.0,45.51724137931034,6.206896551724138,27.99999999999848,0.03333333333333333
38,1,11,0.6414538897340094,0.6382905936124148,161.94586224053202,62.15367571009584,40.1229880160197,1.0169988203669922,15,0.4482758620689655,62.5,0.0,55.86206896551724,0.0,21.199999999999957,0.03333333333333333
38,1,10,0.6361607489259374,0.6498442416283483,196.60221101543564,46.59910519757984,45.46589128872225,1.0226142969114262,21,0.6206896551724138,66.66666666666666,1.7142857142857142,55.86206896551724,2.0689655172413794,25.199999999999942,0.03333333333333333
38,1,8,0.6334954121909937,0.6471441256626388,215.85242239920913,41.6063790564572,49.9268618960928,0.9604275597183413,18,0.3793103448275862,66.66666666666666,4.5,43.44827586206897,6.206896551724138,25.199999999999925,0.0
38,1,7,0.6352500544321633,0.6439125716050625,234.56711215976043,31.547207638212647,54.1993308539213,0.9165872628424915,28,0.6896551724137931,66.66666666666666,5.333333333333333,57.93103448275862,8.275862068965518,25.79999999999995,0.03333333333333333
38,1,5,0.6408557441302015,0.6410491927542211,247.34853589357996,19.801360886596473,58.772995482865646,0.8611362692416703,31,0.8620689655172413,66.66666666666666,7.2,70.34482758620689,12.413793103448276,25.600000000000026,0.03333333333333333
38,1,3,0.6372936361544123,0.6390654180221228,255.02122272048635,11.982779006875873,62.800494683249724,0.8116951465469122,33,0.7241379310344828,66.66666666666666,8.727272727272727,62.06896551724138,16.551724137931036,25.6000000000001,0.06666666666666667
38,1,1,0.6398472518332166,0.6379757943874182,260.25947472086546,8.558457092935118,67.02699066616492,0.7677578487127016,31,0.4482758620689655,66.66666666666666,10.0,57.93103448275862,20.689655172413794,25.200000000000177,0.06666666666666667
38,1,0,0.0010461641043165032,0.5924837890173735,259.81874617368993,7.996925706937831,70.95804364799127,0.6700957171666417,31,0.3448275862068966,66.66666666666666,11.0,68.27586206896552,20.689655172413794,23.600000000000236,0.06666666666666667
38,1,0,0.002600607812500709,0.4787511841322299,258.56828847639537,8.569332674555701,73.75700013664998,0.4131831028184571,31,0.3448275862068966,66.66666666666666,11.0,78.62068965517241,16.551724137931036,19.40000000000025,0.06666666666666667
38,1,0,0.0032095789794917818,0.3745585399621269,256.08475792718826,7.605356621332531,74.97091739310696,0.17739969796407462,31,0.20689655172413793,66.66666666666666,11.0,68.27586206896552,12.413793103448276,15.000000000000213,0.03333333333333333
38,1,0,0.0006304781888500487,0.2649119849754477,255.33607086052984,7.738327488030865,75.28531263318885,-0.0794634280773181,31,0.0,66.66666666666666,11.0,57.93103448275862,10.344827586206897,10.800000000000153,0.03333333333333333
38,1,0,0.0017291073232614123,0.1714116727132778,254.25774095934088,7.239012233864425,74.4269428689577,-0.2523160766218578,31,-0.034482758620689655,66.66666666666666,11.0,57.93103448275862,6.206896551724138,6.600000000000094,0.0
38,1,0,0.0028176671249677565,0.06577402078505351,251.9948454662245,3.544795581431855,72.69502843042127,-0.4635293710437392,31,-0.06896551724137931,66.66666666666666,11.0,62.06896551724138,2.0689655172413794,2.0000000000000284,0.0
38,1,0,0.0016669491122401042,0.0020322594592741467,251.28927821148199,0.054255810715431736,70.11311368662167,-0.5386645015487821,31,0.0,66.66666666666666,10.0,62.06896551724138,0.0,0.0,0.0
38,1,0,0.002105904550390645,0.002291238366305551,251.29418389533325,0.06257234509289618,67.49281967098457,-0.5073066468427785,31,0.0,66.66666666666666,8.0,62.06896551724138,0.0,0.0,0.0
38,1,0,4.4418562100583446e-05,0.0021938895104749072,251.29434688572448,0.06088644128693809,65.01990291116822,-0.4779806287390047,31,0.0,66.66666666666666,7.0,64.13793103448276,0.0,0.0,0.0
38,1,0,0.0,0.002053127924704851,251.30611811011457,0.058452438639630275,62.70076526899455,-0.4585868162798866,31,0.0,66.66666666666666,5.0,68.27586206896552,0.0,0.0,0.0
38,1,0,0.0040463154675107645,0.0023463385051240232,251.3022034429418,0.06491773802995023,60.490523693646864,-0.42636344624775446,31,0.0,66.66666666666666,3.0,74.48275862068965,0.0,0.0,0.0
38,1,0,0.0008564195669819678,0.0019079299123852698,251.30698859292747,0.065147343026264,58.41977360927915,-0.4049620445847823,31,0.0,66.66666666666666,1.0,57.93103448275862,0.0,0.0,0.0
38,1,0,0.0008407274033111369,0.0018239576217970771,251.30410708356573,0.06798760826321765,56.47282487652511,-0.37838681291093124,31,0.0,66.66666666666666,0.0,55.86206896551724,0.0,0.0,0.0
38,1,0,0.002393800606041335,0.0014488587592372607,251.2982955454279,0.059978842633211536,54.78038273916304,-0.35896774115090974,31,0.0,66.66666666666666,0.0,62.06896551724138,0.0,0.0,0.03333333333333333
38,1,0,0.0026296415054423684,0.0016092434138913559,251.28956131012762,0.06453454996871309,52.99334167577209,-0.33484327002183756,31,0.0,66.66666666666666,0.0,68.27586206896552,0.0,0.0,0.03333333333333333
38,1,0,0.0,0.0016558656056140453,251.29492399848365,0.0767618516489551,51.30433069820156,-0.30947239510567387,31,0.0,66.66666666666666,0.0,82.75862068965517,0.0,0.0,0.03333333333333333
38,1,0,0.0010785395748347214,0.001561864388833824,251.29033347627407,0.07967381536080229,49.72870529705203,-0.2981456640279776,31,0.0,66.66666666666666,0.0,78.62068965517241,0.0,0.0,0.03333333333333333
38,1,0,0.0,0.0016990614443646449,251.28287399684666,0.07984018276381592,48.464636089291396,-0.2778789312445222,31,0.0,66.66666666666666,0.0,70.34482758620689,0.0,0.0,0.1
38,1,0,0.0030276135565093245,0.0019245338287951319,251.27938794267217,0.07680284344246642,47.051486977863846,-0.2697343747773296,31,0.0,66.66666666666666,0.0,78.62068965517241,0.0,0.0,0.13333333333333333
38,1,0,0.0005912400557685372,0.001954659074143048,251.28435528345656,0.08051571339952372,45.74642429182012,-0.24835936546347662,31,0.0,66.66666666666666,0.0,68.27586206896552,0.0,0.0,0.1
38,1,0,0.0024601549599248536,0.0018967617808333507,251.27972649664667,0.08918257713241404,44.420278745648176,-0.23112566508848456,31,0.0,66.66666666666666,0.0,57.93103448275862,0.0,0.0,0.1
38,1,0,0.0016109118696249001,0.0017859985618151445,251.26260272491228,0.07531206987534297,43.164336093631526,-0.21878120193738154,31,0.0,66.66666666666666,0.0,43.44827586206897,0.0,0.0,0.1
38,1,0,0.0,0.0016850821887241713,251.27816295005627,0.07744728747337924,42.073998374955394,-0.1902900205379419,31,0.0,66.66666666666666,0.0,51.724137931034484,0.0,0.0,0.13333333333333333
38,1,0,0.00254505289320993,0.0018448019421902337,251.28249129276386,0.07489934281394733,41.22720751105039,-0.18878124432374196,31,0.0,66.66666666666666,0.0,64.13793103448276,0.0,0.0,0.06666666666666667
39,0,19,0.6290461692622391,0.6135035260364833,25.81255510301727,13.468659675883377,31.033724540586313,0.40789440874391425,5,0.1724137931034483,41.66666666666667,0.0,31.03448275862069,0.0,0.6000000000000001,0.06666666666666667
39,0,21,,0.631980449164652,33.93161547811322,12.483157343756432,33.04961558966679,0.4029014828115093,6,0.20689655172413793,50.0,0.0,31.03448275862069,0.0,0.6000000000000001,0.1
39,0,23,0.6185357436787232,0.6295602601303507,42.74559479441219,14.563632235335474,35.2834420010024,0.39609982720938675,5,0.1724137931034483,62.5,0.0,26.896551724137932,0.0,0.6000000000000001,0.1
39,0,23,0.6222258905779747,0.6280217957476527,48.93917540295622,14.382511585251478,37.22174479408642,0.38035078447723053,3,0.10344827586206896,62.5,2.6666666666666665,26.896551724137932,4.137931034482759,1.2,0.06666666666666667
39,0,23,0.6205820635364175,0.6263055839501324,54.429650743661696,12.632231262593653,39.040740856383835,0.37620813119040436,5,0.13793103448275862,62.5,4.8,33.10344827586207,8.275862068965518,1.4,0.03333333333333333
39,0,23,0.6293127805073975,0.6255571183875446,60.27411808015619,9.146440513316557,40.930003768550996,0.35873408811830365,3,-0.06896551724137931,62.5,6.545454545454546,18.620689655172413,12.413793103448276,1.5999999999999996,0.03333333333333333
39,0,26,0.622121145971843,0.6247883306621507,65.39210865378496,6.799751168547121,42.610598319282076,0.34792860464478537,2,-0.13793103448275862,70.83333333333334,6.0,16.551724137931036,12.413793103448276,1.5999999999999996,0.06666666666666667
39,0,25,0.6154903954968817,0.6234699280050644,69.26007473297219,6.653652807414797,44.24240407767223,0.33653856940249716,1,-0.10344827586206896,66.66666666666666,9.0,16.551724137931036,18.620689655172413,2.2,0.03333333333333333
39,0,25,0.6222957241648169,0.6230869790521149,70.82764389362006,6.491085612514872,45.94607806762026,0.3119883553758742,4,0.034482758620689655,70.83333333333334,10.0,22.75862068965517,18.620689655172413,3.000000000000001,0.03333333333333333
39,0,26,0.6226008512346488,0.6227890269298665,72.17381130614216,5.755118228147287,47.403162607466015,0.29376495586250956,2,-0.034482758620689655,70.83333333333334,12.0,22.75862068965517,18.620689655172413,2.4000000000000012,0.06666666666666667
39,0,25,0.6269699102089051,0.6226150042476135,73.88691114216333,4.589829805736502,48.96888911925672,0.28901182721526175,3,0.0,66.66666666666666,15.0,24.82758620689655,20.689655172413794,2.200000000000001,0.06666666666666667
39,0,24,,0.6212573099614919,75.69910026902734,3.461106209932113,50.335345201611744,0.2631381311091117,5,0.13793103448275862,66.66666666666666,17.0,33.10344827586207,22.75862068965517,2.8000000000000016,0.1
39,0,24,0.6204045940085025,0.6208028412319495,75.48386950107893,3.638263583018292,51.677195990036005,0.2722567319780163,5,0.06896551724137931,66.66666666666666,19.0,28.96551724137931,26.896551724137932,2.600000000000002,0.06666666666666667
39,0,24,0.6202747105136136,0.620799715184262,74.50080232976838,3.3123089091261875,52.96375683305092,0.25275792018871723,4,0.10344827586206896,66.66666666666666,21.0,31.03448275862069,24.82758620689655,2.4000000000000017,0.1
39,0,24,0.6292019061668362,0.6215035109245671,73.2929148235064,4.272957972439861,54.33168847517669,0.2381470981403078,8,0.1724137931034483,66.66666666666666,23.0,33.10344827586207,24.82758620689655,2.0000000000000013,0.1
39,0,24,,0.6217795189537028,73.15742237203955,4.579094407015109,55.12511362146718,0.21033460376563723,8,0.13793103448275862,66.66666666666666,23.0,31.03448275862069,24.82758620689655,2.800000000000002,0.16666666666666666
39,0,24,0.6158152235644107,0.6221336477084128,71.05409690516531,5.713084153074433,56.38745150383485,0.20720009616945453,9,0.13793103448275862,66.66666666666666,23.0,31.03448275862069,24.82758620689655,2.200000000000002,0.16666666666666666
39,0,24,0.6223167972412246,0.6223908969908093,68.74267574281033,5.026266719439525,57.38471617461375,0.20259221674062644,9,0.06896551724137931,66.66666666666666,23.0,28.96551724137931,24.82758620689655,2.400000000000002,0.16666666666666666
39,0,24,0.6247792750113556,0.6236027680090708,66.37019589903797,4.371316065101033,58.52254293145643,0.18264184647817255,7,0.10344827586206896,62.5,26.0,31.03448275862069,26.896551724137932,3.200000000000002,0.16666666666666666
39,0,24,0.6241185842370586,0.6245425609864026,65.22032095419753,2.81940550165724,59.448451223986325,0.17630583256568413,8,0.13793103448275862,62.5,25.0,33.10344827586207,26.896551724137932,2.8,0.13333333333333333
39,0,25,0.6199581153667976,0.6241540450652562,64.50926987174057,2.71249284462483,60.40543430080226,0.16289639954254997,10,0.10344827586206896,66.66666666666666,25.0,31.03448275862069,24.82758620689655,3.1999999999999984,0.13333333333333333
39,0,23,0.6285211544085463,0.6247782235026207,63.53849784229748,2.6156237907538107,60.984636368363,0.15519868366351913,7,-0.034482758620689655,62.5,26.0,24.82758620689655,24.82758620689655,2.7999999999999963,0.03333333333333333
39,0,23,0.6193692643640041,0.6245538224793276,63.405533236257305,2.6762225388084655,61.688240966554055,0.13919900167740232,10,0.10344827586206896,66.66666666666666,25.0,31.03448275862069,26.896551724137932,2.199999999999995,0.06666666666666667
39,0,25,0.6215779096522859,0.6249371645308944,64.44619747367089,3.9504946473500766,62.28426262193876,0.11872003303285279,10,0.10344827586206896,70.83333333333334,24.0,28.96551724137931,22.75862068965517,3.1999999999999913,0.03333333333333333
39,0,24,0.624130085424664,0.6241574113422261,66.84344069039355,5.976267330725995,62.87301954174965,0.11204861243563441,10,0.034482758620689655,66.66666666666666,24.0,24.82758620689655,22.75862068965517,2.79999999999999,0.03333333333333333
39,0,24,0.6214042994821418,0.6231945705978154,68.8715593675069,7.322196988702867,63.436921912931886,0.10699246097516232,9,0.06896551724137931,70.83333333333334,24.0,26.896551724137932,22.75862068965517,2.79999999999999,0.03333333333333333
39,0,24,0.6193006849946284,0.6232272908176004,71.36943186840244,7.692563448613293,63.96963063289864,0.10118340364696708,11,0.034482758620689655,66.66666666666666,24.0,22.75862068965517,22.75862068965517,2.3999999999999915,0.03333333333333333
39,0,24,0.6236898455416825,0.6222369531085066,74.03956794010608,5.982859661978528,64.49752517319207,0.10485218663764034,8,0.034482758620689655,70.83333333333334,24.0,24.82758620689655,22.75862068965517,2.79999999999999,0.03333333333333333
39,0,24,0.6257354235497397,0.6225763985906202,75.12277653046476,4.307291733872671,64.95908232609607,0.1009772600787752,8,-0.06896551724137931,70.83333333333334,24.0,18.620689655172413,22.75862068965517,2.5999999999999908,0.0
39,0,24,0.6219279426624462,0.6223125263749778,76.28245041529486,3.578411743492732,65.42825712117619,0.09927779768085812,7,-0.10344827586206896,70.83333333333334,24.0,16.551724137931036,22.75862068965517,2.3999999999999915,0.0
39,0,23,0.6241870122698984,0.621896899342384,76.31643133289883,3.7434304295245693,65.90433456696199,0.091936991149293,10,0.06896551724137931,62.5,24.0,26.896551724137932,24.82758620689655,2.79999999999999,0.0
40,0,15,0.9109797970099828,0.8872499002798804,20.66716977118085,8.821444428551175,30.655381496224315,0.4141245993266359,1,0.034482758620689655,25.0,6.0,18.620689655172413,6.206896551724138,0.0,0.06666666666666667
40,0,15,0.9156926300401668,0.9151222400166279,23.706858934631295,4.297381823934091,32.880257075788016,0.40513081681074103,0,0.0,20.833333333333336,6.857142857142857,14.482758620689655,8.275862068965518,0.0,0.06666666666666667
40,0,14,,0.9142118977531185,24.29771907845979,3.44691597156874,34.828948857341196,0.38193848545158976,1,0.034482758620689655,16.666666666666664,9.0,12.413793103448276,12.413793103448276,0.0,0.1
40,0,15,,0.9132367332546913,24.721897113923287,3.700225153637209,35.974631699880746,0.31421090515004774,1,0.034482758620689655,16.666666666666664,8.0,10.344827586206897,12.413793103448276,0.0,0.26666666666666666
40,0,13,,0.9131518370972892,24.272683244157808,3.772123276890595,36.91149142767306,0.24106793051014327,1,0.0,16.666666666666664,9.6,12.413793103448276,16.551724137931036,0.0,0.4
40,0,12,,0.9140863718626597,22.791292173246877,2.8174597428441426,37.83093943175658,0.1667153629966674,0,-0.034482758620689655,16.666666666666664,9.818181818181818,12.413793103448276,16.551724137931036,0.0,0.5333333333333333
40,0,14,,0.9146346460228669,21.504119849564603,0.6188559631148315,38.71849935149746,0.09096374526464453,1,0.034482758620689655,29.166666666666668,9.0,14.482758620689655,10.344827586206897,0.0,0.7
40,0,14,,0.9155178746829635,21.22928966476908,0.9131159557371008,39.575557275474324,0.03424752396900204,1,0.0,29.166666666666668,10.0,16.551724137931036,12.413793103448276,0.0,0.8666666666666667
40,0,15,,,,,,,1,0.0,29.166666666666668,11.0,16.551724137931036,10.344827586206897,0.0,1.0
40,0,16,,,,,,,1,0.034482758620689655,33.33333333333333,12.0,18.620689655172413,10.344827586206897,0.0,1.0
40,0,15,,,,,,,1,0.0,25.0,15.0,18.620689655172413,12.413793103448276,0.0,1.0
40,0,15,0.9069059644972474,0.9069059644972474,22.081722508885704,,51.89597334838503,,1,0.034482758620689655,20.833333333333336,15.0,14.482758620689655,14.482758620689655,0.0,0.9666666666666667
40,0,13,0.9177740360926806,0.9116657605860286,18.326087299111247,4.19537338881379,52.43271132886802,0.03471109440379747,0,-0.034482758620689655,12.5,15.0,10.344827586206897,16.551724137931036,0.0,0.8
40,0,12,0.9197169544392524,0.9141616138880709,16.10432084916639,4.272275930308398,52.92320546179199,0.06955681606674347,1,-0.06896551724137931,12.5,15.0,8.275862068965518,18.620689655172413,0.0,0.6333333333333333
40,0,12,0.9212218600242258,0.9152939390465401,15.829310956711526,3.5855654669728376,53.35702708820837,0.09171053876184218,1,0.0,16.666666666666664,14.0,12.413793103448276,16.551724137931036,0.0,0.4666666666666667
40,0,13,0.9184206130460439,0.9159998817826404,16.01721884838866,3.3111747656169697,53.75137629678226,0.11896237253965801,0,-0.034482758620689655,16.666666666666664,15.0,10.344827586206897,16.551724137931036,0.0,0.3
40,0,16,0.915711116124747,0.9157135067389756,17.64741464647318,4.535431470825718,54.105601538384285,0.13650264129667572,1,0.0,25.0,13.0,14.482758620689655,12.413793103448276,0.0,0.13333333333333333
40,0,17,0.9118471723823185,0.9154950581392167,19.228529460678903,6.196768811334185,54.47528538754255,0.1558889811650064,1,0.034482758620689655,33.33333333333333,12.0,16.551724137931036,8.275862068965518,0.0,0.03333333333333333
40,0,17,0.9105909102909754,0.9154974274240898,20.614681176138475,6.6898524096637235,55.19300047686181,0.14536307626524458,1,0.034482758620689655,29.166666666666668,14.0,18.620689655172413,10.344827586206897,0.0,0.06666666666666667
40,0,18,0.9077758249941602,0.9141428207994784,23.37563872475736,6.418643562970462,55.93552241002276,0.1380524500578645,1,0.0,29.166666666666668,14.0,16.551724137931036,8.275862068965518,0.0,0.06666666666666667
40,0,18,0.9142522309282541,0.9133806954469675,25.212635810257506,5.191500831320987,56.645502986978165,0.13057354024153855,2,0.034482758620689655,20.833333333333336,15.0,14.482758620689655,12.413793103448276,0.0,0.06666666666666667
40,0,19,0.9087987207634681,0.9121330566466533,26.00494739515182,4.105597188318497,57.276476667967984,0.12512542587564762,2,0.034482758620689655,12.5,16.0,10.344827586206897,14.482758620689655,0.0,0.1
40,0,19,0.9086536536175442,0.9114380597370803,25.347446954721345,4.745459496991475,57.937600819368235,0.1244500927072315,0,-0.034482758620689655,12.5,15.0,10.344827586206897,18.620689655172413,0.0,0.13333333333333333
40,0,19,0.9208418431940273,0.9118555107323749,24.78859334202388,4.4718605087210115,58.58632058593785,0.11703176004993604,1,0.034482758620689655,16.666666666666664,15.0,14.482758620689655,18.620689655172413,0.0,0.1
40,0,20,0.916239527881573,0.9127333408519508,26.291180030889755,6.171242094171185,59.121402016524925,0.10374907463955245,0,-0.034482758620689655,29.166666666666668,13.0,16.551724137931036,14.482758620689655,0.0,0.06666666666666667
40,0,21,0.9070817300565098,0.913127609241642,28.98088505968676,9.224899052042948,59.652681050485036,0.09672004394841593,0,-0.034482758620689655,33.33333333333333,12.0,16.551724137931036,12.413793103448276,0.0,0.06666666666666667
40,0,20,0.9052731062237797,0.9114953756633035,32.93481792457758,11.431961655233785,60.163099256072336,0.09016477022136199,1,0.0,37.5,12.0,20.689655172413794,10.344827586206897,0.0,0.06666666666666667
40,0,20,0.9033797468738479,0.9096309498793734,37.51067896584893,11.342984783890447,60.63379095902838,0.09440647238708105,2,0.034482758620689655,37.5,13.0,24.82758620689655,12.413793103448276,0.0,0.03333333333333333
40,0,18,0.9072520656046666,0.9091703428068406,39.94440808828447,8.693446621993099,61.10349158879838,0.10132846165908439,1,0.034482758620689655,33.33333333333333,16.0,24.82758620689655,14.482758620689655,0.0,0.0
40,0,20,0.907414131242484,0.9085792606640708,41.70103008618977,6.292969565756249,61.58117350586395,0.09104249145488552,1,0.0,37.5,17.0,20.689655172413794,14.482758620689655,0.0,0.0
40,0,20,0.9038226654845977,0.9066210255921143,43.16797976442016,5.1141811214781,62.080085965393486,0.10792869910447335,3,0.10344827586206896,37.5,17.0,22.75862068965517,18.620689655172413,0.0,0.0
41,1,3,1.0556023052166092,1.025352652820728,13.803560209456244,7.604098201610573,32.02593999423954,0.4964933885073298,1,0.034482758620689655,20.833333333333336,6.0,16.551724137931036,6.206896551724138,2.4,0.0
41,1,2,1.0585201441198333,1.0616558821833206,15.700470055778023,5.135252937525141,34.58122950864854,0.5100061063490962,1,0.0,16.666666666666664,6.857142857142857,10.344827586206897,8.275862068965518,2.4,0.0
41,1,0,1.0621880549450216,1.0617162060394323,16.148142106646265,4.559999600972381,37.07309537139796,0.484709498787862,1,0.034482758620689655,16.666666666666664,9.0,14.482758620689655,12.413793103448276,2.0,0.0
41,1,0,1.061063176557336,1.0610376270688275,16.43494239982159,4.191660040664603,39.47892942779887,0.46908035762412326,1,0.0,16.666666666666664,8.0,8.275862068965518,12.413793103448276,7.0000000000000036,0.0
41,1,0,1.0628366293737574,1.0613029572863277,15.521612929646501,3.631175732466284,41.799343170914554,0.45292331038824524,1,0.0,16.666666666666664,7.2,6.206896551724138,12.413793103448276,10.199999999999987,0.0
41,1,0,1.0520994317017884,1.0606475875953374,15.042482634685776,3.268058834698362,44.00435133478038,0.4291716923660628,1,0.0,20.833333333333336,6.545454545454546,8.275862068965518,8.275862068965518,15.199999999999969,0.0
41,1,0,1.054896095864957,1.0608413525363405,15.556218599654052,3.83693376638682,46.107582338159645,0.40373591980186846,1,0.0,20.833333333333336,6.0,6.206896551724138,6.206896551724138,20.199999999999953,0.0
41,1,2,1.0476551943061985,1.0593492220675704,18.31477705848937,6.077156506361186,48.11239197527073,0.39228782129529927,1,0.0,33.33333333333333,6.0,10.344827586206897,2.0689655172413794,25.199999999999935,0.0
41,1,3,1.0435178214796972,1.0561665110772098,23.03694566877264,9.179205873629598,50.09688347797145,0.39117741016880914,1,0.0,37.5,6.0,10.344827586206897,0.0,28.999999999999922,0.0
41,1,4,1.0393907010309957,1.0541030670714895,27.412672131922417,11.26373006473001,51.88307415783276,0.3944436055823177,1,0.0,45.83333333333333,6.0,14.482758620689655,0.0,28.999999999999993,0.03333333333333333
41,1,6,1.0394497543838483,1.0502670971558243,33.242603341217354,12.251986134207778,53.940698698157064,0.40609902169425427,2,0.0,45.83333333333333,6.0,14.482758620689655,0.0,29.00000000000008,0.03333333333333333
41,1,6,1.0396254696946778,1.047385185109558,38.645896938657,11.010666491974277,56.07622325752567,0.4096919960956637,2,0.034482758620689655,45.83333333333333,5.0,12.413793103448276,0.0,29.00000000000017,0.03333333333333333
41,1,6,1.0384490116632843,1.044383837055253,43.65387345403742,8.241502658847443,58.21895784911854,0.41875929567381526,2,0.034482758620689655,50.0,3.0,12.413793103448276,0.0,29.00000000000026,0.03333333333333333
41,1,6,1.0361060059067284,1.0419755820718617,48.21887378011557,5.403653477838876,60.39255758754067,0.41934634967644757,2,0.034482758620689655,50.0,2.0,8.275862068965518,0.0,29.000000000000348,0.03333333333333333
41,1,6,1.0374746381739046,1.0410593141017062,51.072632593583656,4.079994508948773,62.550057779899916,0.4139358125767211,2,0.0,54.166666666666664,0.0,8.275862068965518,0.0,29.000000000000412,0.03333333333333333
41,1,6,1.0374044427119828,1.040132360963324,53.21805973299011,4.119209862179853,64.43613164440889,0.406385462054736,2,0.034482758620689655,58.333333333333336,0.0,6.206896551724138,0.0,29.000000000000412,0.0
41,1,6,1.0390515381076884,1.0398332022127872,54.974902865970996,4.452299880698044,66.29099656963047,0.3802547649457875,2,0.0,58.333333333333336,0.0,6.206896551724138,0.0,29.000000000000412,0.03333333333333333
41,0,6,1.0401658745702744,1.0393017044253567,56.99704057739454,3.9825992349482737,68.20401115293043,0.3634853930051874,2,0.0,58.333333333333336,0.0,6.206896551724138,0.0,29.000000000000412,0.03333333333333333
41,0,6,1.0377320419064897,1.0389500706184551,58.999581478263536,2.7736424685362073,70.02970437126855,0.3422061346677491,2,0.0,62.5,0.0,6.206896551724138,0.0,29.000000000000412,0.03333333333333333
41,0,4,1.0384010548114353,1.0382188376694426,60.602726834281356,2.9744350575439484,71.73984550721995,0.32431217701884246,2,0.0,58.333333333333336,2.0,8.275862068965518,4.137931034482759,28.000000000000398,0.03333333333333333
41,0,3,1.0337284858436164,1.037764497235888,62.129918479109925,2.609333858198923,73.37588148310223,0.3096000971069799,2,0.0,62.5,3.0,10.344827586206897,6.206896551724138,26.00000000000037,0.03333333333333333
41,0,2,1.0358768104430809,1.037381302407998,62.56839416388252,2.3965137979392264,74.94506241937704,0.2897928998984563,2,0.0,58.333333333333336,4.0,8.275862068965518,8.275862068965518,24.800000000000352,0.03333333333333333
41,0,0,0.0013225669172222964,1.0023987984546376,62.11536823890287,3.4096926747773715,76.22012228176574,0.2741522599519323,2,0.0,58.333333333333336,6.0,12.413793103448276,12.413793103448276,22.200000000000315,0.0
41,0,0,0.001240486311031183,0.8297438695295356,62.02004817401894,3.4514352944388875,77.11200942927097,0.10839102523778499,2,0.0,58.333333333333336,6.0,16.551724137931036,12.413793103448276,17.200000000000244,0.0
41,0,0,0.0004406714959342897,0.6567888606137375,61.724774659778454,3.492240604387839,77.24130401239044,-0.04475064241503803,2,-0.034482758620689655,58.333333333333336,6.0,16.551724137931036,12.413793103448276,12.200000000000173,0.0
41,0,0,0.0007985271228990709,0.48454892749031475,61.01197758463463,3.157678432483407,76.64733852207632,-0.19115767653958976,2,0.0,58.333333333333336,6.0,16.551724137931036,8.275862068965518,9.20000000000013,0.0
41,0,0,0.0022183308533066065,0.3120933028486396,60.23979419555106,2.477210030637043,75.34770131557539,-0.33272450714071056,2,-0.034482758620689655,58.333333333333336,6.0,12.413793103448276,6.206896551724138,5.200000000000074,0.0
41,0,0,0.0006205468121584916,0.13958983406897962,60.0193742863548,2.0771010347839067,73.39045893006126,-0.46223793469358226,2,0.034482758620689655,58.333333333333336,6.0,18.620689655172413,2.0689655172413794,1.8000000000000256,0.0
41,0,0,0.0,0.001561027059530775,60.32090945537364,0.0708242565453366,70.82666300318805,-0.5500005046817174,2,0.0,58.333333333333336,6.0,14.482758620689655,0.0,0.0,0.0
41,0,0,0.0020002499536627767,0.0014625217334207179,60.333381455990384,0.07675889711103538,68.15558897911345,-0.5235833945745205,2,0.0,58.333333333333336,6.0,10.344827586206897,0.0,0.0,0.0
41,0,0,0.0033896639116657227,0.0018275152259908157,60.3417065223553,0.07559504881955283,65.63191875393642,-0.4850799129998538,2,0.0,58.333333333333336,6.0,12.413793103448276,0.0,0.0,0.0
42,0,15,1.0950531866585778,1.0558134460348056,12.51062934669734,4.974668378340674,30.965589454750333,0.3975529959591939,1,0.034482758620689655,8.333333333333332,6.0,8.275862068965518,6.206896551724138,0.0,0.03333333333333333
42,0,13,1.0960733843380874,1.0916625703506735,11.369044464111441,6.062397070841417,33.01816468643818,0.38365917261458843,0,-0.034482758620689655,4.166666666666666,8.571428571428571,8.275862068965518,10.344827586206897,0.0,0.03333333333333333
42,0,15,1.089299698341084,1.0923892181335988,10.97085996075926,6.496165930545573,34.96687869000237,0.36534094124793015,0,0.0,16.666666666666664,7.5,12.413793103448276,10.344827586206897,0.0,0.03333333333333333
42,0,17,1.083041607304604,1.0919449834277886,11.813699663435713,7.6756343309059964,36.822759971143704,0.34881524474818104,0,-0.034482758620689655,20.833333333333336,6.666666666666667,12.413793103448276,10.344827586206897,0.0,0.03333333333333333
42,0,18,1.0850535547405922,1.0910650997389166,13.543314674144979,9.307819174220262,38.416466030991195,0.33169181967958566,0,0.0,20.833333333333336,7.2,12.413793103448276,8.275862068965518,0.4,0.0
42,0,18,1.0871573936302898,1.0897812893333176,15.598813382921696,9.86454517494495,40.04486326091171,0.31458143676897005,0,0.0,20.833333333333336,8.727272727272727,16.551724137931036,10.344827586206897,0.4,0.0
42,0,18,1.0903471776442057,1.0890970241519953,17.448448866580375,9.101253321074255,41.46061021467515,0.3079018260616828,1,0.034482758620689655,16.666666666666664,10.0,18.620689655172413,12.413793103448276,0.4,0.03333333333333333
42,0,17,1.0853888963295406,1.087784029157492,20.886986140254393,6.262125723446065,42.99449302156839,0.2926512128395501,0,0.0,20.833333333333336,11.0,20.689655172413794,12.413793103448276,0.4,0.03333333333333333
42,0,16,1.0881781876285395,1.0863918129625187,22.718213154562502,3.5303624437701426,44.48718977772152,0.2821033992421837,0,0.0,16.666666666666664,13.0,16.551724137931036,16.551724137931036,0.4,0.03333333333333333
42,0,16,1.0922763778190543,1.0868457569593337,22.561994091920436,3.62757120268606,45.87702427790762,0.2575683190333116,1,0.034482758620689655,16.666666666666664,14.0,16.551724137931036,18.620689655172413,0.4,0.03333333333333333
42,0,16,1.0960304720143266,1.0880841412914484,20.071130025158656,4.759091885161535,47.13738677959468,0.23791902212155971,0,-0.034482758620689655,8.333333333333332,14.0,14.482758620689655,20.689655172413794,0.0,0.03333333333333333
42,0,17,1.091371046459918,1.0893326260368172,18.29896172854934,5.164697621121179,48.314279959645944,0.22062583610573888,0,-0.034482758620689655,12.5,14.0,14.482758620689655,18.620689655172413,0.0,0.03333333333333333
42,0,18,1.0873459977372344,1.088744897379589,19.15130506721976,5.820495453616258,49.28788076884568,0.21243541832025414,0,-0.034482758620689655,25.0,15.0,18.620689655172413,16.551724137931036,0.0,0.0
42,0,20,1.079779298365967,1.0881143737063246,19.538866143301835,6.272645393750254,50.24829390578345,0.20077616840849813,2,0.0,25.0,13.0,16.551724137931036,14.482758620689655,0.0,0.03333333333333333
42,0,21,1.089005056029522,1.0884306397073122,20.028808452269747,6.539530815369885,51.257726921594134,0.193494324015915,1,0.034482758620689655,25.0,15.0,18.620689655172413,14.482758620689655,0.7999999999999999,0.03333333333333333
42,0,21,1.0915237606892247,1.0883019626287482,20.269147928439295,6.712325615783316,52.19482111327013,0.18436581529587157,2,0.06896551724137931,25.0,17.0,20.689655172413794,14.482758620689655,0.7999999999999999,0.03333333333333333
42,0,21,1.096177986345058,1.0886232674763063,20.43433883804161,6.493956465948856,53.10020993836443,0.1725184697636497,1,0.034482758620689655,16.666666666666664,18.0,18.620689655172413,16.551724137931036,0.7999999999999999,0.03333333333333333
42,0,20,1.0904698962668005,1.0885620635626403,20.046617709482266,6.97238379052169,53.9520411784199,0.16157078361078006,0,0.0,12.5,18.0,18.620689655172413,18.620689655172413,1.1999999999999997,0.03333333333333333
42,0,20,1.0918672491585564,1.0900522658854317,17.080177646111352,8.38090951583724,54.742133599642955,0.13934079583688416,1,0.034482758620689655,8.333333333333332,18.0,12.413793103448276,20.689655172413794,1.1999999999999997,0.03333333333333333
42,0,22,1.087824634164918,1.0905861180049157,15.888529030373103,7.540805191024133,55.339741941051805,0.12249988095596684,0,0.0,25.0,17.0,20.689655172413794,18.620689655172413,0.9999999999999998,0.0
42,0,22,1.0906473387987787,1.0902069508183254,15.555449548246486,7.1422743086860905,55.97468076213917,0.1313070395497364,1,0.0,20.833333333333336,16.0,16.551724137931036,18.620689655172413,1.2,0.0
42,0,22,1.0866650336588444,1.0894150716592816,16.243117120287405,8.147824824202594,56.597581581597034,0.11862398033666294,0,0.0,25.0,16.0,16.551724137931036,14.482758620689655,1.4000000000000001,0.0
42,0,21,1.0817939649057635,1.086997115169177,20.137260515277013,10.9366533015525,57.177640591620154,0.12029506631716644,2,0.034482758620689655,25.0,16.0,20.689655172413794,16.551724137931036,1.0000000000000002,0.0
42,0,22,1.0767838899828626,1.0841402995535707,25.54938864709145,12.913316993248532,57.77749558144272,0.12123101579007997,1,0.0,33.33333333333333,17.0,26.896551724137932,16.551724137931036,1.0000000000000002,0.0
42,0,22,1.075391892971947,1.0810709608226863,31.57000947549669,10.153178291864814,58.41741772276357,0.13396509975751256,1,0.034482758620689655,33.33333333333333,18.0,26.896551724137932,16.551724137931036,1.0000000000000002,0.0
42,0,22,1.0811576957737272,1.0796375774413354,35.4700346493057,8.222544527381931,59.04229199014198,0.12400491786747846,1,0.0,33.33333333333333,20.0,24.82758620689655,20.689655172413794,1.2000000000000004,0.0
42,0,21,1.0894194170070612,1.0794136251576965,36.84623903434324,6.625740839227756,59.63472670725926,0.12256202002854205,1,0.034482758620689655,20.833333333333336,21.0,24.82758620689655,24.82758620689655,0.40000000000000036,0.0
42,0,21,1.086996901169613,1.0792972465116337,37.029871375324774,6.307416863378902,60.19368860485213,0.10912271878765316,2,0.034482758620689655,20.833333333333336,21.0,22.75862068965517,26.896551724137932,0.40000000000000036,0.0
42,0,21,1.0900626871922616,1.0804422545673327,34.81477755397297,8.345891776580519,60.736731616466535,0.10397047198264371,1,-0.034482758620689655,20.833333333333336,21.0,20.689655172413794,26.896551724137932,0.40000000000000036,0.0
42,0,22,1.0905043701270356,1.0828376382638705,30.07218493232501,10.098797648890095,61.19275383544916,0.08526729780430668,1,0.0,20.833333333333336,20.0,18.620689655172413,24.82758620689655,0.40000000000000036,0.0
42,0,20,1.0831164307805596,1.0853165428205593,25.086537117135983,10.828590427054738,61.55836608125257,0.07166801349909847,1,0.0,20.833333333333336,20.0,18.620689655172413,24.82758620689655,0.40000000000000036,0.0
43,0,38,1.2140279341489142,1.1879335161690112,20.529135829192313,13.001363372875018,31.943639792681413,0.493615244578153,2,0.06896551724137931,41.66666666666667,12.0,33.10344827586207,12.413793103448276,0.0,0.03333333333333333
43,1,39,1.2185979727307328,1.230561448288309,28.684065357244247,12.393306709563234,34.58345932841529,0.5115821756942289,2,0.06896551724137931,45.83333333333333,13.714285714285714,37.241379310344826,16.551724137931036,0.8,0.03333333333333333
43,1,39,1.2285311951844882,1.227989452311726,33.5208771679389,11.236888842358239,36.97663897144752,0.49546278338661065,1,0.034482758620689655,41.66666666666667,16.5,35.172413793103445,22.75862068965517,1.7999999999999998,0.06666666666666667
43,1,40,1.2190770583760664,1.2253617264017447,38.37398901504133,11.420449401963083,39.539601833919264,0.462778829819797,1,0.034482758620689655,45.83333333333333,18.666666666666668,39.310344827586206,28.96551724137931,1.7999999999999998,0.06666666666666667
43,1,39,1.2234646628722146,1.2227096275434017,41.78481770982829,10.206527054528452,41.989200044130506,0.4520838353506937,2,0.034482758620689655,33.33333333333333,21.6,39.310344827586206,31.03448275862069,1.7999999999999998,0.06666666666666667
43,1,39,1.2280348246710078,1.22140206364631,45.4324893246124,4.665027324130859,44.32475216645826,0.40818058213467845,2,0.034482758620689655,41.66666666666667,22.90909090909091,45.51724137931034,35.172413793103445,1.9999999999999998,0.06666666666666667
43,1,39,1.2229657300936643,1.2216777668220116,46.02038704650516,3.3318657119899506,46.209154248446936,0.40012054767336025,4,0.10344827586206896,50.0,24.0,41.37931034482759,35.172413793103445,1.9999999999999998,0.03333333333333333
43,1,38,1.2168981836396995,1.2212977844496409,46.94826146675018,4.227876584216871,48.20875762481435,0.37000839835231025,2,0.034482758620689655,54.166666666666664,28.0,49.6551724137931,41.37931034482759,1.4000000000000001,0.03333333333333333
43,1,38,1.2080491787874084,1.21931020627735,50.20676677781777,7.623472588332167,49.87682452489245,0.3556470894809279,2,0.034482758620689655,66.66666666666666,31.0,55.86206896551724,41.37931034482759,1.2000000000000006,0.0
43,1,39,1.1910400412330193,1.2162394781603074,55.542530290819165,14.644166801188648,51.67003649381446,0.35939644405705645,7,0.1724137931034483,87.5,34.0,72.41379310344827,39.310344827586206,3.8000000000000025,0.0
43,1,40,1.18794808548364,1.2115306014212381,63.64159398248025,21.186161653356514,53.291060090605214,0.3525528548892394,12,0.3793103448275862,95.83333333333334,35.0,86.89655172413794,39.310344827586206,7.799999999999997,0.03333333333333333
43,1,40,1.1879390878433742,1.2048025021584035,73.91503675610136,23.327851648164586,55.16269575201886,0.3740666163045794,17,0.5517241379310345,91.66666666666666,36.0,91.03448275862068,39.310344827586206,11.999999999999982,0.03333333333333333
43,1,39,1.187732112905206,1.1984895819612424,84.08945632262493,21.198558795867577,57.11490356568811,0.38428132709822804,18,0.5517241379310345,87.5,38.0,91.03448275862068,39.310344827586206,16.399999999999967,0.03333333333333333
43,1,37,1.1909548715402598,1.1938584451652827,92.33573113547948,15.908285770528517,59.13602476947479,0.39840474115812097,23,0.7241379310344828,91.66666666666666,39.0,97.24137931034483,39.310344827586206,20.39999999999995,0.03333333333333333
43,1,34,1.1874331604735695,1.189618845249465,99.40193956177515,9.788206611404096,61.03842282287608,0.4017052643836816,30,1.0,91.66666666666666,39.0,103.44827586206897,39.310344827586206,23.999999999999936,0.06666666666666667
43,1,30,1.1844622959569555,1.187148249808501,103.43015090623918,3.662889893984084,63.01969661425434,0.39389239337735366,31,0.7586206896551724,91.66666666666666,40.0,86.89655172413794,41.37931034482759,24.199999999999918,0.1
43,1,27,1.18782585494711,1.1871055728845448,103.62259306577131,3.6233657935480217,64.8897331646721,0.37045103637051846,31,0.6896551724137931,91.66666666666666,39.0,86.89655172413794,39.310344827586206,23.999999999999957,0.06666666666666667
43,1,24,1.1976137419964383,1.1878299860444188,102.95887652200084,4.216036500199963,66.84187451632927,0.3592526859717611,32,0.5172413793103449,91.66666666666666,39.0,88.96551724137932,39.310344827586206,24.400000000000034,0.06666666666666667
43,1,21,1.197190323114978,1.189471802123849,100.66409792346836,6.516623432584767,68.56359131997189,0.3327962567510373,31,0.3793103448275862,95.83333333333334,39.0,95.17241379310344,39.310344827586206,24.200000000000117,0.1
43,1,18,1.1900776557698445,1.1897728707230557,99.72911852775837,7.114664232930175,70.18640012687847,0.29886370236012233,32,0.2413793103448276,95.83333333333334,38.0,99.3103448275862,39.310344827586206,24.000000000000195,0.13333333333333333
43,1,15,1.1885184012284975,1.1904596365341868,98.09928078082014,6.382670633276536,71.61470204694724,0.2611386008838497,31,0.06896551724137931,100.0,38.0,93.10344827586206,37.241379310344826,24.600000000000275,0.1
43,1,11,1.1918823513755055,1.191130420001752,97.37322403168254,5.641610308224709,72.82556003604687,0.24274484800660018,32,0.034482758620689655,100.0,39.0,99.3103448275862,39.310344827586206,25.60000000000035,0.06666666666666667
43,1,7,1.1902387433000243,1.1920101645545493,96.22848755884267,4.966118402335571,74.11576565162214,0.24019626138594036,33,0.06896551724137931,91.66666666666666,40.0,103.44827586206897,41.37931034482759,25.600000000000364,0.06666666666666667
43,1,4,1.188745997937908,1.1917790353922535,95.68573115540951,4.506307591832331,75.37718111137808,0.22676318649987656,33,0.0,95.83333333333334,40.0,99.3103448275862,41.37931034482759,25.40000000000036,0.06666666666666667
43,1,1,1.1862064288300076,1.1903892111054655,97.72716958171183,3.9843962078673356,76.42281809943375,0.21907376085844008,31,-0.06896551724137931,100.0,39.0,86.89655172413794,41.37931034482759,25.40000000000036,0.03333333333333333
43,1,0,0.0018677289751868897,1.071313797424297,99.74230018518554,4.809525999445983,77.27373462092058,0.13345678781355974,33,0.034482758620689655,100.0,37.0,82.75862068965517,35.172413793103445,23.400000000000333,0.0
43,1,0,0.0008771982051301608,0.8730544981271348,101.66158051409815,5.245324448300046,77.56540037831702,0.00186300668614655,33,0.10344827586206896,100.0,34.0,88.96551724137932,28.96551724137931,19.00000000000027,0.0
43,1,0,0.004223962531030421,0.6750029100934687,103.12417764041912,5.542117173729174,77.21956276458096,-0.13742702090819137,33,0.034482758620689655,100.0,30.0,82.75862068965517,20.689655172413794,14.400000000000205,0.0
43,1,0,0.0,0.47660363720283655,104.93876389250197,4.761109336048265,76.21528270502621,-0.27123782412320013,33,0.034482758620689655,100.0,27.0,84.82758620689656,14.482758620689655,10.60000000000015,0.0
43,1,0,0.0005625600166618908,0.27847331358302185,106.91946505239454,2.4974432584084796,74.56881756761602,-0.3988458113284673,33,0.034482758620689655,100.0,24.0,86.89655172413794,8.275862068965518,6.200000000000088,0.0
43,1,0,0.002067512707845375,0.08078768831824547,107.92957019488705,0.8433942149184369,72.30194586280481,-0.5203292191404829,33,0.034482758620689655,100.0,21.0,91.03448275862068,2.0689655172413794,1.40000000000002,0.0
44,0,24,1.0243057771104,0.9876584420272371,17.30057501316472,10.21356194161109,31.63330798539906,0.4639484215941857,0,0.0,12.5,10.0,16.551724137931036,10.344827586206897,0.0,0.03333333333333333
44,0,26,1.0269300955417908,1.0200300816564478,18.869330231338186,8.072615147856672,34.061913675629256,0.4653650909155493,0,0.0,8.333333333333332,10.285714285714286,12.413793103448276,12.413793103448276,0.0,0.03333333333333333
44,0,28,1.0248933352620793,1.0193437815510549,19.74306182214281,7.00082731349988,36.41486617290825,0.44069710014804786,2,0.034482758620689655,16.666666666666664,10.5,16.551724137931036,14.482758620689655,0.0,0.03333333333333333
44,0,30,1.0236567057266754,1.020056855543664,19.297755769426068,6.779630872635678,38.65518310232158,0.40313615495304517,1,0.034482758620689655,20.833333333333336,10.666666666666666,16.551724137931036,16.551724137931036,0.0,0.03333333333333333
44,0,33,1.007249822017328,1.0196182785871692,20.102874567792988,8.04756284762307,40.4465081478836,0.38814117322127706,1,0.0,37.5,9.6,24.82758620689655,14.482758620689655,0.0,0.0
44,0,34,1.0018368113277847,1.0183110299262406,23.955966050746802,14.163970825054953,42.35188002611622,0.36849801305173285,2,0.034482758620689655,45.83333333333333,10.909090909090908,28.96551724137931,14.482758620689655,0.0,0.0
44,0,35,1.0043988717269443,1.0163498668063797,29.93592732896516,17.50748520014224,44.13936540614106,0.3445073537167948,1,0.0,45.83333333333333,12.0,31.03448275862069,14.482758620689655,0.0,0.0
44,0,36,0.9971964937063444,1.0128347495338743,37.29750552759709,17.177711657747547,45.88848271476843,0.34573803991506713,2,0.034482758620689655,41.66666666666667,14.0,33.10344827586207,16.551724137931036,0.0,0.0
44,0,35,1.0037592439875225,1.0092967537461384,43.40610998172403,14.13772383485558,47.67779027023865,0.3594925396558184,1,0.034482758620689655,41.66666666666667,18.0,33.10344827586207,20.689655172413794,0.0,0.0
44,0,35,1.0048223121200854,1.0059001687473499,49.31938436126593,9.448933369179025,49.50445024697846,0.3672772639461776,1,-0.034482758620689655,50.0,20.0,35.172413793103445,24.82758620689655,0.0,0.0
44,0,36,1.008385633724587,1.004631129350521,51.708404034076096,4.502205758941767,51.3353405416827,0.35732320282007757,1,0.0,41.66666666666667,22.0,31.03448275862069,31.03448275862069,0.0,0.0
44,0,36,1.0076106716072182,1.0047571371478012,50.22975907115633,6.000849263171597,53.08147343397709,0.3419827825477058,3,0.06896551724137931,41.66666666666667,23.0,31.03448275862069,31.03448275862069,0.0,0.0
44,0,36,1.0059936951612107,1.0049639462052182,49.27022071853541,5.751826697039127,54.79006621874891,0.33416431550538284,2,0.034482758620689655,45.83333333333333,24.0,35.172413793103445,35.172413793103445,0.0,0.0
44,0,36,1.0055503908532681,1.005847494152849,49.005171239721676,5.598921802332166,56.40452458942574,0.30841547481041665,2,0.0,45.83333333333333,26.0,39.310344827586206,35.172413793103445,0.0,0.0
44,0,36,1.0001324290639422,1.0060215147407563,49.16275865011529,5.690870069046244,57.834469084067045,0.26848798462919904,1,0.0,45.83333333333333,28.0,35.172413793103445,35.172413793103445,0.0,0.0
44,0,37,1.004805610315626,1.0064035368689386,48.55500374954433,5.488201444142635,59.14513244369594,0.25192170637587014,1,-0.034482758620689655,45.83333333333333,30.0,33.10344827586207,35.172413793103445,0.0,0.0
44,0,37,1.0078161263609637,1.0055307709709311,50.29981472068167,5.648103458666515,60.419379838032334,0.25179396964159845,2,0.034482758620689655,41.66666666666667,33.0,35.172413793103445,35.172413793103445,0.0,0.0
44,0,37,,1.0052018286253022,50.98446250230221,4.719412688409463,61.52141432877684,0.22444073129999426,1,0.0,41.66666666666667,34.0,35.172413793103445,37.241379310344826,0.0,0.03333333333333333
44,0,36,1.0143497302058722,1.0053482250837404,50.073038202082515,5.679183965697562,62.69642690678087,0.21979739870576143,2,0.0,41.66666666666667,35.0,33.10344827586207,35.172413793103445,0.0,0.03333333333333333
44,0,35,,1.005663267022279,48.31705695676221,6.1245879184128835,63.73068284853848,0.21450835063378035,2,0.0,45.83333333333333,36.0,37.241379310344826,35.172413793103445,0.0,0.06666666666666667
44,0,32,1.004627257173797,1.00662066578579,48.94993432516929,7.173081142104579,64.80244957330754,0.18322225038797696,1,0.0,54.166666666666664,35.0,41.37931034482759,37.241379310344826,0.0,0.06666666666666667
44,0,32,1.0022161260514166,1.0054620146169477,51.21016441223965,9.222146006745303,65.7606082093183,0.1658178577012671,3,0.06896551724137931,58.333333333333336,35.0,41.37931034482759,35.172413793103445,0.0,0.06666666666666667
44,0,31,1.0012388769998388,1.0050494664133856,51.8668694673904,9.591481466361396,66.63750028815699,0.16004272172972966,0,-0.10344827586206896,45.83333333333333,36.0,37.241379310344826,35.172413793103445,0.0,0.06666666666666667
44,0,31,1.0052805410767018,1.0039926619418962,52.903389170729845,8.999813274412764,67.4479656635198,0.1692202182917163,1,0.034482758620689655,45.83333333333333,36.0,39.310344827586206,35.172413793103445,0.0,0.03333333333333333
44,0,31,1.0065845447057187,1.0028156319355843,54.92263445614254,7.6833398859041955,68.33263173887356,0.16164705752008157,1,0.0,45.83333333333333,36.0,35.172413793103445,35.172413793103445,0.0,0.03333333333333333
44,0,31,0.9981184572169242,1.0020714622958062,56.57263794650011,5.901664938007329,69.02935366420799,0.17082099759576422,2,0.0,50.0,36.0,37.241379310344826,35.172413793103445,0.0,0.03333333333333333
44,0,31,1.0021412394559668,1.0012991097574826,55.63680742330168,5.896210931596105,69.90689595782862,0.1708760819866631,3,0.06896551724137931,45.83333333333333,36.0,33.10344827586207,35.172413793103445,0.0,0.03333333333333333
44,0,30,1.0066774314885019,1.003052942015743,51.41787286198329,7.141531599415597,70.76162489940337,0.15777955950165265,2,-0.034482758620689655,37.5,37.0,33.10344827586207,39.310344827586206,0.0,0.03333333333333333
44,0,29,1.0172531973905992,1.0053560357840883,47.21580132709764,8.586138260863649,71.53926509687473,0.1391186942000639,1,0.0,29.166666666666668,37.0,31.03448275862069,39.310344827586206,0.0,0.03333333333333333
44,0,29,1.0152959001648916,1.0085902445679522,41.62061429619431,13.323388296936983,72.20677204419658,0.11095261378361673,1,0.0,16.666666666666664,37.0,24.82758620689655,39.310344827586206,0.0,0.03333333333333333
44,0,30,1.0201601830170686,1.0116587108696968,35.26031435272881,14.513611472990808,72.69523363751665,0.07395556803429854,1,0.0,20.833333333333336,36.0,24.82758620689655,35.172413793103445,0.0,0.03333333333333333
45,1,12,1.1932297022816443,1.1517383297055896,24.63945521489627,15.234503719343596,31.56160978733254,0.4523562629625887,0,0.0,8.333333333333332,4.0,8.275862068965518,4.137931034482759,0.0,0.0
45,1,13,1.184019098209979,1.190007255308571,31.0337307794503,11.394740953573754,33.831655973564956,0.4522332916847542,0,0.0,12.5,3.4285714285714284,10.344827586206897,4.137931034482759,0.0,0.0
45,1,13,1.182494052539197,1.1859401051469989,38.085580876845945,13.756090532874454,36.053307799049904,0.43492454619096776,0,0.0,16.666666666666664,4.5,10.344827586206897,6.206896551724138,0.0,0.0
45,1,15,1.156631056899117,1.1819348304649138,45.06320953631245,21.67951922521586,38.20819977765048,0.4426501639460359,2,0.06896551724137931,25.0,4.0,14.482758620689655,6.206896551724138,0.0,0.0
45,1,14,1.1349172587693166,1.1754899266152106,56.51341665573056,32.20389290084287,40.438348112929845,0.4448410691758327,1,0.0,29.166666666666668,6.0,20.689655172413794,10.344827586206897,0.0,0.0
45,1,14,1.1408046919583186,1.1659752108787798,73.03931452058099,40.72935493362473,42.645685370737816,0.4432321895698148,2,0.06896551724137931,29.166666666666668,6.545454545454546,20.689655172413794,8.275862068965518,0.0,0.0
45,1,13,1.1288945677420574,1.1554444194974882,92.48977520082376,37.68389671300594,45.00747692787289,0.5065888395630193,1,0.034482758620689655,29.166666666666668,7.0,20.689655172413794,10.344827586206897,0.0,0.0
45,1,12,1.113224592116267,1.1440273498394484,112.47943065704713,35.253304703165,47.64158047944473,0.5484920065052509,1,0.0,37.5,8.0,22.75862068965517,12.413793103448276,1.4,0.0
45,1,11,1.0994461533683983,1.1331856507770146,132.01031222706985,34.33350258387067,50.49937831943977,0.5841100705780483,2,0.06896551724137931,45.83333333333333,9.0,26.896551724137932,12.413793103448276,5.600000000000002,0.0
45,1,10,1.0702069358143438,1.120518247738446,157.3870026328903,43.100098051859334,53.46900691403284,0.6015531183691536,4,0.10344827586206896,62.5,10.0,35.172413793103445,12.413793103448276,10.199999999999996,0.0
45,1,9,1.059846008674065,1.1075338435842115,182.49236168996333,49.65973911244134,56.49391273967426,0.6141773320834202,3,0.06896551724137931,66.66666666666666,11.0,31.03448275862069,12.413793103448276,14.39999999999998,0.0
45,1,7,1.0657672259608169,1.097435924372371,203.49266772901044,53.01196080374547,59.26762292675727,0.6084818403547798,1,0.0,70.83333333333334,12.0,35.172413793103445,14.482758620689655,18.799999999999965,0.03333333333333333
45,1,6,1.0602773551695066,1.085019387716754,228.16259604913748,48.4378549878758,62.342140128911595,0.5771203315003665,6,0.13793103448275862,70.83333333333334,12.0,41.37931034482759,14.482758620689655,22.79999999999995,0.03333333333333333
45,0,5,1.0716850040753017,1.075978113835872,246.28887768986027,37.00272034807284,65.2271069756683,0.5374330523678028,7,0.13793103448275862,66.66666666666666,13.0,37.241379310344826,14.482758620689655,26.59999999999993,0.03333333333333333
45,0,4,1.0520404540033148,1.0680471317098483,263.4622409647223,21.547600207877114,67.93533254053813,0.5085128131756903,5,0.06896551724137931,75.0,13.0,28.96551724137931,12.413793103448276,26.599999999999923,0.03333333333333333
45,0,2,1.0608291691565104,1.0637231373278089,271.21839822503034,13.249818907648924,70.52237362774254,0.4834559335275948,8,0.20689655172413793,66.66666666666666,15.0,26.896551724137932,14.482758620689655,26.399999999999995,0.03333333333333333
45,0,1,1.0626334949612513,1.0633783220008017,273.39392531727736,11.28285050203417,72.9598618456748,0.45499239622744553,7,0.13793103448275862,66.66666666666666,14.0,24.82758620689655,14.482758620689655,26.800000000000075,0.03333333333333333
45,0,0,0.0035478195340495813,0.9569186273129489,273.80716428277157,10.249137796274045,74.8805069500021,0.3571184093299883,6,0.10344827586206896,66.66666666666666,14.0,28.96551724137931,14.482758620689655,24.80000000000013,0.0
45,0,0,0.00014912959543687704,0.8073154282362667,273.44984567497517,10.283018990577183,76.05015659057175,0.1655459629154254,6,-0.034482758620689655,66.66666666666666,13.0,22.75862068965517,12.413793103448276,20.200000000000145,0.03333333333333333
45,0,0,0.0014211338135286216,0.6238146563649765,275.75141657806523,8.348138681836083,76.40387476552358,-0.015322974635299734,6,-0.034482758620689655,66.66666666666666,12.0,24.82758620689655,10.344827586206897,15.200000000000163,0.03333333333333333
45,0,0,0.005666102058784613,0.44115739596841186,275.48396508933166,3.6569388737466837,75.87527136708322,-0.19162507251374794,6,0.034482758620689655,66.66666666666666,11.0,24.82758620689655,6.206896551724138,11.20000000000016,0.03333333333333333
45,0,0,0.00014938420435406385,0.2585895347016961,275.368353187884,2.8595236677203792,74.49450552636476,-0.3474345126951252,6,-0.06896551724137931,66.66666666666666,10.0,18.620689655172413,4.137931034482759,6.200000000000088,0.03333333333333333
45,0,0,0.0006814691654774795,0.07506307680315169,276.4908072244712,1.1820664075043223,72.33825518877183,-0.5028635653214057,6,-0.06896551724137931,66.66666666666666,9.0,20.689655172413794,2.0689655172413794,1.6000000000000227,0.03333333333333333
45,0,0,0.0026412837589712655,0.0016956032414748698,276.80570103035546,0.07483908372940984,69.56854802199646,-0.5141529984238147,6,0.0,66.66666666666666,7.0,14.482758620689655,0.0,0.0,0.03333333333333333
45,0,0,0.0007919854813231356,0.001653744699491808,276.8164502624721,0.08378724147435404,67.23452850606822,-0.5056562078438795,6,0.0,66.66666666666666,6.0,10.344827586206897,0.0,0.0,0.0
45,0,0,0.00428317966817678,0.0018705602300192236,276.8056645911725,0.08379545906569708,64.78299644659761,-0.4779106831238118,6,0.0,66.66666666666666,5.0,14.482758620689655,0.0,0.0,0.0
45,0,0,,0.0018428970423679432,276.8130326816414,0.07299872076297342,62.674994765342696,-0.435606858211551,6,0.0,66.66666666666666,4.0,16.551724137931036,0.0,0.0,0.03333333333333333
45,0,0,0.001850559034959822,0.001925427704993217,276.8198369208179,0.08285296790525289,60.41128832870242,-0.42709259058060667,6,0.0,66.66666666666666,2.0,22.75862068965517,0.0,0.0,0.03333333333333333
45,0,0,5.854171153102036e-05,0.0019069958237666745,276.828374042373,0.0800894348437972,58.2899802089189,-0.3946604797252303,6,0.0,66.66666666666666,1.0,28.96551724137931,0.0,0.0,0.03333333333333333
45,0,0,0.0031390855552640637,0.0019774602292576995,276.83547615442114,0.08574420875501686,56.45341920168827,-0.3760357626535668,6,0.0,66.66666666666666,0.0,31.03448275862069,0.0,0.0,0.06666666666666667
45,0,0,0.0019292295391740027,0.0020452288352700914,276.8204870477825,0.0847342668981102,54.500837933982304,-0.353322109388912,6,0.0,66.66666666666666,0.0,33.10344827586207,0.0,0.0,0.06666666666666667
46,0,21,0.6491177327525385,0.6445455134730447,24.91255370820445,13.202504327851594,28.409503085300102,0.2252425151351266,1,0.034482758620689655,29.166666666666668,2.0,16.551724137931036,2.0689655172413794,0.6000000000000001,0.0
46,0,22,0.6479113462613907,0.6534814507511622,30.180647571588473,9.610092996371968,29.597077606523495,0.23133060352371443,3,0.10344827586206896,33.33333333333333,3.4285714285714284,22.75862068965517,4.137931034482759,0.6000000000000001,0.0
46,0,22,,0.6517002740671625,35.242687762098434,5.969381349267352,30.66616686548837,0.22754456577276372,1,-0.034482758620689655,37.5,6.0,16.551724137931036,8.275862068965518,0.6000000000000001,0.03333333333333333
46,0,22,0.6554978799879431,0.6510378354151299,38.18662852155699,5.178246971382875,31.862722748587128,0.22855193676437077,1,0.034482758620689655,37.5,8.0,20.689655172413794,12.413793103448276,1.0,0.03333333333333333
46,0,22,0.6521807335812729,0.6506158370124413,39.84863277454756,4.495762636741187,33.00255806270854,0.21775526074873375,0,0.0,45.83333333333333,8.4,24.82758620689655,14.482758620689655,0.5999999999999999,0.03333333333333333
46,0,23,0.6496025578038181,0.6504178429687227,41.299684277891224,4.947453304542564,34.08827348471593,0.20282745966626875,1,-0.06896551724137931,50.0,7.636363636363637,24.82758620689655,14.482758620689655,0.5999999999999999,0.03333333333333333
46,0,23,0.6477357826786346,0.6498642632367068,44.671844401743876,6.933508299798468,35.133295903863726,0.19578113766626712,4,0.10344827586206896,54.166666666666664,9.0,35.172413793103445,16.551724137931036,0.7999999999999998,0.03333333333333333
46,0,23,0.6426890227649996,0.6489856961256735,48.3354324389385,7.3365392788616335,36.05616155773252,0.18151403107629704,2,0.0,62.5,11.0,28.96551724137931,18.620689655172413,0.7999999999999998,0.06666666666666667
46,0,21,0.641890401820037,0.6486327138297976,49.562872057356486,7.243407931788078,36.92707460043781,0.1774194866521072,0,-0.06896551724137931,50.0,14.0,26.896551724137932,18.620689655172413,1.5999999999999996,0.03333333333333333
46,0,20,0.6505922766338962,0.6482876843220855,49.601063438878256,7.1533507043754865,37.81942065098876,0.1686328454720418,2,0.0,45.83333333333333,16.0,24.82758620689655,20.689655172413794,2.2000000000000006,0.03333333333333333
46,0,18,0.6494016330964919,0.6474688215209948,49.82510598016978,6.8697220728775505,38.68769163149735,0.1753325075525075,1,0.0,41.66666666666667,18.0,20.689655172413794,22.75862068965517,2.000000000000001,0.03333333333333333
46,0,18,0.6524486521821962,0.6469902539322938,48.45065318344111,8.617824618653,39.50892931556127,0.1684942832517403,2,0.034482758620689655,37.5,20.0,20.689655172413794,24.82758620689655,2.000000000000001,0.06666666666666667
46,0,18,0.6558105933108115,0.6478457593702335,44.213378040164486,10.037706777137151,40.34209907057733,0.160439564537798,2,-0.034482758620689655,33.33333333333333,21.0,10.344827586206897,24.82758620689655,1.8000000000000007,0.1
46,0,19,0.6498776887981222,0.6494656812604515,39.943388376054294,8.323430738578521,41.092743946127754,0.14796689083083447,1,0.0,37.5,22.0,14.482758620689655,24.82758620689655,1.8000000000000007,0.06666666666666667
46,0,19,0.6535275713043752,0.6505006568950419,36.52450728842533,6.197175497141397,41.83499458746994,0.129160302281534,1,-0.034482758620689655,37.5,22.0,18.620689655172413,24.82758620689655,1.0000000000000009,0.06666666666666667
46,0,19,0.6511428744017856,0.6514058520071,34.850645271836065,5.082455017459686,42.50722178800878,0.12398091813314827,1,-0.06896551724137931,29.166666666666668,22.0,14.482758620689655,24.82758620689655,0.20000000000000018,0.06666666666666667
46,0,20,0.6477736443462405,0.6524575089376902,32.93601245397035,3.2426973315223138,43.103810016568495,0.10040320769939248,1,0.0,29.166666666666668,22.0,16.551724137931036,22.75862068965517,0.20000000000000018,0.06666666666666667
46,0,20,0.6531657542281984,0.6529311501970154,32.749354057312885,2.8029721211233496,43.549775395730435,0.08467671361397738,1,0.034482758620689655,25.0,23.0,14.482758620689655,18.620689655172413,0.20000000000000018,0.03333333333333333
46,0,20,0.6521301921053583,0.6528530797784977,33.347507190062665,2.4906296275824715,43.92135877379584,0.08833381956497742,2,0.034482758620689655,29.166666666666668,23.0,18.620689655172413,18.620689655172413,0.20000000000000018,0.0
46,0,18,0.6495620622970676,0.6526564533468181,34.500669584622194,3.5334957468625854,44.32031616244548,0.07071761817173512,1,0.034482758620689655,37.5,23.0,20.689655172413794,18.620689655172413,0.20000000000000018,0.0
46,0,19,0.6502728498243026,0.6528338755638303,35.77564532034425,3.941029335985832,44.67622658348062,0.06998927915642775,0,-0.034482758620689655,45.83333333333333,21.0,22.75862068965517,16.551724137931036,0.8000000000000003,0.0
46,0,20,0.64896496950209,0.6521667853381016,38.1188062853537,6.246232084155228,44.99703293861017,0.06409958582518076,0,-0.034482758620689655,45.83333333333333,20.0,24.82758620689655,16.551724137931036,1.2000000000000006,0.0
46,0,22,0.6487177437471964,0.6516161312512916,40.34358131937431,6.145718616696993,45.32434958610556,0.06689579962590975,2,0.06896551724137931,45.83333333333333,18.0,22.75862068965517,14.482758620689655,1.4000000000000008,0.0
46,0,21,0.6409375476540651,0.6509087252297119,42.36543969722357,5.903023976331124,45.64260458806834,0.06713780870416325,1,0.034482758620689655,50.0,18.0,26.896551724137932,14.482758620689655,1.4000000000000008,0.0
46,0,20,0.6416295239482275,0.6497273832942719,44.80201379721941,4.647495664311902,45.98216757762307,0.0661800782920624,2,0.034482758620689655,41.66666666666667,18.0,18.620689655172413,14.482758620689655,1.4000000000000008,0.0
46,0,18,0.6526903077983153,0.6490718009299716,44.97455643096585,4.478627076238867,46.279784681640095,0.07430407357727914,1,0.0,37.5,19.0,18.620689655172413,16.551724137931036,1.600000000000001,0.03333333333333333
46,0,18,0.6489673495097577,0.6487057366492581,43.54145480325648,6.480034360694468,46.660804609814036,0.07389155117090608,1,0.0,29.166666666666668,19.0,12.413793103448276,20.689655172413794,0.6000000000000005,0.03333333333333333
46,0,18,0.6484216650194424,0.6486186773063451,40.45079611512905,7.5690091554049035,47.05050256099675,0.076338053668294,1,0.0,29.166666666666668,19.0,14.482758620689655,22.75862068965517,0.40000000000000036,0.03333333333333333
46,0,19,0.6547271609705861,0.6489558160385593,37.750893404032034,8.35701944575963,47.40677964590832,0.07253310888501584,3,0.10344827586206896,29.166666666666668,20.0,22.75862068965517,24.82758620689655,0.20000000000000018,0.06666666666666667
46,0,19,0.6491018708871995,0.6498727994837148,36.011426880736686,7.2169894288912655,47.73986106878844,0.05589374877378288,0,-0.034482758620689655,37.5,20.0,18.620689655172413,22.75862068965517,0.20000000000000018,0.06666666666666667
46,0,19,0.6524826683225068,0.6509967020604883,34.132669531464884,4.6352407745772535,48.00261448587431,0.04177889557870713,0,-0.034482758620689655,29.166666666666668,20.0,18.620689655172413,22.75862068965517,0.40000000000000036,0.06666666666666667
47,1,15,0.557856632910936,0.5521288653742611,17.651771453729232,10.797362040486954,28.945819725065167,0.26347232317309366,0,0.0,45.83333333333333,0.0,20.689655172413794,0.0,1.4,0.03333333333333333
47,1,17,0.5587168387877743,0.5611872858365462,24.67771052601428,13.557704135404025,30.307089097167772,0.2607647634466142,2,0.06896551724137931,50.0,0.0,18.620689655172413,0.0,1.4,0.03333333333333333
47,1,17,,0.5588956485944925,30.723567098658208,13.842768124230531,31.51730855418227,0.24073381367277297,2,0.06896551724137931,50.0,3.0,18.620689655172413,4.137931034482759,2.1999999999999997,0.06666666666666667
47,1,17,,0.558458498029283,33.357365428367096,13.198883569857466,32.051874550318196,0.1988665665074025,2,0.06896551724137931,54.166666666666664,4.0,20.689655172413794,6.206896551724138,6.000000000000003,0.2
47,1,16,,0.5578958578933733,38.07889102443506,10.467761742767077,32.68475745676517,0.14533625782344387,0,-0.034482758620689655,58.333333333333336,6.0,22.75862068965517,10.344827586206897,9.399999999999999,0.36666666666666664
47,1,17,,0.5570036731208022,43.2141328477832,5.9943218774274785,33.27842697199312,0.1011088006877646,2,0.06896551724137931,54.166666666666664,6.545454545454546,18.620689655172413,12.413793103448276,10.199999999999996,0.5333333333333333
47,1,17,,0.5558491280019736,47.01034415100437,2.079745157240711,33.85124491041142,0.06823531028794483,2,0.034482758620689655,50.0,7.0,14.482758620689655,14.482758620689655,10.19999999999999,0.7
47,1,17,,0.5510297838867058,48.05527705527254,2.984447932771796,34.46763888257956,0.02643466828901843,2,0.034482758620689655,50.0,9.0,16.551724137931036,16.551724137931036,14.199999999999976,0.8666666666666667
47,0,17,,,,,,,3,0.034482758620689655,58.333333333333336,10.0,22.75862068965517,16.551724137931036,16.599999999999962,1.0
47,0,16,,,,,,,0,-0.034482758620689655,54.166666666666664,12.0,16.551724137931036,16.551724137931036,14.199999999999953,1.0
47,0,17,,,,,,,2,0.034482758620689655,54.166666666666664,13.0,14.482758620689655,16.551724137931036,11.599999999999959,1.0
47,0,16,0.5543328029989162,0.5543328029989162,58.85532371596751,,43.48946442310196,,2,0.034482758620689655,50.0,14.0,14.482758620689655,16.551724137931036,13.599999999999952,0.9666666666666667
47,0,15,0.5492803888810833,0.5552503466402298,58.25361035506571,3.0920932870608246,43.83468051783051,0.022899805404634568,2,0.034482758620689655,54.166666666666664,15.0,18.620689655172413,14.482758620689655,15.999999999999943,0.8
47,0,15,0.5536871505482587,0.5557871779631675,58.026418783359354,2.420930618030127,44.1755219729996,0.047127504174633385,2,-0.034482758620689655,50.0,17.0,14.482758620689655,16.551724137931036,16.59999999999995,0.6333333333333333
47,0,14,0.5567372234954898,0.5568612627446665,57.502673023332,2.709085981302609,44.43609082161541,0.053422676846955335,0,-0.06896551724137931,45.83333333333333,17.0,10.344827586206897,18.620689655172413,14.400000000000002,0.4666666666666667
47,0,15,0.560036709183314,0.5568828595234179,55.29493035425017,4.9387117454539675,44.67815045902918,0.07712100082938535,1,0.0,41.66666666666667,17.0,10.344827586206897,16.551724137931036,14.000000000000004,0.3
47,0,15,0.5609306008867364,0.5572140610054007,52.72425759292739,7.012043417796519,44.906936730068146,0.08665158284779638,1,-0.034482758620689655,37.5,16.0,8.275862068965518,16.551724137931036,15.60000000000003,0.13333333333333333
47,0,14,0.5576111974267838,0.5577498596455102,49.57261130633723,9.283343410555574,45.18675104361432,0.09925079434603365,0,-0.06896551724137931,29.166666666666668,17.0,8.275862068965518,18.620689655172413,12.400000000000048,0.0
47,0,15,0.5621630875434959,0.5588516022057308,45.26799473035206,10.207432034428438,45.634883052456495,0.07991107702771034,1,-0.034482758620689655,33.33333333333333,17.0,6.206896551724138,16.551724137931036,8.200000000000063,0.0
47,0,14,0.5635717991834953,0.5596559902668006,41.88405433342258,8.712673478344838,46.014353137539395,0.07526798039142286,0,-0.06896551724137931,33.33333333333333,17.0,10.344827586206897,18.620689655172413,3.600000000000051,0.0
47,0,14,0.5634779523609866,0.5600136167281876,39.07771665407159,5.669180357892815,46.346825402170495,0.06650703016374823,1,-0.034482758620689655,37.5,17.0,14.482758620689655,16.551724137931036,2.2000000000000313,0.0
47,0,14,0.5567594872914772,0.5598177339998773,38.56444849157757,4.739801440736771,46.67023407018048,0.06198312425671819,1,-0.034482758620689655,37.5,16.0,14.482758620689655,16.551724137931036,2.80000000000004,0.0
47,0,12,0.5573096994241657,0.5594608207015207,38.65245647023955,4.893128214447607,46.99414087038216,0.06404474401226055,1,0.0,33.33333333333333,17.0,16.551724137931036,18.620689655172413,1.6000000000000227,0.0
47,0,12,,0.5588553138412309,39.234201713548224,4.5421094439491565,47.277355880631475,0.06010103255490701,1,0.0,41.66666666666667,16.0,20.689655172413794,14.482758620689655,1.40000000000002,0.03333333333333333
47,0,12,0.5590095629122785,0.5576992633310588,42.52737538009993,5.620428700908963,47.632104738060455,0.06476472438455456,1,0.0,50.0,15.0,18.620689655172413,12.413793103448276,4.800000000000068,0.03333333333333333
47,0,10,0.5567481656048034,0.5573129388215594,45.09565493258362,6.428682405038595,47.940007949860046,0.07046557274102447,0,0.0,41.66666666666667,15.0,16.551724137931036,12.413793103448276,4.800000000000068,0.06666666666666667
47,0,9,0.5566317445193817,0.5563240790368371,46.576020938921225,6.050715961471691,48.276747893877925,0.06228396470707054,2,0.034482758620689655,37.5,14.0,10.344827586206897,12.413793103448276,4.800000000000068,0.1
47,0,8,0.5594701044247863,0.556450565975993,45.63040870813851,6.730627234516657,48.638903687355715,0.06422518841645111,1,0.034482758620689655,29.166666666666668,15.0,8.275862068965518,12.413793103448276,5.200000000000074,0.1
47,0,7,0.562650207645592,0.5579654135074738,43.51984341158169,8.89413576644605,48.98083959727082,0.059652522049272835,1,0.034482758620689655,25.0,15.0,6.206896551724138,12.413793103448276,6.000000000000085,0.1
47,0,6,0.5645342566496696,0.5595236957411395,40.680661406387,11.814180594133509,49.23472803738538,0.04236223665768888,1,-0.034482758620689655,20.833333333333336,14.0,2.0689655172413794,14.482758620689655,4.800000000000068,0.06666666666666667
47,0,5,0.558470649610525,0.5606833327388999,35.103507605901,12.634609036905603,49.432351863238885,0.03844789640236443,0,0.0,12.5,15.0,0.0,16.551724137931036,2.400000000000034,0.06666666666666667
48,1,2,0.8732395425969629,0.8565761500224749,22.958882947512002,16.60365437158424,30.529773980778284,0.3929802138027274,1,0.034482758620689655,41.66666666666667,4.0,22.75862068965517,4.137931034482759,3.800000000000001,0.0
48,1,1,0.8804922608018991,0.8785949016328297,29.111783427780363,16.664376564263023,32.559147911162285,0.40515952723522325,1,0.034482758620689655,37.5,5.142857142857143,20.689655172413794,6.206896551724138,7.400000000000004,0.0
48,1,0,0.8809150343989461,0.8773243094283358,35.2232273248582,14.501336698009492,34.546318952327255,0.3825294617700982,1,0.0,37.5,6.0,22.75862068965517,8.275862068965518,10.199999999999992,0.0
48,1,0,0.8809341630916409,0.8753107689415529,41.24194110769919,9.651996786928255,36.24077627654088,0.35961202772743356,1,0.034482758620689655,41.66666666666667,5.333333333333333,20.689655172413794,8.275862068965518,14.999999999999975,0.03333333333333333
48,1,0,0.8746307996413639,0.8737111107229083,47.75097144226815,5.848602046813048,38.06976344578555,0.35022577581442815,2,0.034482758620689655,50.0,4.8,12.413793103448276,8.275862068965518,19.999999999999957,0.03333333333333333
48,1,0,0.8660562382264626,0.8725403579526491,53.26183739150006,12.069256788066772,39.85766511012054,0.3360342697316904,2,0.06896551724137931,58.333333333333336,4.363636363636363,12.413793103448276,4.137931034482759,24.99999999999994,0.03333333333333333
48,1,0,0.8605962230538373,0.8708631117392348,58.76543046064366,14.360749719822458,41.59779075982397,0.3224306876324979,2,0.034482758620689655,58.333333333333336,4.0,12.413793103448276,4.137931034482759,26.39999999999992,0.03333333333333333
48,1,2,0.8584544876930115,0.8687300739861766,65.03522980267442,14.789488827699937,43.300266070237484,0.33049618502778366,2,0.0,62.5,4.0,14.482758620689655,2.0689655172413794,27.799999999999972,0.03333333333333333
48,1,4,0.8560681977386144,0.8652823149839627,71.40031114634411,12.485480483186121,45.05333460580527,0.3537158316136023,2,0.034482758620689655,62.5,4.0,12.413793103448276,0.0,29.000000000000057,0.03333333333333333
48,1,5,0.8557682265947997,0.8626677951580601,76.30458029121006,8.27321821724916,46.694565995153944,0.3598003144155932,2,0.0,62.5,4.0,8.275862068965518,0.0,29.000000000000146,0.0
48,1,7,0.844675634783723,0.859031652738376,82.25346526180546,7.124875497566149,48.548381887429834,0.37336387594946996,2,-0.034482758620689655,79.16666666666666,4.0,10.344827586206897,0.0,29.000000000000234,0.0
48,1,9,0.8462390801451923,0.8559758982536732,87.41987468252823,11.207141365661842,50.44562463244308,0.38124719748786323,3,0.034482758620689655,83.33333333333334,3.0,12.413793103448276,0.0,29.000000000000323,0.0
48,1,10,0.8457014357078044,0.8532486225118018,92.63389303844129,12.52607229729209,52.323832200132884,0.3683838080238497,3,0.034482758620689655,83.33333333333334,2.0,12.413793103448276,0.0,29.000000000000412,0.0
48,1,12,0.8435657505754656,0.8508643417780213,97.61638974677066,12.854817845693503,54.14759362328792,0.3621365776352185,3,0.034482758620689655,87.5,1.0,12.413793103448276,0.0,29.000000000000412,0.0
48,1,14,0.8410875200058539,0.8486431619522414,102.23578104479948,11.54837846251711,55.75227920657813,0.3477310069039681,3,0.034482758620689655,87.5,0.0,12.413793103448276,0.0,29.000000000000412,0.03333333333333333
48,1,16,0.8438795301690042,0.8457570995510646,107.85378174211898,7.43544824565918,57.51541887706532,0.3338263245786379,3,0.034482758620689655,91.66666666666666,0.0,14.482758620689655,0.0,29.000000000000412,0.03333333333333333
48,1,17,0.841793082719815,0.8441549046621798,111.39041149859335,3.1757288340661907,59.20626620277716,0.3207824601413905,3,0.034482758620689655,91.66666666666666,0.0,6.206896551724138,0.0,29.000000000000412,0.03333333333333333
48,1,19,0.8386487961007365,0.8432144704203316,113.76883575211124,4.45254724985543,60.81020255668048,0.30065930206397673,3,0.0,100.0,0.0,8.275862068965518,0.0,29.000000000000412,0.03333333333333333
48,1,21,,0.8423582689008643,115.81919635285806,4.7797983213102055,62.075375239378644,0.27732262216832787,7,0.13793103448275862,100.0,0.0,16.551724137931036,0.0,29.000000000000412,0.1
48,1,20,0.8456914367226634,0.8415728931870681,116.41577963169277,4.334532488394854,63.603880346241574,0.2645544945938258,12,0.3103448275862069,91.66666666666666,2.0,24.82758620689655,4.137931034482759,29.000000000000412,0.1
48,1,20,0.8486976925925306,0.8412546073216473,115.99918238140914,4.902551621115785,64.87425836528261,0.2558234262141607,10,0.2413793103448276,91.66666666666666,4.0,26.896551724137932,8.275862068965518,28.400000000000404,0.06666666666666667
48,1,21,0.8402012121300241,0.8414175577867411,114.78520659846467,5.943652605628076,66.16791456815282,0.2354193855413151,9,0.20689655172413793,95.83333333333334,5.0,24.82758620689655,10.344827586206897,28.400000000000404,0.06666666666666667
48,1,20,0.8458875449129507,0.8426059898081207,112.7910030831766,7.266374193431099,67.34646587633179,0.20556993965366804,8,0.1724137931034483,95.83333333333334,7.0,28.96551724137931,14.482758620689655,28.000000000000398,0.06666666666666667
48,1,20,0.8475863095504418,0.8436581862926605,110.75404094500378,6.0872291583074425,68.39185219441956,0.17607558389347255,9,0.1724137931034483,95.83333333333334,9.0,26.896551724137932,18.620689655172413,27.800000000000395,0.06666666666666667
48,1,21,0.8471417964661988,0.8449077880203697,109.3272891872704,4.128839478499319,69.05230404902926,0.15655447076915152,8,0.0,100.0,10.0,18.620689655172413,18.620689655172413,27.600000000000392,0.0
48,1,21,0.8525364596425106,0.8463789986283078,107.68834488173079,3.910770289014445,69.74167162572078,0.1218121682480528,7,-0.10344827586206896,95.83333333333334,12.0,14.482758620689655,20.689655172413794,27.800000000000395,0.0
48,1,21,0.8514607526367656,0.8474346614855839,106.13132343553922,4.208923993925621,70.27233605151018,0.09811776358765201,8,-0.10344827586206896,95.83333333333334,14.0,16.551724137931036,20.689655172413794,27.40000000000032,0.0
48,1,20,0.8490745442273436,0.848214315815216,104.77727279656645,4.831422720903077,70.68141762804909,0.07502638771321925,5,-0.13793103448275862,95.83333333333334,16.0,14.482758620689655,20.689655172413794,26.799999999999997,0.0
48,1,21,0.8469891685896366,0.8482765467242025,103.56954038457677,5.706169453792153,71.02074826361519,0.06360362812389322,6,-0.06896551724137931,100.0,17.0,16.551724137931036,20.689655172413794,26.999999999999673,0.0
48,1,21,0.8423334498800181,0.8482518582060601,101.1438438326438,5.601936434504701,71.33518733604866,0.0636530048338254,8,-0.034482758620689655,95.83333333333334,19.0,18.620689655172413,20.689655172413794,26.79999999999933,0.0
48,1,20,0.8464892078160567,0.8483397475898945,98.94274523125046,3.96499032026429,71.65336239382223,0.061790532598432285,5,-0.06896551724137931,95.83333333333334,21.0,16.551724137931036,20.689655172413794,26.199999999999022,0.0
49,0,10,1.2850624865713998,1.2348369318152614,0.311380790500413,0.6806670971242065,32.14032744205029,0.48373240508681914,0,0.0,4.166666666666666,0.0,2.0689655172413794,0.0,0.0,0.0
49,0,11,1.2805714101518262,1.2859883735515996,1.0745279477304561,1.753652310549213,34.60050759960291,0.4843929368379184,0,0.0,8.333333333333332,0.0,4.137931034482759,0.0,0.0,0.0
49,0,12,1.2846951783793765,1.2857734756088595,1.8456671910674323,2.125777566701043,36.96136174645924,0.4578521245252801,1,0.034482758620689655,8.333333333333332,0.0,4.137931034482759,0.0,0.0,0.0
49,0,12,1.2850897916366628,1.2853550236264364,2.544913418751712,2.1234914747374667,39.20973860539218,0.444965994086187,1,0.034482758620689655,8.333333333333332,1.3333333333333333,6.206896551724138,2.0689655172413794,0.0,0.0
49,1,12,1.276713709600918,1.2842265417487277,4.3134519343124715,4.134389142074007,41.35628399720115,0.4203354019587708,0,0.0,12.5,2.4,10.344827586206897,4.137931034482759,0.0,0.0
49,1,13,1.273802899620715,1.2822403851407786,7.735374688961034,6.895497415367314,43.38659227684305,0.40055007370614565,1,0.034482758620689655,16.666666666666664,2.1818181818181817,12.413793103448276,4.137931034482759,0.0,0.0
49,1,13,1.270780323369449,1.279984290213282,10.843473655994767,7.644887142927247,45.359703703405145,0.3902790810666073,1,0.0,16.666666666666664,3.0,10.344827586206897,6.206896551724138,0.0,0.0
49,1,13,1.2634540937129903,1.276745949601751,16.48222373974352,12.57728099959633,47.33873951153029,0.4017531972557396,1,0.034482758620689655,37.5,4.0,22.75862068965517,8.275862068965518,0.0,0.0
49,1,14,1.2492390001955749,1.2722937088171578,23.279108757598987,16.16749496989853,49.13569249241926,0.38537879849230205,1,0.0,41.66666666666667,5.0,24.82758620689655,10.344827586206897,0.0,0.03333333333333333
49,1,14,1.2524298093770023,1.2667721296522274,31.50968683549325,16.527511374427704,51.16623022076988,0.3987236121092008,1,0.0,41.66666666666667,6.0,26.896551724137932,10.344827586206897,0.2,0.03333333333333333
49,1,13,1.2472816940322193,1.2613457233426062,38.748833062629245,14.70983832202396,53.34286238174507,0.43785036698639185,2,0.06896551724137931,41.66666666666667,7.0,22.75862068965517,10.344827586206897,2.4,0.03333333333333333
49,1,12,1.2508033392647346,1.2573698725859332,44.432176674572915,12.808566788453446,55.700960482937404,0.4756638407136134,1,0.034482758620689655,41.66666666666667,8.0,24.82758620689655,10.344827586206897,3.600000000000001,0.03333333333333333
49,1,10,1.2534017128011639,1.253760006665242,49.40272894912552,6.2275776388283255,58.18011033293169,0.4803871069726934,1,0.0,37.5,10.0,22.75862068965517,14.482758620689655,5.600000000000002,0.03333333333333333
49,1,9,1.2503700120033243,1.2520358001076863,51.16648180591336,2.5628756451787784,60.674652165478996,0.483399729549348,3,0.034482758620689655,37.5,11.0,12.413793103448276,14.482758620689655,10.199999999999996,0.03333333333333333
49,1,8,1.260457937137033,1.2519838488814061,50.99780295252607,2.8647135929973326,62.69581349026807,0.5002084025141554,2,0.034482758620689655,37.5,12.0,12.413793103448276,14.482758620689655,14.79999999999998,0.03333333333333333
49,1,7,1.26113726415071,1.2525320555379673,49.53509062011573,4.088990803186801,65.1976404994158,0.47016754164107316,2,0.0,37.5,12.0,12.413793103448276,14.482758620689655,18.599999999999962,0.03333333333333333
49,0,6,1.26032109824806,1.2540651144323918,47.149757232046724,5.400584274717843,67.53843178519233,0.43705951585765174,2,0.0,37.5,12.0,10.344827586206897,14.482758620689655,19.599999999999948,0.03333333333333333
49,0,5,1.2591670472721377,1.2552632006371252,45.15069807943473,4.871507656895861,69.53107024558945,0.39258808727100936,1,0.0,41.66666666666667,13.0,14.482758620689655,14.482758620689655,22.19999999999994,0.06666666666666667
49,0,4,1.2575764808102547,1.2560791663279811,44.877002813923816,4.704769921965109,71.55215413745233,0.3618726291095595,1,-0.034482758620689655,45.83333333333333,13.0,14.482758620689655,12.413793103448276,19.399999999999935,0.06666666666666667
49,0,3,1.25513400941207,1.2568900407182189,43.811676391435654,4.544313591732573,73.36562419401272,0.320586419701101,2,0.0,45.83333333333333,13.0,14.482758620689655,12.413793103448276,18.999999999999932,0.06666666666666667
49,0,1,1.2580203161531835,1.2570981873680676,43.12987856507696,3.710234512605932,74.7769405622174,0.28511331201195356,2,0.0,41.66666666666667,14.0,16.551724137931036,14.482758620689655,18.599999999999973,0.03333333333333333
49,0,0,1.2519406163988738,1.2569705714452681,43.85831316822128,4.088885054721487,76.18715573646884,0.2564770989689475,0,-0.10344827586206896,41.66666666666667,14.0,16.551724137931036,14.482758620689655,18.800000000000058,0.03333333333333333
49,0,0,0.0,1.126358517040602,45.92785090381675,3.9920739723016165,77.34202221042935,0.15996601963582116,2,0.0,45.83333333333333,13.0,18.620689655172413,12.413793103448276,15.600000000000076,0.03333333333333333
49,0,0,0.00234280052198714,0.9214699390460306,47.378523282170825,3.667789193591585,77.58992821382115,0.0003716551546880243,2,0.034482758620689655,45.83333333333333,12.0,12.413793103448276,10.344827586206897,13.800000000000082,0.0
49,0,0,0.0,0.712566873173131,47.90854844385363,3.7145725772560123,77.19999857185891,-0.1456736405675014,2,0.0,45.83333333333333,10.0,10.344827586206897,8.275862068965518,13.200000000000085,0.0
49,0,0,0.0031207720518286286,0.5034559086983285,49.25643499058504,2.6616486780277904,76.15796227787177,-0.2788435649107828,2,0.0,45.83333333333333,9.0,12.413793103448276,4.137931034482759,8.8000000000001,0.0
49,0,0,0.0033604857852220405,0.30464430094007,50.25812555805686,1.437265658211287,74.69320826933816,-0.4006090405380615,2,0.0,45.83333333333333,8.0,14.482758620689655,2.0689655172413794,4.20000000000006,0.03333333333333333
49,0,0,0.0010480244774440303,0.08873591664293799,50.794415671299774,0.10389662801144169,72.35964541687457,-0.5257321123778794,2,0.034482758620689655,45.83333333333333,7.0,14.482758620689655,0.0,0.4000000000000057,0.03333333333333333
49,0,0,0.003857416740976991,0.002699433482411796,50.80389941306402,0.1084354026895356,69.5595187601063,-0.5375453865176744,2,0.0,45.83333333333333,6.0,12.413793103448276,0.0,0.0,0.03333333333333333
49,0,0,0.0031841312616825105,0.0025374344429861238,50.8086508279765,0.1078465432162096,66.8697277311,-0.5022461888664566,2,0.0,45.83333333333333,5.0,16.551724137931036,0.0,0.0,0.03333333333333333
49,0,0,0.004545277162225473,0.0025228638678852352,50.8100377309194,0.10279982559260557,64.35116039581597,-0.47976285531809454,2,0.0,45.83333333333333,4.0,20.689655172413794,0.0,0.0,0.03333333333333333
50,1,17,0.9113889747391609,0.8924675692375444,34.971805203955,21.750385000721735,33.02704366008343,0.5597055765973531,1,0.034482758620689655,54.166666666666664,6.0,31.03448275862069,6.206896551724138,7.800000000000004,0.0
50,1,17,0.9042072926404484,0.917657359578723,46.82556545444377,21.625419471890595,35.9423447469888,0.5930460319563683,2,0.06896551724137931,58.333333333333336,6.857142857142857,28.96551724137931,8.275862068965518,11.199999999999992,0.0
50,1,18,0.9061166668335664,0.9135373762215868,58.545445681929735,19.739433898026178,38.91201023074792,0.5889090800807136,2,0.034482758620689655,70.83333333333334,7.5,31.03448275862069,10.344827586206897,15.399999999999975,0.0
50,1,17,0.9003224287004726,0.9095438757882477,69.79199334965841,19.543413354629294,41.84112592301717,0.5857017620686934,3,0.06896551724137931,75.0,9.333333333333334,33.10344827586207,14.482758620689655,15.999999999999957,0.0
50,1,17,0.893135474055501,0.9063981078378819,78.95423801307194,16.943439532589654,44.749653901079704,0.5798560356649477,3,0.034482758620689655,83.33333333333334,9.6,37.241379310344826,16.551724137931036,19.79999999999994,0.0
50,1,15,0.8951287127654529,0.9026781882718032,86.99841347469432,13.865025581462184,47.677403440416796,0.5833744355562946,3,0.06896551724137931,75.0,10.909090909090908,28.96551724137931,16.551724137931036,22.599999999999923,0.0
50,1,14,0.8866856312031697,0.8985864018662153,93.53710349068139,10.758292022629123,50.635396722049606,0.5931237585800062,3,0.06896551724137931,83.33333333333334,11.0,28.96551724137931,16.551724137931036,26.199999999999942,0.0
50,1,12,0.8873698528638726,0.8950777633139662,100.05530111965972,10.249879016959978,53.60725358005862,0.5890387769211267,3,0.034482758620689655,95.83333333333334,13.0,35.172413793103445,18.620689655172413,26.800000000000026,0.0
50,1,11,0.8875113107107957,0.8919472458529945,105.00013184087189,8.561899937834328,56.52790297645192,0.5841512763457107,9,0.27586206896551724,95.83333333333334,14.0,41.37931034482759,16.551724137931036,27.00000000000011,0.0
50,1,9,0.875141700422565,0.8888664582932897,107.23288775223928,7.944342862878097,59.43140317357265,0.5802274400356358,15,0.4482758620689655,91.66666666666666,16.0,55.86206896551724,18.620689655172413,27.200000000000195,0.0
50,1,8,0.8852031127071013,0.8863441607056927,110.3412749090256,6.124177584143855,62.278552427296326,0.557401944270524,20,0.6551724137931034,91.66666666666666,17.0,57.93103448275862,16.551724137931036,27.000000000000274,0.0
50,1,7,0.8812341772679368,0.885164148146167,112.87569728507795,5.146491930106781,64.99759109970367,0.5316307814425169,27,0.8275862068965517,95.83333333333334,17.0,74.48275862068965,16.551724137931036,27.200000000000358,0.0
50,1,5,0.8844759895848449,0.8847544640379097,115.00348520330941,3.828886842148043,67.40749585177308,0.5055610290566587,32,1.0,95.83333333333334,17.0,82.75862068965517,16.551724137931036,27.200000000000387,0.03333333333333333
50,1,4,0.882421802587333,0.8841545898879735,115.98413303240042,4.3035696259263005,69.88666618291137,0.46339560037439437,33,0.9655172413793104,100.0,17.0,97.24137931034483,16.551724137931036,27.000000000000384,0.03333333333333333
50,1,2,0.8851193680478152,0.8844822378086765,117.3850366963843,4.841536027653645,72.17201965237281,0.42112355391716666,32,0.7241379310344828,95.83333333333334,18.0,95.17241379310344,18.620689655172413,27.000000000000384,0.03333333333333333
50,1,1,0.8796617305839338,0.8847404476241971,118.90090336445017,3.7170412220076283,74.23384698324384,0.3775875204924943,33,0.5862068965517241,95.83333333333334,17.0,88.96551724137932,16.551724137931036,27.200000000000387,0.03333333333333333
50,1,0,0.004343707268476073,0.7936020295892677,118.83093829383269,3.8212256653927064,75.98972515605952,0.2773059121497543,32,0.3793103448275862,91.66666666666666,17.0,101.37931034482759,16.551724137931036,24.60000000000035,0.03333333333333333
50,1,0,0.0004142375235995372,0.6413027679545225,118.25790020494071,4.045036662271612,76.86569443892698,0.07394838171964285,32,0.1724137931034483,91.66666666666666,15.0,86.89655172413794,12.413793103448276,20.000000000000284,0.03333333333333333
50,1,0,,0.5375321223665795,117.82733252363629,4.21998389062163,76.99685084631321,-0.06448960863103291,32,0.0,91.66666666666666,14.0,80.6896551724138,10.344827586206897,15.400000000000219,0.06666666666666667
50,1,0,0.003698416530132652,0.3802705984577126,116.51726086451757,4.019509184163836,76.17291773081762,-0.2325505951828761,32,-0.034482758620689655,91.66666666666666,12.0,68.27586206896552,8.275862068965518,10.60000000000015,0.06666666666666667
50,1,0,0.0007880169196068341,0.22222042919166543,114.96926265404427,2.6671443936235506,74.57877961357546,-0.37308003049884997,32,0.0,91.66666666666666,11.0,72.41379310344827,4.137931034482759,6.000000000000085,0.06666666666666667
50,1,0,0.004878768430952957,0.0649632573777662,113.9211321881403,1.0273247685664673,72.26520232752691,-0.5098011258442973,32,-0.034482758620689655,91.66666666666666,9.0,72.41379310344827,2.0689655172413794,1.0000000000000142,0.06666666666666667
50,1,0,0.002193321252891451,0.002161336403231984,113.73308300421402,0.11203437482831155,69.37955463866298,-0.5388086640783831,32,0.0,91.66666666666666,8.0,68.27586206896552,0.0,0.0,0.06666666666666667
50,1,0,0.00046018693982800553,0.002038716187568753,113.72742877341594,0.1038853665358916,66.59773007686614,-0.5126232883735704,32,0.0,91.66666666666666,7.0,68.27586206896552,0.0,0.0,0.06666666666666667
50,1,0,0.0012940815360190545,0.0022102254571666224,113.75282476682692,0.09230682313425012,64.56670680234362,-0.47317226141032104,32,0.0,91.66666666666666,5.0,86.89655172413794,0.0,0.0,0.0
50,1,0,0.0013112569679618105,0.0019250882099046478,113.74940485001267,0.08990538026684122,62.25309903216451,-0.4478294140876071,32,0.0,91.66666666666666,4.0,88.96551724137932,0.0,0.0,0.0
50,1,0,0.0024513075661310416,0.0020928716703597647,113.74940562133972,0.0895837787644534,60.08418121831157,-0.4149799477929209,32,0.0,91.66666666666666,2.0,103.44827586206897,0.0,0.0,0.0
50,1,0,0.003290228568069766,0.0021530357085834087,113.72893160578442,0.08830910471537531,58.034927952111154,-0.39637067449829483,32,0.0,91.66666666666666,1.0,99.3103448275862,0.0,0.0,0.0
50,1,0,0.0,0.0017922189120057805,113.73725496743963,0.08203714506013254,56.11115331382357,-0.37570704217317147,32,0.0,91.66666666666666,0.0,99.3103448275862,0.0,0.0,0.0
50,1,0,0.0002316767749031539,0.001826959653170232,113.74408798716117,0.08422103080148993,54.29900450429678,-0.34685766052079076,32,0.0,91.66666666666666,0.0,109.65517241379311,0.0,0.0,0.0
50,1,0,0.0,0.0015049818542544422,113.74966328747234,0.09219358343817152,52.72270940921877,-0.3310132700053202,32,0.0,91.66666666666666,0.0,91.03448275862068,0.0,0.0,0.03333333333333333
51,1,19,0.5292030289530664,0.5252228603620467,37.38191043341844,17.22841879335984,28.220479553541622,0.22356708077488402,2,0.034482758620689655,58.333333333333336,0.0,24.82758620689655,0.0,5.200000000000002,0.06666666666666667
51,0,20,0.524432134799722,0.531782924081335,48.32101286505021,16.082680166396123,29.418536299971695,0.22121142704234745,3,0.034482758620689655,66.66666666666666,0.0,22.75862068965517,0.0,7.0000000000000036,0.06666666666666667
51,0,21,0.5254329625054178,0.529587407904687,57.23245164150184,14.625117821649301,30.595325902773908,0.21438659777285463,2,0.034482758620689655,70.83333333333334,1.5,22.75862068965517,2.0689655172413794,9.0,0.06666666666666667
51,0,21,0.5259471292312599,0.5285122220103905,63.75540194812233,13.01823457983497,31.75977972555857,0.21558987239381147,4,0.13793103448275862,66.66666666666666,4.0,28.96551724137931,6.206896551724138,10.799999999999992,0.06666666666666667
51,0,20,0.5251703164202028,0.5270115626473458,69.3210024489424,8.978989917047105,32.91495067057063,0.21489607921853973,5,0.1724137931034483,66.66666666666666,6.0,28.96551724137931,10.344827586206897,10.399999999999986,0.06666666666666667
51,0,20,0.5206162192228531,0.5262617661572616,72.32849326208327,5.4939477246098445,33.90275907660533,0.21289225623344618,3,0.06896551724137931,66.66666666666666,7.636363636363637,24.82758620689655,14.482758620689655,9.79999999999998,0.03333333333333333
51,0,21,0.5228228151647468,0.5250327749809838,73.94824975928758,2.9931118095813565,34.76872609726496,0.20834386631434937,2,0.0,70.83333333333334,8.0,20.689655172413794,16.551724137931036,9.599999999999973,0.03333333333333333
51,0,21,0.5254063575207057,0.52455482948566,73.80927762767583,3.0532294687790986,35.82392936771077,0.20056798765936865,3,0.034482758620689655,62.5,10.0,18.620689655172413,20.689655172413794,9.799999999999965,0.03333333333333333
51,0,21,0.5244465498336651,0.5245769147451003,72.10017279690756,4.165600523188761,36.83461128795079,0.1916449450148292,4,0.034482758620689655,66.66666666666666,11.0,20.689655172413794,18.620689655172413,9.999999999999964,0.03333333333333333
51,0,21,0.5222061667374144,0.52420245498399,70.89653640143467,4.071444537153243,37.71031471440951,0.17684947882628324,3,-0.10344827586206896,70.83333333333334,13.0,14.482758620689655,20.689655172413794,9.999999999999964,0.06666666666666667
51,0,21,0.5173663286356814,0.5240871151066916,70.46992397597376,3.861278414106212,38.56952722506124,0.17294062088047712,1,-0.13793103448275862,70.83333333333334,15.0,14.482758620689655,20.689655172413794,9.199999999999967,0.1
51,0,21,0.5191126131392362,0.5234935496187071,69.628098914063,3.660243828071772,39.51474349001729,0.16444851999479423,1,-0.06896551724137931,62.5,17.0,14.482758620689655,20.689655172413794,9.399999999999967,0.1
51,0,20,0.5218906841282864,0.5236779715355878,67.73070525583661,4.766431713021992,40.23797646521924,0.16482416776967068,2,0.034482758620689655,62.5,19.0,20.689655172413794,22.75862068965517,9.199999999999967,0.1
51,0,21,0.5241625660770982,0.52420320097278,65.75672120842975,5.098685418279299,41.10979923205697,0.15264900033604886,1,-0.034482758620689655,62.5,20.0,20.689655172413794,20.689655172413794,8.799999999999969,0.1
51,0,21,0.5233821246628189,0.5239762252900841,65.61052582568992,5.399204149858763,41.86610871591035,0.1426742718123481,2,-0.06896551724137931,66.66666666666666,21.0,18.620689655172413,20.689655172413794,6.999999999999975,0.13333333333333333
51,0,21,0.5248180222828789,0.5238595423155533,65.34702541947235,5.298466907769281,42.56667373912227,0.1329459420454198,4,0.06896551724137931,66.66666666666666,21.0,22.75862068965517,20.689655172413794,6.5999999999999766,0.1
51,0,21,0.5218883882273481,0.5240137373569801,65.73122364709991,5.616625873432693,43.19561182749913,0.12878292546096318,4,0.034482758620689655,70.83333333333334,20.0,22.75862068965517,20.689655172413794,7.199999999999974,0.06666666666666667
51,0,21,0.5254521389540059,0.5237649491883717,67.19095244508841,7.017045199765974,43.84911189905773,0.11234098893006045,2,0.0,70.83333333333334,20.0,24.82758620689655,20.689655172413794,7.599999999999973,0.06666666666666667
51,0,21,0.5222788267604921,0.5230243322724167,70.5761342870975,7.978532506117636,44.39147931717742,0.10918916904891382,2,-0.06896551724137931,70.83333333333334,21.0,22.75862068965517,20.689655172413794,7.999999999999993,0.03333333333333333
51,0,21,0.5183246601543198,0.5218228862999371,73.76118894097958,7.139055983820282,44.91702139066716,0.11255492113991603,2,0.034482758620689655,70.83333333333334,21.0,28.96551724137931,20.689655172413794,8.400000000000027,0.06666666666666667
51,0,21,0.5223353830674101,0.5215117358024868,76.35176932673355,6.423582609236344,45.378115448189824,0.10843645767677793,2,0.06896551724137931,75.0,21.0,24.82758620689655,18.620689655172413,10.00000000000005,0.06666666666666667
51,0,21,0.5201448542701197,0.5208957522275949,78.9241974671286,4.037852343605819,45.92364360398725,0.09971791145514847,2,0.0,66.66666666666666,21.0,18.620689655172413,20.689655172413794,9.000000000000078,0.06666666666666667
51,0,21,0.5178419356836689,0.5202732712871446,79.02135812111365,3.9109905841570813,46.45878562338469,0.09569423540384012,2,0.0,62.5,21.0,16.551724137931036,20.689655172413794,10.000000000000107,0.06666666666666667
51,0,21,0.5227052715764468,0.520409174121167,77.88356972811879,5.186062032815671,46.95527846977427,0.08648981331251436,2,0.0,58.333333333333336,21.0,14.482758620689655,22.75862068965517,10.40000000000014,0.06666666666666667
51,0,22,0.522692547295439,0.5207439340509558,77.00206501695108,4.947375159750648,47.44206636316255,0.08912430935076127,2,-0.06896551724137931,62.5,20.0,12.413793103448276,20.689655172413794,10.000000000000142,0.06666666666666667
51,0,21,0.5230381348904244,0.5209188793530481,75.696898071628,4.864126553483652,47.848970808171174,0.08495182640933788,1,-0.06896551724137931,58.333333333333336,21.0,12.413793103448276,20.689655172413794,8.000000000000114,0.03333333333333333
51,0,21,0.5260930772642991,0.5213503663148044,73.45797948120308,4.664189358668202,48.22400061805804,0.08805076755561654,1,0.0,58.333333333333336,21.0,14.482758620689655,20.689655172413794,7.0000000000000995,0.0
51,0,21,0.517743948516988,0.5218289107699321,71.39601199263399,3.752580961113075,48.628956755037855,0.08140189892413058,1,-0.034482758620689655,54.166666666666664,21.0,16.551724137931036,20.689655172413794,6.400000000000091,0.0
51,0,22,0.525310516441625,0.5221784493782899,69.85594915761631,4.355447121246797,49.02311375587275,0.07831864862003676,3,0.06896551724137931,58.333333333333336,21.0,20.689655172413794,18.620689655172413,4.800000000000068,0.0
51,0,21,0.5243668504375744,0.5226911658828567,69.21658785431188,4.645996608331971,49.407148022157834,0.07037484299672254,1,-0.034482758620689655,58.333333333333336,21.0,18.620689655172413,20.689655172413794,4.000000000000057,0.0
51,0,20,0.5224927356821363,0.5228807619710811,67.88932664166497,3.3407994594095536,49.762647068083226,0.07698610526124912,2,0.0,62.5,21.0,22.75862068965517,20.689655172413794,2.80000000000004,0.0
52,1,30,0.9575380789721711,0.9671366688054457,182.9820518552981,104.80278293240565,32.004652708713294,0.5249415097353606,12,0.41379310344827586,62.5,12.0,62.06896551724138,12.413793103448276,9.399999999999999,0.06666666666666667
52,1,30,0.9559925738117944,0.9794807262897505,229.78054727429205,69.91352896859749,34.989953515320586,0.5846407083215287,14,0.41379310344827586,62.5,15.428571428571429,60.0,18.620689655172413,12.599999999999987,0.06666666666666667
52,1,30,0.9572508894475534,0.9631378134838473,260.6713405706097,33.430467009728495,38.10404862521106,0.5823023529835308,14,0.41379310344827586,62.5,16.5,53.793103448275865,22.75862068965517,16.599999999999973,0.06666666666666667
52,1,30,0.9582953833892075,0.9575751794589652,271.74183289055713,9.573985986478414,40.841361698437126,0.5750162747584248,18,0.5862068965517241,62.5,17.333333333333332,57.93103448275862,26.896551724137932,20.19999999999996,0.03333333333333333
52,1,30,0.9564217154420197,0.9569202441654191,273.40360463493397,8.149508411014438,43.82239391001126,0.5724925146891171,22,0.4827586206896552,62.5,19.2,55.86206896551724,28.96551724137931,21.799999999999947,0.03333333333333333
52,1,31,0.9635841043983865,0.9583362203652376,270.49600334285384,7.952895243500511,46.7812449093395,0.5704795394181789,29,0.6206896551724138,62.5,19.636363636363637,66.20689655172414,28.96551724137931,22.399999999999928,0.03333333333333333
52,1,30,0.9611680168208414,0.9593791640912609,268.4201585990679,9.432498041381622,49.31315166132274,0.541909241617953,23,0.3793103448275862,62.5,21.0,57.93103448275862,28.96551724137931,22.799999999999926,0.0
52,1,31,,0.9599870468029463,267.3997315209804,9.073709871183192,51.6966056635913,0.49082945052498733,28,0.4482758620689655,62.5,23.0,53.793103448275865,28.96551724137931,22.799999999999994,0.03333333333333333
52,1,30,0.9656318646252019,0.96117476491326,265.1724484663801,8.298631920410905,54.23136861719814,0.476449268057836,27,0.4482758620689655,62.5,26.0,57.93103448275862,31.03448275862069,22.000000000000053,0.03333333333333333
52,1,31,0.9633594923269797,0.9609724545071816,265.5166386860265,8.582277001214802,56.60875925874079,0.44198123812921536,27,0.41379310344827586,62.5,28.0,49.6551724137931,28.96551724137931,23.40000000000013,0.03333333333333333
52,1,30,,0.9618684728944729,263.65826208945305,7.765234974090149,58.62517682232493,0.40382502363651,26,0.06896551724137931,66.66666666666666,30.0,41.37931034482759,31.03448275862069,22.600000000000197,0.06666666666666667
52,1,29,0.9685083397989948,0.9612406654637121,264.3679500694472,8.262050413891075,60.781147916244514,0.38915781141001143,31,0.13793103448275862,62.5,29.0,35.172413793103445,28.96551724137931,22.80000000000027,0.06666666666666667
52,1,26,0.9626748412023264,0.9613222124728914,264.5894913015305,7.503566178758204,62.79635499124226,0.36560824074776466,32,0.20689655172413793,62.5,30.0,43.44827586206897,31.03448275862069,22.40000000000032,0.06666666666666667
52,1,23,0.9588732129898597,0.961606645565364,263.6750481141971,7.772774021373849,64.50572919952003,0.3443338313834107,28,0.13793103448275862,62.5,30.0,41.37931034482759,31.03448275862069,22.60000000000032,0.03333333333333333
52,1,21,0.956734347870228,0.9618452248276586,263.6066388535948,8.386043329525489,66.23801924018605,0.3187338090210989,30,0.13793103448275862,66.66666666666666,30.0,41.37931034482759,31.03448275862069,22.60000000000032,0.03333333333333333
52,1,19,0.963001001009673,0.9624613210580611,263.47686654091115,7.953765704146812,67.87274083589996,0.30537124770860435,33,0.2413793103448276,62.5,30.0,45.51724137931034,28.96551724137931,22.800000000000324,0.03333333333333333
52,1,16,0.9633670599650314,0.9625929646018658,263.6794098234459,8.359232910596136,69.25508360616305,0.29335349420556256,32,0.10344827586206896,62.5,30.0,41.37931034482759,31.03448275862069,23.400000000000333,0.0
52,1,13,0.963843543540977,0.9626543532214186,264.05234014493806,8.477385118261264,70.65341079939132,0.2776118246326732,33,0.06896551724137931,58.333333333333336,31.0,43.44827586206897,31.03448275862069,23.20000000000033,0.0
52,1,11,0.9518525278310402,0.9618672909641084,264.8061687067119,9.479637671460392,71.97236459879376,0.2543539455376883,33,0.06896551724137931,66.66666666666666,30.0,49.6551724137931,31.03448275862069,23.20000000000033,0.0
52,1,8,0.9540818203419317,0.9608949020959832,267.38661285659947,10.64402208329906,73.20247924815554,0.24021771351832874,32,0.034482758620689655,62.5,31.0,49.6551724137931,31.03448275862069,23.20000000000033,0.0
52,1,6,0.9495734798277403,0.9596351140942859,269.34279529708294,10.302306469468594,74.37064818250676,0.22980064893634145,30,-0.034482758620689655,70.83333333333334,30.0,51.724137931034484,31.03448275862069,23.20000000000033,0.0
52,1,3,0.9552693621541746,0.9587013025633868,271.11796331889536,10.781351717014807,75.49559791634353,0.2195108242730314,27,-0.20689655172413793,70.83333333333334,31.0,47.58620689655172,31.03448275862069,22.40000000000032,0.0
52,1,1,0.9596181873637976,0.9576248874531238,272.22643635639554,10.040474892279729,76.55249956199037,0.20804829516931644,31,-0.06896551724137931,70.83333333333334,30.0,51.724137931034484,28.96551724137931,21.80000000000031,0.0
52,1,0,0.0007267866046592776,0.8911480165018243,273.12302960798525,9.580648700754812,77.40588185746138,0.14861995931855176,33,0.0,70.83333333333334,29.0,51.724137931034484,26.896551724137932,20.000000000000284,0.03333333333333333
52,1,0,0.00044266355412264993,0.7260839581011438,275.01338992819404,7.365541530420519,77.73918036243157,0.0004996044888509561,33,0.13793103448275862,70.83333333333334,26.0,55.86206896551724,20.689655172413794,16.000000000000227,0.03333333333333333
52,1,0,0.004137897971883277,0.5616138717414166,274.4468812311665,6.661185455155748,77.37434335203899,-0.13744453406942442,33,0.0,70.83333333333334,23.0,64.13793103448276,16.551724137931036,11.800000000000168,0.03333333333333333
52,1,0,0.0,0.39726200711758836,275.00629439649964,5.272838539642488,76.33189877213563,-0.27084705410129034,33,0.20689655172413793,70.83333333333334,21.0,64.13793103448276,10.344827586206897,8.40000000000012,0.03333333333333333
52,1,0,,0.24109466881699018,274.3046172405706,4.890346359752879,74.90904693601637,-0.37217705688295094,33,0.06896551724137931,70.83333333333334,19.0,62.06896551724138,6.206896551724138,5.000000000000071,0.06666666666666667
52,1,0,3.633037021591977e-05,0.07269574074150761,275.72484758649557,0.2641408601874277,72.7977322786863,-0.5136780105468443,33,0.0,70.83333333333334,16.0,57.93103448275862,2.0689655172413794,1.6000000000000227,0.1
52,1,0,7.650838226841081e-05,0.0019051000057644374,275.67556491055956,0.07007758784496783,70.1854314656268,-0.5376464870818688,33,0.0,70.83333333333334,13.0,55.86206896551724,0.0,0.0,0.06666666666666667
52,1,0,0.0035640733619236226,0.0018261781855575321,275.67045496850216,0.07614519578584585,67.62872640408766,-0.5053234929138563,33,0.0,70.83333333333334,11.0,45.51724137931034,0.0,0.0,0.1
53,1,7,,1.1932521859280796,45.632610417606664,21.22343143381924,34.41684991472079,0.6392326737034956,2,0.06896551724137931,79.16666666666666,12.0,51.724137931034484,12.413793103448276,14.39999999999998,0.03333333333333333
53,1,5,1.2128184734095655,1.2370800771132997,58.174872007830075,16.84459748771947,38.32684849024494,0.8764725257753285,6,0.20689655172413793,95.83333333333334,13.714285714285714,62.06896551724138,16.551724137931036,19.199999999999964,0.03333333333333333
53,1,3,1.2121012807296223,1.2306572197502679,68.32665088193549,14.502880710184193,43.71339898081525,1.160601773199627,7,0.20689655172413793,95.83333333333334,15.0,49.6551724137931,20.689655172413794,23.799999999999947,0.03333333333333333
53,1,1,1.2174066691531003,1.2271306063379472,74.8616398752903,15.135443932996429,50.451648566848974,1.4217197529589285,12,0.3793103448275862,91.66666666666666,16.0,57.93103448275862,22.75862068965517,26.399999999999928,0.03333333333333333
53,1,0,0.0006371095961872532,1.0552518023952009,80.5487090694928,12.637973686852664,57.72461779413608,1.3537079164491532,12,0.41379310344827586,91.66666666666666,15.6,55.86206896551724,20.689655172413794,23.39999999999992,0.03333333333333333
53,1,0,0.005108928985780587,0.8425645102608815,85.47591136007472,8.589226927589564,63.974136023636156,1.141223359315209,12,0.3448275862068966,91.66666666666666,14.181818181818182,60.0,16.551724137931036,18.999999999999932,0.03333333333333333
53,1,0,0.00236075663313818,0.6509933926795657,88.41537084356236,4.029803023356455,68.33177282315826,0.9304059145468703,12,0.3448275862068966,91.66666666666666,13.0,51.724137931034484,12.413793103448276,14.799999999999947,0.0
53,1,0,0.0017079179899012781,0.447365026600871,89.57310440400002,1.8936739868159116,71.98861671401524,0.4747069562808646,12,0.10344827586206896,91.66666666666666,13.0,39.310344827586206,8.275862068965518,9.999999999999964,0.0
53,1,0,0.005249488696848964,0.24530200929185225,89.47405204255529,1.4504305664288601,73.17160987208477,-0.04430663035653369,12,0.1724137931034483,91.66666666666666,13.0,51.724137931034484,4.137931034482759,4.999999999999982,0.0
53,1,0,0.0,0.04272918561475228,88.90258859978567,0.34290346440227937,71.95483172429836,-0.5129050188418102,12,0.034482758620689655,91.66666666666666,13.0,43.44827586206897,0.0,0.1999999999999993,0.0
53,1,0,,0.0022528465507644633,88.94064988957412,0.08404052335511449,69.50450490216139,-0.5218820340368633,12,0.0,91.66666666666666,11.0,47.58620689655172,0.0,0.0,0.03333333333333333
53,1,0,0.00161482522629771,0.002019526409778861,88.93306994365467,0.08768409212592802,66.82892387882256,-0.5008532236056407,12,0.0,91.66666666666666,9.0,41.37931034482759,0.0,0.0,0.03333333333333333
53,1,0,,0.0018969997915848438,88.9269982818164,0.08408429636589476,64.56088087407595,-0.45373192991573713,12,0.0,91.66666666666666,7.0,41.37931034482759,0.0,0.0,0.06666666666666667
53,1,0,0.0024161008657561235,0.0018308355846327216,88.92727110886833,0.09006707933349699,62.10895638020218,-0.4444942452882325,12,0.0,91.66666666666666,5.0,37.241379310344826,0.0,0.0,0.06666666666666667
53,1,0,0.0021754964868673505,0.0016461668719873561,88.91847723095803,0.09559395683157368,59.79803673285377,-0.4179396641304242,12,0.0,91.66666666666666,3.0,41.37931034482759,0.0,0.0,0.06666666666666667
53,1,0,0.0014121596441974277,0.0016763695775329182,88.9032341514628,0.08983152620046239,57.784077285833426,-0.3868273832387334,12,0.0,91.66666666666666,1.0,43.44827586206897,0.0,0.0,0.1
53,1,0,0.0002854811300215746,0.0015831015139210556,88.93173948659057,0.08887281609326109,55.89256110622892,-0.3691184573044477,12,0.0,91.66666666666666,0.0,43.44827586206897,0.0,0.0,0.06666666666666667
53,1,0,0.0006779594619985736,0.0016805370706856348,88.92303323108784,0.08679234674949603,54.13020206450618,-0.34669057536300657,12,0.0,91.66666666666666,0.0,39.310344827586206,0.0,0.0,0.1
53,1,0,0.0035199841632465637,0.001710203002360319,88.91967172263662,0.08364941630643279,52.43607286820172,-0.3296979026728065,12,0.0,91.66666666666666,0.0,39.310344827586206,0.0,0.0,0.06666666666666667
53,1,0,0.002758815971854275,0.0017026515773801603,88.90498425189898,0.0799749639626079,50.73474597833234,-0.3077655705678739,12,0.0,91.66666666666666,0.0,31.03448275862069,0.0,0.0,0.06666666666666667
53,1,0,0.001973812001111056,0.0017241583877087867,88.90535610233806,0.07459078414381855,49.12025352878367,-0.2914509852882155,12,0.0,91.66666666666666,0.0,28.96551724137931,0.0,0.0,0.06666666666666667
53,1,0,0.003009240220555964,0.0017406284460439914,88.91036031376805,0.07170432142117086,47.81179514851788,-0.2741286642892889,12,0.0,91.66666666666666,0.0,33.10344827586207,0.0,0.0,0.03333333333333333
53,1,0,0.004713531863832248,0.0018477225643671663,88.8992520775606,0.06841262150868173,46.430779290122466,-0.2587779033024736,12,0.0,91.66666666666666,0.0,35.172413793103445,0.0,0.0,0.03333333333333333
53,1,0,0.0012951107501492573,0.0017896251890705656,88.90149326824029,0.06984801327168545,45.280389354520246,-0.23966878972299713,12,0.0,91.66666666666666,0.0,37.241379310344826,0.0,0.0,0.0
53,1,0,0.002541136100709175,0.0015978625540717791,88.90563899719085,0.07534576170314017,44.10034461168092,-0.23322172537585623,12,0.0,91.66666666666666,0.0,37.241379310344826,0.0,0.0,0.0
53,1,0,0.002241208077088715,0.0015732706303974609,88.91600980103202,0.07118315250996098,42.98428736675323,-0.21689080641348799,12,0.0,91.66666666666666,0.0,41.37931034482759,0.0,0.0,0.0
53,1,0,0.0010425722222879477,0.0016554128603460739,88.9147664460926,0.07873585109116304,41.933698179491834,-0.20764334904295906,12,0.0,91.66666666666666,0.0,43.44827586206897,0.0,0.0,0.0
53,1,0,0.0026282432700742743,0.00153649752479625,88.92023810558545,0.07704876892476258,40.94391082561297,-0.18897453831922598,12,0.0,91.66666666666666,0.0,45.51724137931034,0.0,0.0,0.0
53,1,0,0.0,0.0013579685938077814,88.91507851761149,0.07149326671807217,40.02122851178928,-0.18198423072423228,12,0.0,91.66666666666666,0.0,51.724137931034484,0.0,0.0,0.0
53,1,0,0.002369480152649698,0.0014618321424869915,88.91724795953584,0.06988227763277594,39.21674008601185,-0.17143017121149248,12,0.0,91.66666666666666,0.0,51.724137931034484,0.0,0.0,0.03333333333333333
53,1,0,0.0019094476467803392,0.0017209694247009297,88.90540407953151,0.06635677833372905,38.35936708545524,-0.1619071800185783,12,0.0,91.66666666666666,0.0,49.6551724137931,0.0,0.0,0.03333333333333333
54,1,17,0.7498236324147961,0.7482580531103008,33.52263041679923,21.15703935494428,28.511949215752676,0.23312028776187127,1,0.034482758620689655,66.66666666666666,6.0,37.241379310344826,6.206896551724138,3.0000000000000004,0.0
54,1,18,0.7509415780303206,0.7585173933055886,44.28905845123748,20.159949011448663,29.68783289161307,0.22888788801473764,3,0.10344827586206896,70.83333333333334,6.857142857142857,35.172413793103445,8.275862068965518,4.800000000000002,0.0
54,1,17,,0.7555456834243578,53.22936287931647,16.70681461822508,30.71395535683849,0.21407244291743802,2,0.06896551724137931,66.66666666666666,9.0,31.03448275862069,12.413793103448276,8.4,0.03333333333333333
54,1,18,,0.7537069209831545,58.91279772358056,11.902749022158366,31.294059700374365,0.16843902342258932,2,0.06896551724137931,62.5,9.333333333333334,24.82758620689655,14.482758620689655,12.199999999999985,0.2
54,1,17,,0.7523612940859827,63.160564424512636,9.359470603539616,31.835509451856534,0.12874590864080473,2,0.034482758620689655,58.333333333333336,10.8,24.82758620689655,18.620689655172413,15.199999999999973,0.36666666666666664
54,1,18,,0.7508672638989035,67.70079630915244,5.114310128854755,32.36827600195141,0.09126196211369536,3,0.06896551724137931,66.66666666666666,10.909090909090908,24.82758620689655,16.551724137931036,19.39999999999996,0.5333333333333333
54,1,18,,0.75074896938794,70.2627110781681,1.788095014959891,32.878935601955,0.04967698328328298,2,0.0,75.0,11.0,20.689655172413794,16.551724137931036,22.199999999999942,0.7
54,1,18,,0.750520994042163,71.33561128547655,0.9271804586257707,33.36481074682904,0.016759181009486066,3,0.06896551724137931,83.33333333333334,13.0,24.82758620689655,16.551724137931036,22.799999999999926,0.8666666666666667
54,1,18,,,,,,,5,0.10344827586206896,95.83333333333334,14.0,35.172413793103445,16.551724137931036,23.799999999999926,1.0
54,1,18,,,,,,,6,0.1724137931034483,95.83333333333334,16.0,41.37931034482759,16.551724137931036,23.800000000000004,1.0
54,1,18,,,,,,,8,0.20689655172413793,100.0,17.0,47.58620689655172,16.551724137931036,24.00000000000008,1.0
54,1,17,0.729425072359129,0.729425072359129,110.70353397684762,,41.303365059751435,,10,0.27586206896551724,95.83333333333334,17.0,49.6551724137931,18.620689655172413,24.400000000000162,0.9666666666666667
54,1,18,0.7323951257331265,0.7331506663234414,111.15700071984259,1.0895432456186604,41.76775734486234,0.03331194503287731,10,0.27586206896551724,100.0,17.0,43.44827586206897,16.551724137931036,25.600000000000243,0.8
54,1,17,0.7365543012101771,0.7344111221379387,111.49095950612936,1.519389753721861,42.191194956561276,0.05695204089538845,10,0.27586206896551724,100.0,18.0,39.310344827586206,18.620689655172413,26.000000000000316,0.6333333333333333
54,1,18,0.737795675932742,0.7346711616316335,111.67350211120545,1.6616090641540366,42.5533545387422,0.08037614432174556,12,0.3103448275862069,100.0,17.0,35.172413793103445,16.551724137931036,26.00000000000037,0.4666666666666667
54,1,17,0.7360455489445217,0.7344275592084815,110.38692024925766,3.28309398757247,42.913010790001906,0.10392180970356607,15,0.3448275862068966,95.83333333333334,18.0,39.310344827586206,18.620689655172413,26.200000000000372,0.3
54,1,17,0.7344915433518029,0.734813753994596,109.40002243192023,3.6857770801632492,43.24033952486454,0.12136743003265055,19,0.3103448275862069,100.0,17.0,37.241379310344826,16.551724137931036,26.400000000000375,0.13333333333333333
54,1,17,0.7388690095364386,0.7355078042308337,107.94634713104892,4.707037137655844,43.62623269444122,0.12990089387269102,22,0.41379310344827586,95.83333333333334,18.0,43.44827586206897,18.620689655172413,26.400000000000375,0.0
54,1,18,0.7350915654337372,0.7362051982359148,106.92637339678836,4.904522957148344,44.26557565804606,0.12404825724144687,25,0.5517241379310345,100.0,18.0,49.6551724137931,16.551724137931036,26.00000000000037,0.0
54,1,17,0.7367449059325021,0.7360314209870025,105.94156927808126,4.477538475233276,44.84942306929682,0.10797461176350792,25,0.5172413793103449,95.83333333333334,18.0,49.6551724137931,18.620689655172413,26.600000000000378,0.0
54,1,17,,0.7365731341686574,104.34128631427387,3.7114531983928356,45.35833763058825,0.10620582648237062,24,0.3793103448275862,100.0,18.0,41.37931034482759,16.551724137931036,26.200000000000372,0.03333333333333333
54,1,17,0.7342733432305818,0.7373336155771397,103.0328978440953,3.962357583018218,45.9140689189907,0.10167487129207513,22,0.20689655172413793,95.83333333333334,18.0,31.03448275862069,18.620689655172413,26.80000000000038,0.03333333333333333
54,1,17,0.736335011490203,0.7372328500966799,102.74633363189817,3.767338795947286,46.439541204725955,0.10543032868200172,25,0.13793103448275862,100.0,18.0,24.82758620689655,16.551724137931036,26.600000000000378,0.03333333333333333
54,1,18,0.7389294880097665,0.7368421983958299,102.70074091593487,3.8428343608213247,46.956067193395924,0.09635368041052782,30,0.20689655172413793,100.0,17.0,28.96551724137931,16.551724137931036,26.600000000000378,0.03333333333333333
54,1,17,0.7305274676524801,0.7363131377078721,101.7847952101208,3.491189947938108,47.45220099274375,0.09360840708312815,31,0.20689655172413793,95.83333333333334,18.0,33.10344827586207,18.620689655172413,26.400000000000375,0.03333333333333333
54,1,18,0.7337762541045686,0.7362369280791499,101.79933960555717,3.519761745551807,47.936619371069455,0.09258164783054532,32,0.27586206896551724,100.0,17.0,31.03448275862069,16.551724137931036,26.200000000000372,0.03333333333333333
54,1,17,0.7337778131234346,0.7355322690188878,102.89379865046287,4.45249524539303,48.35452643871165,0.09057338905163669,32,0.3103448275862069,95.83333333333334,18.0,39.310344827586206,16.551724137931036,26.200000000000372,0.0
54,1,17,0.7363266912718786,0.7348515556040787,104.14839138066365,4.158242874789684,48.81042775470416,0.09507002089620725,32,0.3793103448275862,100.0,17.0,45.51724137931034,16.551724137931036,25.40000000000036,0.0
54,1,18,0.7338787522581193,0.7342327432501999,104.98996617171764,4.481178380108396,49.28304651348878,0.08940021817818261,33,0.27586206896551724,100.0,17.0,41.37931034482759,16.551724137931036,25.000000000000355,0.0
54,1,17,0.7396751668700556,0.7339416904293806,106.26866536444338,4.097412585093054,49.7411570565141,0.08712772106366874,32,0.034482758620689655,95.83333333333334,17.0,24.82758620689655,16.551724137931036,24.60000000000035,0.0
54,1,17,0.7359842299686908,0.7340119244772052,107.7093804855699,2.8122106212267393,50.149383360091264,0.09073850685702237,32,0.0,91.66666666666666,18.0,24.82758620689655,18.620689655172413,25.200000000000117,0.03333333333333333
55,1,4,0.7325212095330437,0.7198734948845763,26.95463791792649,10.16710972377751,29.790556765037458,0.3135100905624956,2,0.06896551724137931,37.5,4.0,20.689655172413794,4.137931034482759,4.600000000000001,0.03333333333333333
55,1,2,0.7381331184094834,0.7347824058549367,31.173151551513644,6.114831212243184,31.3996983605159,0.3003597016963201,1,0.0,37.5,6.857142857142857,18.620689655172413,8.275862068965518,5.000000000000002,0.03333333333333333
55,1,0,0.7396548933705248,0.7348679096312798,32.31160981814725,4.573827315340212,32.8951193299217,0.27430929533705717,0,0.0,33.33333333333333,9.0,16.551724137931036,12.413793103448276,4.200000000000002,0.03333333333333333
55,1,0,0.7352861927015152,0.7355070333753178,32.13802702269576,4.941280863223631,34.28233600253803,0.2617556772095169,1,0.034482758620689655,41.66666666666667,8.0,18.620689655172413,12.413793103448276,6.199999999999999,0.03333333333333333
55,1,0,0.7353139420616578,0.7353843236634543,32.30781292740509,5.040653887965626,35.43516909742225,0.24740893134380154,1,0.0,54.166666666666664,7.2,22.75862068965517,12.413793103448276,9.39999999999998,0.0
55,1,0,0.7363056493007553,0.7355984125682766,32.167155122330044,4.9796541865644315,36.53562541290553,0.23354213466555016,2,0.034482758620689655,54.166666666666664,6.545454545454546,18.620689655172413,10.344827586206897,14.399999999999963,0.03333333333333333
55,1,0,0.7359204295246397,0.7353178050832337,32.71299339655465,5.433436912650548,37.6912530045237,0.2205693368152923,2,0.034482758620689655,54.166666666666664,6.0,16.551724137931036,6.206896551724138,19.399999999999945,0.03333333333333333
55,1,2,0.7339735186921592,0.73501636343014,33.532360656096316,5.880741141062881,38.75089287789319,0.19868210468967143,2,0.034482758620689655,54.166666666666664,6.0,12.413793103448276,4.137931034482759,23.99999999999993,0.03333333333333333
55,1,4,0.733896674929076,0.7351506682856247,35.35984280409037,5.3516274029259865,39.73569401802424,0.18682289811190184,2,0.034482758620689655,54.166666666666664,6.0,10.344827586206897,0.0,28.999999999999943,0.03333333333333333
55,1,5,0.7296918970506283,0.7338245972903074,39.11230823672228,5.363953300051247,40.66849784159729,0.18241040065252398,2,0.034482758620689655,62.5,6.0,10.344827586206897,0.0,29.000000000000018,0.03333333333333333
55,1,7,0.7292722628397431,0.7327137597043817,43.114981229455104,7.216609436058129,41.57519896122792,0.16933883397272034,2,0.034482758620689655,70.83333333333334,6.0,8.275862068965518,0.0,29.000000000000107,0.03333333333333333
55,1,9,0.7166296544448936,0.7309647412184341,47.12847527461495,10.242245447551849,42.33833431408665,0.1632322089056159,3,0.034482758620689655,83.33333333333334,6.0,14.482758620689655,0.0,29.000000000000195,0.0
55,1,11,0.7148025474191043,0.728330772934951,53.461530916409316,14.209290558519832,43.164690751814106,0.17495515884661422,3,0.034482758620689655,91.66666666666666,4.0,18.620689655172413,0.0,29.000000000000284,0.0
55,1,13,0.7203718382747516,0.7257060094729845,59.91751367577598,15.540320823927662,43.995656479327764,0.18578258671855055,3,0.034482758620689655,95.83333333333334,2.0,20.689655172413794,0.0,29.000000000000373,0.03333333333333333
55,1,15,0.7111485710486088,0.7219585698839912,67.516634427963,13.909699500263626,44.99749795599202,0.20233226415286606,3,0.034482758620689655,95.83333333333334,0.0,20.689655172413794,0.0,29.000000000000412,0.03333333333333333
55,1,16,,0.7195600615795965,72.87471440450554,11.20911081234272,45.82536073466134,0.1862394383420604,3,0.034482758620689655,95.83333333333334,0.0,16.551724137931036,0.0,29.000000000000412,0.1
55,1,18,0.7154306021108959,0.716660866721848,78.05000467185904,7.682770420421157,46.96919107724935,0.20990019185769784,3,0.034482758620689655,100.0,0.0,14.482758620689655,0.0,29.000000000000412,0.1
55,1,20,0.7107830482646279,0.7146372337367484,82.23715878796772,3.305353096960544,48.14899859503906,0.21811360725346074,4,0.034482758620689655,100.0,0.0,8.275862068965518,0.0,29.000000000000412,0.1
55,1,22,0.7124076234902907,0.7135510473830183,83.92851985110049,1.876274387080722,49.24258386392496,0.20301365518701847,6,0.10344827586206896,100.0,0.0,10.344827586206897,0.0,29.000000000000412,0.13333333333333333
55,1,22,0.7179974672424249,0.7130933710347532,84.27176986131992,1.7738842260478527,50.279830317088354,0.19742953422400542,6,0.10344827586206896,95.83333333333334,2.0,10.344827586206897,4.137931034482759,28.80000000000041,0.1
55,1,21,0.7126356153102539,0.7129642928064565,84.34726137189783,1.9992708416832874,51.380402575713134,0.19197628180809276,3,0.0,95.83333333333334,4.0,10.344827586206897,8.275862068965518,28.2000000000004,0.1
55,1,22,0.7097176563907963,0.7125834979704705,85.41544156019253,3.2347370494714442,52.20613204037422,0.1868068619427774,3,0.0,100.0,5.0,12.413793103448276,10.344827586206897,28.000000000000398,0.03333333333333333
55,1,22,0.7107147492326034,0.7122266561848011,86.85512389681703,3.8584766564239263,53.16568181094028,0.18881486316175525,2,-0.034482758620689655,91.66666666666666,7.0,10.344827586206897,14.482758620689655,27.600000000000392,0.03333333333333333
55,1,22,0.7111840624052119,0.7119055852123379,88.65562990723011,5.405117995052313,54.093977048812825,0.1788558057407518,2,-0.10344827586206896,91.66666666666666,9.0,10.344827586206897,18.620689655172413,27.200000000000387,0.03333333333333333
55,1,22,0.7075641454774573,0.7111254839907831,91.37394968998304,7.465969267739547,54.892884344314126,0.17106009532916328,3,-0.06896551724137931,91.66666666666666,11.0,12.413793103448276,20.689655172413794,26.600000000000378,0.0
55,1,22,0.7116511064353016,0.7106112081664214,93.99524182405729,7.446616569521139,55.66394939129338,0.16259306019173597,3,-0.10344827586206896,83.33333333333334,13.0,10.344827586206897,22.75862068965517,26.400000000000375,0.03333333333333333
55,1,21,0.7158867428815152,0.7105913481037656,95.2579382117348,6.0688593434094535,56.48139990668615,0.15275550643968414,2,-0.06896551724137931,75.0,15.0,10.344827586206897,22.75862068965517,26.400000000000375,0.03333333333333333
55,1,22,0.7107485617477686,0.7114899823645434,94.77445562903658,6.427338613390601,57.183045947766956,0.12770807926473293,3,0.034482758620689655,79.16666666666666,16.0,12.413793103448276,20.689655172413794,26.600000000000378,0.03333333333333333
55,1,22,0.7094437693989173,0.7118656907867923,94.76415587521417,6.581590776454678,57.763902527336384,0.10725597270385746,3,0.034482758620689655,79.16666666666666,18.0,14.482758620689655,20.689655172413794,26.000000000000256,0.03333333333333333
55,1,22,0.7113527661401352,0.7118278017800954,95.3333207219305,6.841106818979435,58.27031308087092,0.08881527704758745,2,-0.034482758620689655,87.5,20.0,18.620689655172413,22.75862068965517,26.599999999999923,0.03333333333333333
55,1,21,0.7165763522528478,0.7127741403453282,93.69521738490535,6.1154170056744706,58.6693642368721,0.06566896286776433,2,-0.034482758620689655,79.16666666666666,22.0,16.551724137931036,22.75862068965517,26.79999999999957,0.03333333333333333
56,0,18,0.9004378134492464,0.8671170042308382,12.756515150913948,4.5187800679711705,32.04905365719954,0.49648345684558065,0,0.0,12.5,6.0,10.344827586206897,6.206896551724138,0.4,0.03333333333333333
56,0,19,0.8934934915149565,0.8943387669200465,13.909612919760164,3.23141533147096,34.46446448553856,0.5060045818426284,0,0.0,20.833333333333336,5.142857142857143,12.413793103448276,6.206896551724138,0.4,0.06666666666666667
56,0,20,0.8949688606407813,0.8939297907455582,14.329360364213068,3.0961814414920252,37.07086211286711,0.4804802422461693,1,0.034482758620689655,20.833333333333336,6.0,12.413793103448276,8.275862068965518,0.4,0.06666666666666667
56,0,21,0.8897875356667123,0.8934188210413886,15.134096403257072,4.289970662295773,39.5515736038025,0.44983411561254233,1,0.034482758620689655,29.166666666666668,6.666666666666667,18.620689655172413,10.344827586206897,0.4,0.06666666666666667
56,0,22,0.8866656806513097,0.8922236806044588,17.184822969384516,6.6913180672061525,41.62948892933501,0.4229230987818518,0,-0.06896551724137931,33.33333333333333,7.2,18.620689655172413,12.413793103448276,1.0,0.03333333333333333
56,0,22,0.8874406166785347,0.8915462206105802,19.119956535964015,7.988755554654196,43.617769965947204,0.39778365060318016,1,0.0,29.166666666666668,8.727272727272727,18.620689655172413,14.482758620689655,1.4,0.06666666666666667
56,0,23,0.8831226118130188,0.8905806243544058,23.198353098668353,8.748951516483924,45.67246335728562,0.3580591346853819,2,0.06896551724137931,41.66666666666667,9.0,28.96551724137931,12.413793103448276,1.4,0.06666666666666667
56,0,24,0.8791235832606866,0.8881329682437115,27.8280560225836,9.227599700497572,47.40414739315147,0.3772596984516094,1,0.034482758620689655,45.83333333333333,10.0,24.82758620689655,14.482758620689655,2.2,0.03333333333333333
56,0,23,0.8786905387729171,0.8862241700133587,31.60758959850113,7.41996996605776,49.29466533443041,0.35829940834415785,0,-0.034482758620689655,37.5,13.0,26.896551724137932,18.620689655172413,3.4000000000000012,0.03333333333333333
56,0,23,0.8877889603429286,0.884916334981637,33.352907506839244,5.4491816109329365,51.12821524982393,0.35018199934723526,1,0.0,29.166666666666668,15.0,18.620689655172413,20.689655172413794,3.4000000000000012,0.03333333333333333
56,0,23,0.8785333771659417,0.8843308704198243,34.79484725369328,5.169839308360801,52.79565464048115,0.33202598562571484,2,0.0,41.66666666666667,17.0,26.896551724137932,22.75862068965517,2.4000000000000012,0.06666666666666667
56,0,23,0.8817620796197451,0.8833608826153458,36.713172132653014,5.101978139066895,54.36894960617352,0.3405800883555414,2,0.034482758620689655,41.66666666666667,18.0,26.896551724137932,22.75862068965517,3.200000000000002,0.03333333333333333
56,0,23,0.8826672126064233,0.8824437246259587,37.83147432895028,4.9927775915618,55.954740974286686,0.3226188062367252,1,0.034482758620689655,33.33333333333333,18.0,18.620689655172413,24.82758620689655,4.600000000000003,0.06666666666666667
56,0,24,0.8830698163996965,0.8833137327685332,36.865866655615584,4.704816496489791,57.58216416099624,0.29596770291774327,1,-0.034482758620689655,33.33333333333333,19.0,18.620689655172413,22.75862068965517,3.800000000000003,0.06666666666666667
56,0,24,0.8893968952902961,0.883451968952481,36.47716590565321,4.997082236964681,59.118057089833584,0.28388374838491665,1,-0.034482758620689655,33.33333333333333,20.0,20.689655172413794,22.75862068965517,3.2000000000000024,0.06666666666666667
56,0,23,0.8841055216472897,0.8828969707206729,36.99725862850576,4.4470242439665135,60.508042072100444,0.28047641000476287,2,0.034482758620689655,37.5,21.0,26.896551724137932,22.75862068965517,3.4000000000000026,0.1
56,0,21,0.8773154404739855,0.8832797466184721,36.18189345000194,4.5046363703678844,61.79402624517778,0.2536826772905563,1,0.0,41.66666666666667,22.0,22.75862068965517,22.75862068965517,3.800000000000003,0.06666666666666667
56,0,21,0.8871561078295439,0.8845855945475024,33.92063021820404,4.353146653933622,63.08214593793947,0.21705547476262507,1,0.0,37.5,22.0,20.689655172413794,22.75862068965517,3.599999999999997,0.06666666666666667
56,0,21,0.8866374611117095,0.8857820587222809,32.24120556709961,3.305392089867215,64.09262445728073,0.2102067251728861,0,-0.06896551724137931,33.33333333333333,23.0,22.75862068965517,20.689655172413794,3.199999999999993,0.03333333333333333
56,0,21,0.8892255008920514,0.8856656650914632,31.93907773096509,3.4435909461277623,65.18841359410114,0.2055350305796765,1,0.0,37.5,24.0,24.82758620689655,24.82758620689655,2.999999999999993,0.03333333333333333
56,0,21,0.8814243424053597,0.886018315472018,31.343976409669544,2.8246841994303096,66.19302564343232,0.1833683053162402,3,0.034482758620689655,37.5,23.0,28.96551724137931,24.82758620689655,3.9999999999999893,0.03333333333333333
56,0,21,0.8803821763056406,0.8862126298036318,32.449303976659216,4.070349352758175,66.96109196090454,0.15962374529281687,1,0.0,41.66666666666667,23.0,24.82758620689655,22.75862068965517,4.199999999999988,0.0
56,0,20,0.8840790834703566,0.885941382729751,34.3479140303454,5.993431264367143,67.73304787727841,0.1483481079539776,2,0.0,37.5,23.0,22.75862068965517,22.75862068965517,5.399999999999981,0.0
56,0,20,0.8856285228273876,0.8857982922024165,35.01059917802864,5.753910140761502,68.49298562674107,0.14817804873786242,1,-0.034482758620689655,29.166666666666668,23.0,20.689655172413794,24.82758620689655,3.7999999999999865,0.0
56,0,18,0.8889235546874453,0.8856778389462303,34.51295401284385,6.293401797962223,69.19940557258245,0.1355206872299581,1,-0.034482758620689655,20.833333333333336,23.0,18.620689655172413,24.82758620689655,3.7999999999999865,0.0
56,0,18,0.8827120136332608,0.8850477634729305,33.70593739245018,6.728732197193621,69.91047048812176,0.1424441855729917,2,0.034482758620689655,25.0,24.0,20.689655172413794,24.82758620689655,3.7999999999999865,0.0
56,0,18,0.8866608333773435,0.8846717044892148,34.74965537537461,6.8117735554982595,70.63441691715714,0.13968233922384818,1,-0.034482758620689655,29.166666666666668,24.0,16.551724137931036,24.82758620689655,2.5999999999999908,0.0
56,0,19,0.8935245006663899,0.8859832069517865,32.98048694356511,6.887026634021634,71.30951688827166,0.12469248551241159,0,-0.06896551724137931,25.0,23.0,12.413793103448276,22.75862068965517,3.999999999999986,0.0
56,0,21,0.880530191019785,0.8867782711100874,30.94804944891768,4.772815078540812,71.85745350734535,0.1088338495203604,0,-0.034482758620689655,33.33333333333333,21.0,16.551724137931036,18.620689655172413,1.999999999999993,0.03333333333333333
56,0,22,0.8889489439068882,0.8858523606977635,31.13555086029226,4.731078103824487,72.43215638174075,0.12341498525712828,2,0.034482758620689655,33.33333333333333,21.0,20.689655172413794,18.620689655172413,1.999999999999993,0.03333333333333333
56,0,22,0.8934829482958772,0.885713289045973,30.957368655738826,4.94794931220728,73.04931965987404,0.11299807551663062,1,0.0,29.166666666666668,21.0,22.75862068965517,18.620689655172413,2.5999999999999908,0.03333333333333333
57,1,15,0.9613832719401199,0.9333002995880995,12.65236779680771,12.32956001174981,32.6116493578928,0.5261049645895666,2,0.06896551724137931,29.166666666666668,0.0,14.482758620689655,0.0,0.4,0.06666666666666667
57,1,15,0.9593273071650504,0.9633304843611146,17.741800748735876,12.856655784390695,35.15976378005018,0.5338691436458622,2,0.06896551724137931,37.5,1.7142857142857142,20.689655172413794,2.0689655172413794,0.6000000000000001,0.03333333333333333
57,1,14,0.9633262036747082,0.9611054085325744,23.046354010687104,10.538936202584033,37.835842895877576,0.5082451166232003,0,0.0,29.166666666666668,4.5,18.620689655172413,6.206896551724138,0.6000000000000001,0.03333333333333333
57,1,14,0.9622864228219227,0.9600599787362105,27.10545690065211,7.2911196621482475,40.33607878104361,0.4670425090937653,1,0.034482758620689655,29.166666666666668,5.333333333333333,18.620689655172413,8.275862068965518,0.8,0.03333333333333333
57,1,15,0.9576931624189395,0.9601280458115337,28.92213449284741,4.176427054086388,42.667250633342846,0.43316909833527106,1,0.034482758620689655,29.166666666666668,6.0,14.482758620689655,10.344827586206897,0.8,0.03333333333333333
57,1,15,0.9476477407214867,0.9597601470462779,29.835846559727106,5.150817860581764,44.54902425314936,0.41073943209722696,1,0.0,50.0,6.545454545454546,26.896551724137932,12.413793103448276,0.4,0.0
57,1,15,0.9465440287708476,0.9584314482124575,32.718053851560526,8.970685335723356,46.614247818181255,0.40555650930545195,1,0.0,58.333333333333336,7.0,26.896551724137932,12.413793103448276,2.2,0.0
57,1,14,0.9506287249662807,0.9566217644756061,36.74711836640208,12.63159168550654,48.63157785239544,0.390633539940028,1,0.0,54.166666666666664,9.0,24.82758620689655,14.482758620689655,3.400000000000001,0.0
57,1,14,,0.9548859775019805,41.49678838730617,15.487650298959023,50.36758495084542,0.3670299973715985,2,0.034482758620689655,54.166666666666664,10.0,24.82758620689655,14.482758620689655,7.000000000000004,0.03333333333333333
57,1,15,0.9489279581164006,0.9531710641841136,46.88902920382281,15.964105608625799,52.23904037359632,0.35982963051237177,2,0.034482758620689655,54.166666666666664,11.0,26.896551724137932,14.482758620689655,10.99999999999999,0.03333333333333333
57,1,15,0.9514991821687263,0.9505200940282231,53.50477341359034,12.355505699709196,54.0206689217376,0.3362953414207476,2,0.034482758620689655,50.0,12.0,24.82758620689655,14.482758620689655,15.199999999999974,0.03333333333333333
57,1,15,0.9499228634858042,0.9492885665858382,58.73470789535327,5.717664395094731,55.6653031708115,0.3033416093268205,2,0.0,50.0,13.0,14.482758620689655,14.482758620689655,19.59999999999996,0.03333333333333333
57,1,14,0.9513955495982603,0.9488231494852025,61.39087756248708,3.0455477135696696,57.13414433915803,0.2594961643722288,1,-0.034482758620689655,50.0,15.0,12.413793103448276,16.551724137931036,22.199999999999942,0.03333333333333333
57,1,14,0.9467060416725798,0.9484292930007108,62.78594321347957,2.2375282308783118,58.42103866855366,0.2363846339124279,3,0.034482758620689655,50.0,15.0,10.344827586206897,14.482758620689655,23.99999999999993,0.03333333333333333
57,1,15,0.9474237703074545,0.9484651172781858,62.693815986650634,2.39245991119295,59.49081014940633,0.224345516713853,2,0.0,54.166666666666664,14.0,14.482758620689655,14.482758620689655,23.79999999999992,0.0
57,1,15,0.9504783741871887,0.948558575878317,62.22455142883061,2.8359741805801635,60.589117230228574,0.21090312056548985,2,0.0,50.0,14.0,12.413793103448276,14.482758620689655,24.600000000000005,0.0
57,1,14,0.9423244035063636,0.9483794066878263,61.98415761351438,3.483656785119385,61.625543759112574,0.20522227108595617,3,0.034482758620689655,54.166666666666664,15.0,18.620689655172413,16.551724137931036,24.00000000000007,0.0
57,1,14,0.9509919597908132,0.9480068744065082,63.00182396464338,4.200437166859062,62.669365419771296,0.2041750224005412,2,0.0,54.166666666666664,15.0,16.551724137931036,14.482758620689655,23.800000000000146,0.0
57,1,14,,0.9479192373527415,63.50314083201731,4.710229328681285,63.55023978736662,0.18127750152265162,2,0.0,58.333333333333336,15.0,18.620689655172413,14.482758620689655,24.40000000000022,0.03333333333333333
57,1,13,0.9478752795064261,0.9483771117141601,63.50585784420152,4.818513774573586,64.42487093413776,0.18063136082114883,2,0.0,58.333333333333336,14.0,16.551724137931036,14.482758620689655,24.400000000000293,0.06666666666666667
57,1,12,0.9414240690336898,0.9468275462793753,65.60320954693472,6.679753131815572,65.38562241356362,0.17925538714752923,2,0.0,62.5,14.0,18.620689655172413,14.482758620689655,24.400000000000347,0.06666666666666667
57,1,10,0.946523442091825,0.9455639711572533,69.5968279540899,7.755169420128941,66.35958757943094,0.1786517922433254,2,0.0,62.5,15.0,22.75862068965517,14.482758620689655,23.600000000000335,0.06666666666666667
57,1,9,0.937558186227388,0.9444743628601381,73.59167396236883,7.570623360633115,67.29976119327729,0.1676420236986831,3,0.034482758620689655,70.83333333333334,15.0,22.75862068965517,14.482758620689655,25.000000000000355,0.06666666666666667
57,1,8,0.9360412328045142,0.9428816590257822,76.76813932275897,8.458750797225326,68.09277151498311,0.15857524598076048,3,0.034482758620689655,79.16666666666666,15.0,24.82758620689655,14.482758620689655,24.800000000000352,0.1
57,1,7,0.9285850924271178,0.9403187620344508,81.00377165416339,9.578540933144025,68.93981008509147,0.1824855093948774,3,0.034482758620689655,79.16666666666666,14.0,24.82758620689655,14.482758620689655,25.40000000000036,0.06666666666666667
57,1,6,0.9299258049136753,0.93747554682958,86.04126138320372,8.74917520127857,69.77367917436867,0.20839332753832476,3,0.034482758620689655,83.33333333333334,14.0,26.896551724137932,14.482758620689655,26.00000000000037,0.06666666666666667
57,0,4,0.9299678117038184,0.9356692805920567,90.1830634961536,7.700775861879023,70.87237585849705,0.20352405027840592,3,0.10344827586206896,79.16666666666666,15.0,22.75862068965517,14.482758620689655,26.400000000000375,0.06666666666666667
57,0,3,0.9285186252948643,0.9336976582620237,93.45743756836914,6.899319659178185,71.98753862063774,0.2140244369945399,3,0.034482758620689655,87.5,15.0,24.82758620689655,14.482758620689655,27.40000000000039,0.06666666666666667
57,0,2,0.9223167444652992,0.9306856926160956,97.65729703379098,6.693196350827483,73.18914970994122,0.23433264793164382,3,0.0,91.66666666666666,14.0,24.82758620689655,14.482758620689655,27.200000000000387,0.06666666666666667
57,0,1,0.9129304744912048,0.9276380339601796,101.84065934270672,7.462801114809311,74.3943177431345,0.2705371880859888,3,0.0,95.83333333333334,14.0,22.75862068965517,14.482758620689655,27.40000000000039,0.03333333333333333
57,0,0,0.0029667331909921184,0.8937026948742758,106.08137882861034,8.68580334615854,75.82052122530978,0.27995896689422556,4,0.034482758620689655,100.0,14.0,24.82758620689655,14.482758620689655,27.000000000000384,0.03333333333333333
58,1,24,0.5599453883739677,0.567574884834002,44.28281682834922,26.265567883905128,26.998623443674326,0.13659000153595932,2,0.06896551724137931,66.66666666666666,2.0,33.10344827586207,2.0689655172413794,5.600000000000002,0.0
58,1,24,0.5635944381087232,0.5709868892249944,55.72818772253334,20.92082202181001,27.701676783616247,0.1356020673103069,2,0.06896551724137931,62.5,5.142857142857143,31.03448275862069,6.206896551724138,8.600000000000001,0.0
58,1,24,0.5606878548770169,0.5685835745740949,64.57531191287606,14.921473485054685,28.400493897117318,0.13978373703913308,4,0.10344827586206896,70.83333333333334,7.5,31.03448275862069,10.344827586206897,9.999999999999993,0.0
58,1,24,0.5616307663716259,0.566014177696571,71.9180068416608,11.274023296336964,29.11820913507645,0.14687109988502042,3,0.06896551724137931,75.0,9.333333333333334,35.172413793103445,14.482758620689655,12.199999999999985,0.0
58,1,24,0.555081969413603,0.56362281778805,78.50505289140227,8.513901460246608,29.853776124201048,0.14859170529640175,3,0.06896551724137931,83.33333333333334,10.8,37.241379310344826,18.620689655172413,12.599999999999977,0.0
58,1,23,0.5574117077976827,0.5624919319997146,82.679464430616,8.59506755788426,30.585841567878624,0.1464010931664107,2,0.034482758620689655,83.33333333333334,13.090909090909092,35.172413793103445,24.82758620689655,14.599999999999968,0.0
58,1,23,0.558442306429843,0.561892026263971,85.14244559462824,9.72855777203604,31.19661166721909,0.13662883250749083,1,-0.034482758620689655,83.33333333333334,14.0,35.172413793103445,24.82758620689655,13.599999999999957,0.06666666666666667
58,1,23,0.5560290479284395,0.560476427720135,89.11405806035556,8.662720835321691,31.930355441412022,0.13376614043666832,1,-0.034482758620689655,83.33333333333334,16.0,33.10344827586207,24.82758620689655,15.399999999999945,0.06666666666666667
58,1,24,0.5640133737389016,0.5599748606264898,93.35375983093913,5.942591042212499,32.66160499090968,0.13404736536588438,2,0.0,83.33333333333334,17.0,28.96551724137931,22.75862068965517,15.599999999999945,0.06666666666666667
58,1,24,0.560690394232606,0.5600090393726634,95.83314276793229,3.973154089925035,33.35070655426923,0.12784121109000032,2,0.0,83.33333333333334,19.0,26.896551724137932,22.75862068965517,18.199999999999935,0.06666666666666667
58,1,24,0.5566912359045884,0.5590507614174766,97.61670911863264,3.5280122439157653,34.01626048179645,0.11963497190676656,3,-0.034482758620689655,91.66666666666666,21.0,28.96551724137931,22.75862068965517,19.19999999999999,0.06666666666666667
58,1,24,0.5540024495705573,0.558240146077482,99.21137176063742,3.2572732502108495,34.67568374706941,0.11333807671650539,3,0.0,91.66666666666666,23.0,26.896551724137932,22.75862068965517,21.000000000000053,0.06666666666666667
58,1,23,0.5601815090046092,0.5580048817661916,100.04040600715133,3.4048873703684794,35.14450161492659,0.11145071454169653,6,0.10344827586206896,91.66666666666666,24.0,37.241379310344826,22.75862068965517,21.200000000000106,0.0
58,1,24,0.561143009114624,0.5577901698410256,101.9860522236897,3.847408898353645,35.72683099841121,0.11287684081017788,6,0.13793103448275862,91.66666666666666,24.0,35.172413793103445,22.75862068965517,21.60000000000017,0.0
58,1,23,0.5540661749000472,0.5568778319442331,103.15746105136843,3.927924258948574,36.262098459544696,0.09785284223437135,7,0.1724137931034483,95.83333333333334,24.0,41.37931034482759,22.75862068965517,21.80000000000024,0.0
58,1,23,0.5516260306393395,0.5556443387785895,104.29590820677949,2.87315947369455,36.77122290592742,0.09743037205200071,7,0.13793103448275862,95.83333333333334,24.0,41.37931034482759,24.82758620689655,22.00000000000031,0.0
58,1,23,0.5598888550349334,0.5559746310757582,104.00636531964012,3.3094320988841015,37.256200008122185,0.09564905681023057,7,0.10344827586206896,91.66666666666666,24.0,33.10344827586207,24.82758620689655,21.600000000000307,0.0
58,1,23,0.5604676968788488,0.5561342389477452,103.66577646118603,3.5520543340084347,37.7083367124671,0.09119736992845089,7,0.06896551724137931,91.66666666666666,23.0,33.10344827586207,24.82758620689655,21.400000000000304,0.0
58,1,23,0.5568441865875254,0.5563505224409891,102.68419929876092,4.424614660063325,38.130447700754566,0.0784262200548026,8,0.034482758620689655,95.83333333333334,23.0,28.96551724137931,24.82758620689655,21.80000000000031,0.0
58,1,23,0.5562459080787837,0.5566236637379446,100.76644409745573,4.348251803430528,38.503599179025365,0.06833521790476786,10,0.13793103448275862,95.83333333333334,23.0,31.03448275862069,24.82758620689655,22.40000000000032,0.0
58,1,23,0.5568232988511372,0.5570360971413327,98.68874868128076,4.239491756858132,38.862420993524715,0.06754877883250802,10,0.034482758620689655,91.66666666666666,24.0,26.896551724137932,24.82758620689655,22.200000000000315,0.0
58,1,23,0.556792239540351,0.5577854512670056,97.03089873034915,3.519337360458141,39.19688779804322,0.06436694932238322,11,0.10344827586206896,91.66666666666666,24.0,31.03448275862069,24.82758620689655,21.600000000000307,0.0
58,1,23,0.559090204401949,0.5579858712772515,96.13428498346053,3.312354382242023,39.49832617613615,0.05652783449263679,13,0.13793103448275862,91.66666666666666,24.0,33.10344827586207,24.82758620689655,21.600000000000307,0.0
58,1,23,0.5590004416781452,0.5582600063414809,94.84622260535774,2.7635870226339008,39.77152241994138,0.060452772262584095,10,0.06896551724137931,95.83333333333334,24.0,31.03448275862069,24.82758620689655,22.000000000000313,0.03333333333333333
58,1,25,0.5620607644527053,0.5584758027332604,93.42442532720536,3.229592519847399,40.04025776400671,0.05595537479037499,11,0.06896551724137931,95.83333333333334,23.0,26.896551724137932,22.75862068965517,22.000000000000313,0.06666666666666667
58,1,24,0.5616391812830319,0.5590678462792367,91.29169503997737,4.5704618268941815,40.325795218500254,0.050082084527063156,10,0.0,91.66666666666666,24.0,24.82758620689655,24.82758620689655,20.800000000000296,0.06666666666666667
58,1,25,0.555934341885092,0.5590481408490772,90.96561686828196,4.488752579084681,40.571305206615826,0.04395065946623333,10,0.0,100.0,23.0,22.75862068965517,22.75862068965517,20.000000000000284,0.06666666666666667
58,1,25,0.5642864818221814,0.5591866426783323,89.62564278616185,4.204287026964302,40.78836344709357,0.04510248553514261,10,-0.06896551724137931,100.0,23.0,22.75862068965517,22.75862068965517,19.80000000000028,0.06666666666666667
58,1,25,0.5572964782242971,0.5593838770308966,88.8550120827828,3.7748015488317983,40.99545665245575,0.0320009827413583,11,-0.034482758620689655,100.0,23.0,20.689655172413794,22.75862068965517,20.000000000000284,0.06666666666666667
58,1,24,0.5593253497889159,0.5595046436655021,89.14899840255207,3.9269483031351764,41.13923195093933,0.030219276457541046,12,0.034482758620689655,95.83333333333334,23.0,24.82758620689655,22.75862068965517,19.200000000000273,0.03333333333333333
58,1,24,0.564952217586194,0.5596314091589575,89.81780308212102,4.029272330202822,41.26777910661311,0.029494353792349586,11,0.034482758620689655,95.83333333333334,23.0,26.896551724137932,22.75862068965517,18.40000000000026,0.0
59,1,26,1.044325781305502,1.0401098948188252,189.88331473210982,79.91569533146742,35.50494720277135,0.7093325356154431,4,0.13793103448275862,70.83333333333334,12.0,47.58620689655172,12.413793103448276,14.59999999999998,0.06666666666666667
59,1,26,1.029115489865186,1.0628462391862348,223.72652721277436,58.1055362310132,38.950889393082136,0.726285533523788,3,0.10344827586206896,75.0,13.714285714285714,41.37931034482759,16.551724137931036,18.399999999999967,0.03333333333333333
59,1,25,1.0464827511697326,1.0508875138843043,248.8770719492699,32.58463247200664,42.66301807555655,0.7045854407759778,8,0.2413793103448276,70.83333333333334,15.0,43.44827586206897,20.689655172413794,22.19999999999995,0.03333333333333333
59,1,22,1.0418117079280291,1.044213301916402,262.4909694217146,23.61594740971162,45.86041173971642,0.7056374727042948,8,0.20689655172413793,70.83333333333334,17.333333333333332,47.58620689655172,24.82758620689655,23.999999999999936,0.0
59,1,20,1.0381783230304007,1.038755437285037,271.51780102286324,9.608290913972048,49.38242334544768,0.6966323657682439,11,0.27586206896551724,70.83333333333334,18.0,43.44827586206897,24.82758620689655,24.39999999999992,0.0
59,1,18,1.030778987120699,1.0387261023973944,271.80519446887354,9.352049450638347,52.740776053179005,0.6533735331815034,15,0.4482758620689655,70.83333333333334,18.545454545454547,49.6551724137931,24.82758620689655,24.199999999999967,0.0
59,1,16,1.0388997692435864,1.0367808518256174,273.6496301919095,8.938643893026866,55.912400349332444,0.6168905681412712,20,0.5517241379310345,66.66666666666666,19.0,55.86206896551724,24.82758620689655,24.600000000000048,0.0
59,1,14,1.0363917196629666,1.0370592348120922,273.3676179370605,8.484651353019286,58.895154309496824,0.5780314106221522,21,0.5172413793103449,66.66666666666666,21.0,51.724137931034484,24.82758620689655,24.600000000000122,0.0
59,1,12,1.0422787105722262,1.0367139934666818,273.95922279089524,8.54060398702501,61.713494268508406,0.5484572412358444,24,0.5862068965517241,66.66666666666666,23.0,55.86206896551724,24.82758620689655,24.800000000000196,0.0
59,1,9,1.0433214064754577,1.0376482428050169,272.67532060869445,7.519532094314801,64.37546299661498,0.5149083113792737,26,0.4827586206896552,66.66666666666666,26.0,53.793103448275865,26.896551724137932,24.80000000000027,0.0
59,1,7,1.0403992791138676,1.0382951712742385,271.5039763670357,7.736404971002115,66.44121212555207,0.4826887108851761,28,0.5517241379310345,66.66666666666666,26.0,57.93103448275862,26.896551724137932,24.800000000000345,0.06666666666666667
59,1,5,1.0381850777553239,1.0386471004146027,272.6702280743051,6.519328593220714,68.95524820500495,0.45317165318845576,25,0.2413793103448276,70.83333333333334,26.0,43.44827586206897,26.896551724137932,24.60000000000035,0.06666666666666667
59,1,3,1.0378234492313756,1.0392668828122413,272.1221850759852,5.905694125154461,71.3239500727584,0.43200384624437294,28,0.27586206896551724,70.83333333333334,26.0,45.51724137931034,26.896551724137932,24.200000000000344,0.06666666666666667
59,1,1,1.0340889404418372,1.0391977380608348,272.4038884984739,5.9343055085919865,73.5893946911142,0.4126061086457635,27,0.10344827586206896,70.83333333333334,26.0,35.172413793103445,24.82758620689655,24.200000000000344,0.06666666666666667
59,1,0,0.0002445914270934139,0.9278995572520702,272.95536106802246,6.12298097025125,75.58374140609294,0.3107984452203141,29,0.20689655172413793,70.83333333333334,25.0,41.37931034482759,22.75862068965517,21.80000000000031,0.06666666666666667
59,1,0,0.00312612653421513,0.742787431477731,273.08343686959137,5.605584321555825,76.6657848821626,0.12387609190132995,29,0.06896551724137931,70.83333333333334,22.0,37.241379310344826,18.620689655172413,17.200000000000244,0.06666666666666667
59,1,0,0.0018009494246366484,0.5893812260401365,274.26406590440735,5.092023713392821,76.5584388309986,-0.04721175212010172,29,0.034482758620689655,70.83333333333334,20.0,49.6551724137931,14.482758620689655,13.000000000000185,0.0
59,1,0,0.0011441713634921067,0.416579500067947,275.3780510619773,4.0862351105540435,75.9101233767681,-0.2137446573065087,29,0.06896551724137931,70.83333333333334,18.0,51.724137931034484,10.344827586206897,8.800000000000125,0.0
59,1,0,0.0015416207269799132,0.2439310704115845,275.7681115871162,3.944715892166718,74.49124859251157,-0.3667001298834735,29,0.0,70.83333333333334,16.0,62.06896551724138,6.206896551724138,4.600000000000065,0.0
59,1,0,0.0012283748589843769,0.07145505409775928,276.18199492373276,3.829524108996542,72.34152321411469,-0.5116595572606016,29,0.034482758620689655,70.83333333333334,14.0,70.34482758620689,0.0,0.8000000000000114,0.0
59,1,0,0.0,0.0023332526758544038,276.8982759334064,0.08702267380690312,69.64291232199224,-0.5355644244434408,29,0.0,70.83333333333334,12.0,72.41379310344827,0.0,0.0,0.0
59,1,0,0.002533600314763464,0.0024186849178377775,276.8993683736118,0.09246992576202566,67.03948247829933,-0.5072840736313121,29,0.0,70.83333333333334,9.0,68.27586206896552,0.0,0.0,0.0
59,1,0,0.002669664925717142,0.002479204719084916,276.8980969924269,0.08860563325811789,64.59144118731489,-0.4731500623795805,29,0.0,70.83333333333334,7.0,57.93103448275862,0.0,0.0,0.0
59,1,0,0.0018359178419909677,0.002201409570413033,276.8954729077337,0.08766264922293959,62.283272720448586,-0.4443753391488892,29,0.0,70.83333333333334,5.0,57.93103448275862,0.0,0.0,0.0
59,1,0,0.0015368780817777642,0.0022219517791323296,276.89919204726436,0.07939727772195691,60.10897083148803,-0.42327372839715155,29,0.0,70.83333333333334,3.0,51.724137931034484,0.0,0.0,0.0
59,1,0,0.0,0.0019512195270616995,276.90269264880294,0.07968795573204267,58.06105547446016,-0.39959232507850434,29,0.0,70.83333333333334,1.0,51.724137931034484,0.0,0.0,0.0
59,1,0,0.0003266627427383328,0.0021424045766043676,276.90614110791665,0.07948847024359043,56.14112321882551,-0.37669317152845483,29,0.0,70.83333333333334,0.0,60.0,0.0,0.0,0.0
59,1,0,0.003551989638281103,0.002083332569719857,276.8933788207549,0.08842058635494739,54.334236631557495,-0.35039259962288755,29,0.0,70.83333333333334,0.0,66.20689655172414,0.0,0.0,0.0
59,1,0,0.0004672078271789615,0.0020441069753865367,276.90090852202866,0.08800467975759078,52.62402460750046,-0.33853786873830893,29,0.0,70.83333333333334,0.0,64.13793103448276,0.0,0.0,0.0
59,1,0,0.0037612347966778314,0.00205657151950513,276.91042734527076,0.08946570046513123,51.016758028723714,-0.3079204494902453,29,0.0,70.83333333333334,0.0,64.13793103448276,0.0,0.0,0.0
59,1,0,0.002079702775619118,0.0021118917147426833,276.9139452691658,0.08752099929142647,49.49140237084686,-0.30153030486851407,29,0.0,70.83333333333334,0.0,53.793103448275865,0.0,0.0,0.0
60,0,2,1.0088622443696653,0.9878048725134245,43.74745660339158,23.840381429327252,33.427668719068585,0.6338782363603602,1,0.0,79.16666666666666,4.0,39.310344827586206,4.137931034482759,17.999999999999968,0.06666666666666667
60,0,1,1.0023326461916982,1.0244616038109478,57.26463496035703,26.839890253930445,38.119828002564816,1.1786905953647504,3,0.10344827586206896,87.5,5.142857142857143,41.37931034482759,6.206896551724138,22.199999999999953,0.03333333333333333
60,0,0,0.9985485798921951,1.0172571727912996,72.43680267197169,26.918604164934084,45.60259463221282,1.6702243358508837,3,0.06896551724137931,95.83333333333334,6.0,45.51724137931034,8.275862068965518,24.799999999999937,0.03333333333333333
60,0,0,0.001214854944646189,0.8388129512022924,85.21596494317573,23.228097662878138,53.687236710423804,1.5108420373218812,3,0.06896551724137931,95.83333333333334,5.333333333333333,41.37931034482759,8.275862068965518,20.599999999999934,0.03333333333333333
60,0,0,0.0,0.6616229602242117,95.38446539679144,17.842247975195527,60.683909365263226,1.2878099455881893,3,0.034482758620689655,95.83333333333334,4.8,41.37931034482759,8.275862068965518,16.99999999999994,0.03333333333333333
60,0,0,0.004905806238202035,0.5032821590442393,102.65825889831983,11.562867201834274,66.39311732510807,1.076720264867128,3,0.034482758620689655,95.83333333333334,4.363636363636363,39.310344827586206,6.206896551724138,12.799999999999955,0.06666666666666667
60,0,0,0.00027504211822646413,0.35850407400467915,107.03287141741245,4.933332936964276,70.37039998245119,0.7508803634798141,3,0.034482758620689655,95.83333333333334,4.0,28.96551724137931,4.137931034482759,8.39999999999997,0.06666666666666667
60,0,0,0.0013984780715752224,0.17945395926545163,109.24788158127353,0.7258035169366113,72.65518504509122,0.03324060991711715,3,0.0,95.83333333333334,4.0,24.82758620689655,2.0689655172413794,3.7999999999999865,0.06666666666666667
60,0,0,0.0018375252579453001,0.0015846014113680095,109.30260406318914,0.09163164948058211,71.34829917147871,-0.5582889353145798,3,0.0,95.83333333333334,4.0,24.82758620689655,0.0,0.0,0.06666666666666667
60,0,0,0.002690184926988994,0.0016368748558951512,109.30106760566409,0.08684233132781995,68.44634353783576,-0.5214851451100793,3,0.0,95.83333333333334,4.0,18.620689655172413,0.0,0.0,0.06666666666666667
60,0,0,0.0009124982378703068,0.0016722256767679362,109.30128681154542,0.09164147930441773,65.72349381809833,-0.49706923322863594,3,0.0,95.83333333333334,4.0,22.75862068965517,0.0,0.0,0.06666666666666667
60,0,0,0.0026317073288847502,0.0014836883095327399,109.30441974534716,0.09444890764044737,63.49728583322346,-0.44821468946028753,3,0.0,95.83333333333334,3.0,20.689655172413794,0.0,0.0,0.03333333333333333
60,0,0,,0.0017589005650098916,109.30884713200888,0.09841157083417676,61.68987090672021,-0.42218656382781483,3,0.0,95.83333333333334,2.0,24.82758620689655,0.0,0.0,0.03333333333333333
60,0,0,0.0023466941268834363,0.0018479669846680872,109.29585682865421,0.09629032643167516,59.49233366362729,-0.4174084341453464,3,0.0,95.83333333333334,1.0,20.689655172413794,0.0,0.0,0.03333333333333333
60,0,0,0.004550512314221129,0.002041514595138533,109.29734629389117,0.09214715110289153,57.415227011886785,-0.38911679489472367,3,0.0,95.83333333333334,0.0,20.689655172413794,0.0,0.0,0.03333333333333333
60,0,0,0.0038998098006492077,0.0020480534965189147,109.30673262132947,0.093351977048171,55.46714391029029,-0.3696108197519354,3,0.0,95.83333333333334,0.0,20.689655172413794,0.0,0.0,0.03333333333333333
60,0,0,0.0010706659542983523,0.002040065661301469,109.28492831873591,0.08393096677993649,53.62832586404876,-0.34610709059758865,3,0.0,95.83333333333334,0.0,12.413793103448276,0.0,0.0,0.03333333333333333
60,0,0,0.004131807396790106,0.002327879938828003,109.29605530255351,0.08485839361550893,51.903635039246716,-0.3195836778647911,3,0.0,95.83333333333334,0.0,12.413793103448276,0.0,0.0,0.03333333333333333
60,0,0,0.0013521462917831354,0.002280595329183082,109.30042690841346,0.07471533065248835,50.45464773802075,-0.30505419212228935,3,0.0,95.83333333333334,0.0,22.75862068965517,0.0,0.0,0.0
60,0,0,0.0015542589986277712,0.0022735989140914435,109.29716706938424,0.09039827086218068,48.98091574335547,-0.2866938451483318,3,0.0,95.83333333333334,0.0,28.96551724137931,0.0,0.0,0.0
60,0,0,0.0033665889585413277,0.0022291454626570616,109.2946701174219,0.08456784334944249,47.57620973993798,-0.274521579855921,3,0.0,95.83333333333334,0.0,28.96551724137931,0.0,0.0,0.0
60,0,0,0.0036712748851722345,0.0022216788310191176,109.28781101989851,0.08247391365715731,46.25432547531792,-0.2557607077423166,3,0.0,95.83333333333334,0.0,28.96551724137931,0.0,0.0,0.0
60,0,0,0.002637622152448712,0.0023401594958733832,109.29549530931689,0.08776615570907301,45.016562017066526,-0.24095989394674433,3,0.0,95.83333333333334,0.0,37.241379310344826,0.0,0.0,0.0
60,0,0,0.004470167896824114,0.002108097014493818,109.28995989031195,0.08206309372765765,43.833530701874544,-0.22399652751803686,3,0.0,95.83333333333334,0.0,31.03448275862069,0.0,0.0,0.0
60,0,0,0.0025281917142270425,0.0021440712825657312,109.28468967386044,0.08230163181493054,42.72722371451075,-0.2117345526183777,3,0.0,95.83333333333334,0.0,22.75862068965517,0.0,0.0,0.0
60,0,0,0.0009846723264139792,0.002199736156245999,109.28859204583782,0.06411267067922163,41.69126658028004,-0.19777369452638333,3,0.0,95.83333333333334,0.0,22.75862068965517,0.0,0.0,0.0
60,0,0,0.001104841303089369,0.002046137941489623,109.28095327210842,0.06900648141283303,40.713474082723955,-0.19261497351677426,3,0.0,95.83333333333334,0.0,22.75862068965517,0.0,0.0,0.0
60,0,0,0.002550723746983272,0.0020046502501712593,109.29207017029162,0.07279987244498122,39.803667934677186,-0.1728733270215079,3,0.0,95.83333333333334,0.0,26.896551724137932,0.0,0.0,0.0
60,0,0,0.0006733175134135324,0.0018904237508277524,109.29116434346142,0.06604789904453964,38.929283502756874,-0.16704447414520973,3,0.0,95.83333333333334,0.0,24.82758620689655,0.0,0.0,0.0
60,0,0,0.002712635661655551,0.0021026692396201078,109.2779778651693,0.068466520422482,38.12464426006162,-0.15847248497406755,3,0.0,95.83333333333334,0.0,22.75862068965517,0.0,0.0,0.0
60,0,0,0.0,0.0019197306636410869,109.28225862099757,0.07749518764504813,37.352785859767025,-0.14490095449322113,3,0.0,95.83333333333334,0.0,26.896551724137932,0.0,0.0,0.0
61,0,20,1.414851240129998,1.3628170432054554,8.876732886669014,9.748415190202454,32.84221738926546,0.5448338255899656,2,0.06896551724137931,25.0,4.0,16.551724137931036,4.137931034482759,0.0,0.0
61,0,18,1.41955824779257,1.4237844827742159,11.837130955213329,10.218407433762936,35.623112054392344,0.5514551828547877,1,0.0,16.666666666666664,8.571428571428571,14.482758620689655,10.344827586206897,0.0,0.0
61,0,15,,1.4230785332757176,12.851068197989646,10.06553318373231,38.0432213112058,0.5001364983065816,1,0.034482758620689655,12.5,12.0,18.620689655172413,16.551724137931036,0.0,0.03333333333333333
61,0,17,,1.4217772012492345,14.569607794321861,10.239000329642161,39.37618074234744,0.40896341577402495,1,0.034482758620689655,12.5,10.666666666666666,18.620689655172413,12.413793103448276,0.0,0.2
61,0,15,,1.4185723886086428,18.386664989763847,7.754832779362031,40.70474707635898,0.31509080803767914,1,0.034482758620689655,12.5,12.0,20.689655172413794,16.551724137931036,0.0,0.36666666666666664
61,0,17,,1.417429282992143,20.24327206852742,7.040854647287073,42.06080127018664,0.21922627610825102,0,0.0,16.666666666666664,12.0,14.482758620689655,18.620689655172413,0.0,0.5333333333333333
61,0,16,,1.4196328935544575,16.46916273003687,5.9737578621769565,43.3175881196052,0.11761198663739383,1,0.034482758620689655,12.5,12.0,14.482758620689655,18.620689655172413,0.0,0.7
61,0,15,,1.4230555039115624,11.265873723425486,3.56476135879291,44.410344105169884,0.03795135248272787,2,0.034482758620689655,16.666666666666664,14.0,18.620689655172413,16.551724137931036,0.0,0.8666666666666667
61,0,15,,,,,,,0,0.0,25.0,15.0,20.689655172413794,14.482758620689655,0.4,1.0
61,0,14,,,,,,,1,0.034482758620689655,20.833333333333336,16.0,22.75862068965517,16.551724137931036,0.6000000000000001,1.0
61,0,12,,,,,,,0,0.0,8.333333333333332,18.0,18.620689655172413,18.620689655172413,0.6000000000000001,1.0
61,0,11,1.4269821097092479,1.4269821097092479,5.687995648009447,,61.13827926993407,,0,0.0,4.166666666666666,20.0,16.551724137931036,22.75862068965517,0.6000000000000001,0.9666666666666667
61,0,11,1.426328604852553,1.427989099589257,5.916862911871199,0.45636840914833093,61.76879261968201,0.03832976771540355,0,-0.034482758620689655,8.333333333333332,20.0,18.620689655172413,18.620689655172413,0.6000000000000001,0.8
61,0,11,1.4286735681995435,1.4274204071318504,5.423230536009065,2.174718814147144,62.262377387425275,0.07311962689051507,0,-0.034482758620689655,8.333333333333332,18.0,14.482758620689655,16.551724137931036,0.4000000000000001,0.6333333333333333
61,0,13,1.4171621043215223,1.426854438638017,6.437109645311569,2.804373301075546,62.76689354802597,0.10938043071488922,2,0.06896551724137931,12.5,15.0,10.344827586206897,16.551724137931036,0.20000000000000007,0.4666666666666667
61,0,11,1.4191562382106333,1.4240807241247437,10.15816255925341,7.3820762194753415,63.294686843523536,0.15043593157445803,0,-0.034482758620689655,12.5,17.0,12.413793103448276,14.482758620689655,0.0,0.3
61,0,13,1.4228426183067302,1.423056904363174,11.709990283698964,7.356314774025315,63.8645522456206,0.19115501316887368,1,0.0,12.5,15.0,12.413793103448276,10.344827586206897,0.0,0.13333333333333333
61,0,12,1.4258962042439034,1.423678543270009,11.338663988543168,7.020946313398408,64.47658227603202,0.20025443162410578,0,0.0,4.166666666666666,17.0,12.413793103448276,12.413793103448276,0.0,0.0
61,0,13,1.4270177308641037,1.4237048901398492,11.592403082353679,6.873465688094403,65.46076292020133,0.19023893620316948,1,0.0,8.333333333333332,16.0,12.413793103448276,12.413793103448276,0.0,0.0
61,0,13,1.4251173544167306,1.4233620409815297,12.365270021058299,6.221823402585758,66.41679389785135,0.18754984768523114,0,0.0,8.333333333333332,15.0,12.413793103448276,12.413793103448276,0.0,0.0
61,0,12,1.4265921290259795,1.4232786559951058,12.263547282290215,6.2497978896390585,67.32078348029171,0.17713328236166553,0,0.0,8.333333333333332,15.0,10.344827586206897,12.413793103448276,0.0,0.0
61,0,14,1.424138868174639,1.4251985754192789,9.94492185848741,4.39284642733398,68.14518748474384,0.1465554352550791,0,0.0,8.333333333333332,14.0,10.344827586206897,12.413793103448276,0.0,0.0
61,0,14,1.42852703602527,1.4264693864496532,7.747569644533751,2.58758500895975,68.86592387758085,0.14041418584687265,0,-0.034482758620689655,4.166666666666666,12.0,10.344827586206897,12.413793103448276,0.0,0.0
61,0,14,1.4277435222172823,1.4268806288728553,7.172793647044549,2.4436924189189755,69.5479454507566,0.12799558764829766,0,-0.034482758620689655,8.333333333333332,11.0,12.413793103448276,10.344827586206897,0.0,0.0
61,0,14,1.427801039667863,1.4265513075898077,7.349986831062093,2.4661445324407754,70.18649686289324,0.1224434904855891,0,0.0,12.5,11.0,12.413793103448276,10.344827586206897,0.0,0.0
61,0,13,1.4268707342250206,1.4263799230045742,7.324281236056565,2.3250608842737326,70.7942784386931,0.1224883371587478,1,0.034482758620689655,12.5,11.0,10.344827586206897,10.344827586206897,0.0,0.0
61,0,11,1.4305575989460246,1.426660254358828,6.971653873294358,2.3497139699915497,71.25333886532906,0.10804785376092584,1,0.034482758620689655,8.333333333333332,13.0,12.413793103448276,12.413793103448276,0.0,0.06666666666666667
61,0,11,1.416805583978593,1.4257275816169932,8.265403450808204,4.085105242564567,71.8162219062808,0.1030929880185449,1,-0.034482758620689655,20.833333333333336,11.0,16.551724137931036,10.344827586206897,0.0,0.06666666666666667
61,0,11,1.419559616795426,1.4243956199827321,10.229458972161162,4.987446343437999,72.346587047617,0.10288311203477021,0,0.0,16.666666666666664,13.0,18.620689655172413,12.413793103448276,0.0,0.1
61,0,12,1.4251015996442433,1.422948998271244,11.847650795459186,4.676932195596591,72.94529753173158,0.10771671856014992,1,0.034482758620689655,8.333333333333332,12.0,14.482758620689655,14.482758620689655,0.0,0.1
61,0,12,1.4327210127978152,1.423007008244449,11.167862840540057,5.330846023649919,73.5108927619179,0.09274809980668261,1,0.034482758620689655,8.333333333333332,13.0,14.482758620689655,16.551724137931036,0.0,0.1
62,1,3,0.9568570951874745,0.9435702487286844,58.05867153662561,35.05974778004748,34.490855388797065,0.732419572185915,3,0.06896551724137931,87.5,10.0,53.793103448275865,10.344827586206897,14.999999999999979,0.03333333333333333
62,1,1,0.9552478826877352,0.9718301760351525,74.67019690085463,28.031068636647465,38.46117644872753,0.7894840934573901,5,0.13793103448275862,91.66666666666666,12.0,55.86206896551724,14.482758620689655,19.79999999999996,0.03333333333333333
62,1,0,0.9659508747492259,0.9664298051189711,87.40471580953138,18.317260251762995,42.542411002653765,0.7932344321034276,5,0.06896551724137931,95.83333333333334,12.0,43.44827586206897,16.551724137931036,23.199999999999946,0.03333333333333333
62,1,0,0.9603403077080457,0.9629954216282383,96.21507560391548,11.496067343382194,46.562330008509335,0.7574445307799457,9,0.27586206896551724,95.83333333333334,10.666666666666666,45.51724137931034,16.551724137931036,26.19999999999993,0.03333333333333333
62,1,0,0.95688164034898,0.9608693309843305,101.65616221624346,6.1166787992172456,50.394354307249756,0.7256955097745912,10,0.2413793103448276,95.83333333333334,9.6,37.241379310344826,14.482758620689655,27.399999999999945,0.03333333333333333
62,1,0,,0.9593007863124121,104.10268519627849,3.4612114374737377,53.70753065248668,0.6596816229289886,12,0.3103448275862069,95.83333333333334,8.727272727272727,31.03448275862069,10.344827586206897,28.00000000000003,0.06666666666666667
62,1,0,0.9579521672380052,0.959094194294722,104.81105433450972,3.274552275646753,56.82835162908137,0.6387777943549389,16,0.3448275862068966,95.83333333333334,8.0,26.896551724137932,6.206896551724138,28.400000000000116,0.03333333333333333
62,1,0,0.957328531212331,0.9593301200588461,105.62493933131925,2.616929714240046,59.76342061232414,0.5901868625589486,18,0.4482758620689655,95.83333333333334,8.0,28.96551724137931,2.0689655172413794,28.800000000000203,0.06666666666666667
62,1,0,0.9591368968925583,0.9588017163591501,106.51315203666714,0.06183886272658556,62.85295433966496,0.5589727965388624,25,0.6896551724137931,95.83333333333334,8.0,41.37931034482759,0.0,29.00000000000029,0.06666666666666667
62,1,0,0.9599685494860578,0.958502268841941,106.52651670950647,0.07758823360770081,65.76456240602802,0.5278418875643199,25,0.5172413793103449,95.83333333333334,8.0,31.03448275862069,0.0,29.00000000000038,0.06666666666666667
62,1,0,0.9562315993462899,0.9584580767323481,106.51753705407829,0.08066840589372326,68.50753412279171,0.4936990353160815,29,0.6551724137931034,95.83333333333334,7.0,39.310344827586206,0.0,29.000000000000412,0.06666666666666667
62,1,0,0.9582730711650704,0.9589010060170713,106.52134964713602,0.09013942824074998,70.78860092241862,0.46151564037638804,33,0.7241379310344828,95.83333333333334,5.0,43.44827586206897,0.0,29.000000000000412,0.03333333333333333
62,1,0,0.9533159822732874,0.9589005724832826,106.51520987103403,0.09286933987878283,73.12881812675505,0.443597291835381,33,0.5862068965517241,95.83333333333334,3.0,41.37931034482759,0.0,29.000000000000412,0.03333333333333333
62,1,0,0.005189315979125961,0.8627706775838643,106.51680964028878,0.09443231028376574,74.95931517063602,0.3419485324728609,33,0.4827586206896552,95.83333333333334,1.0,41.37931034482759,0.0,26.80000000000038,0.0
62,1,0,0.00134970223015509,0.7034319452035465,106.52123738999062,0.09934600319203896,76.14346017868414,0.15476658747990685,33,0.27586206896551724,95.83333333333334,0.0,37.241379310344826,0.0,21.80000000000031,0.0
62,1,0,0.002529794636130876,0.5441511713345976,106.50770534021622,0.09191773450848066,76.4228416591971,-0.02723304591438052,33,0.2413793103448276,95.83333333333334,0.0,41.37931034482759,0.0,16.80000000000024,0.0
62,1,0,0.004045485614854323,0.38458741873049823,106.50717925684258,0.08968785324160927,75.88284068259263,-0.19119863995396075,33,0.13793103448275862,95.83333333333334,0.0,39.310344827586206,0.0,11.800000000000168,0.0
62,1,0,0.0031273795345694764,0.22477291192123644,106.5024805825546,0.08233803567696701,74.56309284049264,-0.3507352944017652,33,0.0,95.83333333333334,0.0,31.03448275862069,0.0,6.800000000000097,0.0
62,1,0,0.002112525703781404,0.0653656726173105,106.49990504678475,0.08393261431488733,72.48963398935152,-0.5011893088243428,33,0.0,95.83333333333334,0.0,31.03448275862069,0.0,1.8000000000000256,0.0
62,1,0,0.0,0.001800757655805794,106.49948746164179,0.07775835442933283,69.83088413426933,-0.5335526378753944,33,0.0,95.83333333333334,0.0,24.82758620689655,0.0,0.0,0.0
62,1,0,0.0008196094217164286,0.0017242244406073966,106.49627360822879,0.06582464675025289,67.21858018954546,-0.5060393056798393,33,0.0,95.83333333333334,0.0,35.172413793103445,0.0,0.0,0.0
62,1,0,0.004480136893682927,0.0017847690272258846,106.50548063518676,0.07203085127843814,64.76651967497261,-0.4852824405343662,33,0.0,95.83333333333334,0.0,43.44827586206897,0.0,0.0,0.0
62,1,0,0.002900057368134355,0.001966728841007797,106.51297989406778,0.07450165632096314,62.44810772347193,-0.44763127073210895,33,0.0,95.83333333333334,0.0,43.44827586206897,0.0,0.0,0.0
62,1,0,,0.0020036924484097716,106.52810972434193,0.06772921600221615,60.463867026668154,-0.4100985070852355,33,0.0,95.83333333333334,0.0,55.86206896551724,0.0,0.0,0.03333333333333333
62,1,0,0.005939580130736505,0.0023972208214322784,106.52836963135994,0.06252727202662249,58.34361575062252,-0.39924209006387984,33,0.0,95.83333333333334,0.0,62.06896551724138,0.0,0.0,0.03333333333333333
62,1,0,0.0,0.0023756918522269883,106.523102669047,0.06806298654516835,56.33271059692317,-0.37421430624723545,33,0.0,95.83333333333334,0.0,55.86206896551724,0.0,0.0,0.03333333333333333
62,1,0,0.00036216439023370114,0.0023370121825441316,106.52485046122466,0.07180699317250076,54.442579154230714,-0.35271403458498785,33,0.0,95.83333333333334,0.0,55.86206896551724,0.0,0.0,0.03333333333333333
62,1,0,0.0027830864936213436,0.002061749311799568,106.5181389500082,0.06978929290351554,52.66401285375341,-0.3375081112123912,33,0.0,95.83333333333334,0.0,47.58620689655172,0.0,0.0,0.03333333333333333
62,1,0,0.003900991645523062,0.001976066588063904,106.50999771208424,0.07194019732942986,50.99154524212375,-0.30994925508121857,33,0.0,95.83333333333334,0.0,45.51724137931034,0.0,0.0,0.03333333333333333
62,1,0,0.0018553475341640483,0.0018293881674437788,106.50231883426838,0.06732967845647757,49.59546823112214,-0.2940882476315011,33,0.0,95.83333333333334,0.0,39.310344827586206,0.0,0.0,0.0
62,1,0,0.0013832614756972797,0.001506563032944572,106.49888744849844,0.07130045351903225,48.16878759765673,-0.2785809467705999,33,0.0,95.83333333333334,0.0,35.172413793103445,0.0,0.0,0.0
63,1,10,1.093957801284914,1.0819159739242685,39.87592884031072,23.700667870174158,34.83611941697923,0.6641493715572737,2,0.06896551724137931,70.83333333333334,4.0,37.241379310344826,4.137931034482759,7.0000000000000036,0.03333333333333333
63,1,9,1.0828542913709642,1.106167144790563,51.9620465149105,23.417235030491668,37.89677218059581,0.6723702082428896,2,0.06896551724137931,79.16666666666666,5.142857142857143,39.310344827586206,6.206896551724138,10.999999999999993,0.0
63,1,8,1.0702795817444086,1.0985317544736783,67.43512488147844,25.00204959580932,41.27016662250016,0.6739749359541074,3,0.10344827586206896,100.0,6.0,45.51724137931034,8.275862068965518,15.599999999999977,0.0
63,1,7,1.0751350550469012,1.0906530718329082,80.64949870329941,25.22050437904845,44.70695114158605,0.6954357226833567,4,0.06896551724137931,100.0,6.666666666666667,39.310344827586206,10.344827586206897,20.39999999999996,0.0
63,1,6,1.0733245402153822,1.0842822281672366,91.39950511506501,22.55179505578413,48.197994740743795,0.7073334043565984,6,0.13793103448275862,100.0,7.2,43.44827586206897,10.344827586206897,22.99999999999994,0.0
63,1,5,1.0735555755301167,1.079635028391601,100.31124999234522,18.027983884210382,51.74711143937088,0.7119305840275024,8,0.20689655172413793,100.0,7.636363636363637,39.310344827586206,10.344827586206897,27.19999999999992,0.0
63,1,4,1.0714164535460973,1.0757178309337203,107.35618656797445,12.11958621954806,55.3078999043961,0.7196677389970181,10,0.27586206896551724,100.0,8.0,41.37931034482759,12.413793103448276,27.599999999999962,0.0
63,1,3,1.0754315516912738,1.0719884778237396,112.3022153180316,4.324193948328143,58.90221950185788,0.7184450702848482,15,0.41379310344827586,95.83333333333334,9.0,45.51724137931034,12.413793103448276,28.600000000000048,0.0
63,1,2,1.0650711692343184,1.0702470341288415,113.95231909692077,2.854563939562,62.44151228571365,0.682804213027389,20,0.5172413793103449,95.83333333333334,10.0,43.44827586206897,12.413793103448276,28.600000000000133,0.0
63,1,2,1.0689711424253394,1.0696339772871897,115.58690531394888,4.586427053742015,65.76403346764937,0.643499184895471,21,0.5862068965517241,100.0,10.0,45.51724137931034,10.344827586206897,28.40000000000022,0.0
63,1,1,1.0643399793431596,1.0683638873178067,117.2459805035806,4.994451751770209,68.90809154395065,0.6097056884923504,27,0.7241379310344828,100.0,10.0,53.793103448275865,10.344827586206897,28.400000000000304,0.0
63,1,0,1.0714084336106133,1.067464383495957,118.5726087467978,4.658445628829482,71.87647374153418,0.5750945850870648,27,0.6551724137931034,100.0,11.0,49.6551724137931,10.344827586206897,28.20000000000039,0.0
63,1,0,0.00403089878551212,0.8890865290286649,119.89554852537634,3.838401717814663,74.15957298225572,0.3616404223776995,27,0.4827586206896552,100.0,10.0,45.51724137931034,8.275862068965518,23.20000000000033,0.0
63,1,0,9.625841646380626e-05,0.711066077230182,121.16479952067985,2.307134461148161,75.40541692495395,0.15500512345211004,27,0.3448275862068966,100.0,9.0,45.51724137931034,6.206896551724138,18.40000000000026,0.0
63,1,0,0.005107702503724005,0.5339053712589715,121.61228589224197,1.8855980490287296,75.6773231360205,-0.03848238935646548,27,0.2413793103448276,100.0,8.0,43.44827586206897,4.137931034482759,13.600000000000193,0.0
63,1,0,0.006356771187618936,0.35668988763623927,121.10517152301423,1.566574468714616,75.00634365086954,-0.22724309104988205,27,0.2413793103448276,100.0,7.0,57.93103448275862,2.0689655172413794,8.600000000000122,0.0
63,1,0,0.003811279128703837,0.17972461951006485,120.83724616479198,0.8453353253272629,73.44584803377168,-0.40901802382163055,27,0.0,100.0,6.0,53.793103448275865,2.0689655172413794,3.800000000000054,0.0
63,1,0,0.0004330800090648849,0.0022639898978768043,120.84810663923072,0.08228703964227567,71.04035194084229,-0.5458023693197089,27,0.0,100.0,5.0,60.0,0.0,0.0,0.0
63,1,0,0.004290746464910737,0.002495708464699494,120.8533634932076,0.08318115984622841,68.36783694831102,-0.5193253101532844,27,0.0,100.0,4.0,60.0,0.0,0.0,0.0
63,1,0,0.0033065401815478915,0.00266369170552856,120.85668829314703,0.08219580670494707,65.84803719759279,-0.48619852386942497,27,0.0,100.0,3.0,53.793103448275865,0.0,0.0,0.0
63,1,0,0.002410110630615986,0.0026714424059106267,120.84948632878266,0.08429890133286304,63.465061012820364,-0.4585676590082773,27,0.0,100.0,2.0,49.6551724137931,0.0,0.0,0.0
63,1,0,0.002171449600182069,0.002628648313880944,120.83505159454461,0.08024375779710873,61.22596711641933,-0.4345011627164035,27,0.0,100.0,2.0,45.51724137931034,0.0,0.0,0.0
63,1,0,0.0,0.0025684984737180455,120.82838288942645,0.07517897894166742,59.28010903563088,-0.4083180798252318,27,0.0,100.0,1.0,51.724137931034484,0.0,0.0,0.03333333333333333
63,1,0,0.0021531878807131612,0.002433612030946018,120.83568626108017,0.09031947060276298,57.2194220900714,-0.38433048059700436,27,0.0,100.0,0.0,55.86206896551724,0.0,0.0,0.03333333333333333
63,1,0,0.002280769649867712,0.0022121218976946288,120.82655195608432,0.08656394876393551,55.42815591138193,-0.3659359031899871,27,0.0,100.0,0.0,55.86206896551724,0.0,0.0,0.06666666666666667
63,1,0,0.002258298804927754,0.0018284554263004124,120.83200595361073,0.08470294329887863,53.53855860241257,-0.3401938578830591,27,0.0,100.0,0.0,60.0,0.0,0.0,0.06666666666666667
63,1,0,0.003588198416565158,0.0017369476465764005,120.8388666647343,0.0784504218497022,51.763708231383085,-0.3153868161533691,27,0.0,100.0,0.0,62.06896551724138,0.0,0.0,0.06666666666666667
63,1,0,0.006282573393451184,0.0019239480127432756,120.85553606452312,0.08042458299580404,50.08395825977592,-0.304212771618066,27,0.0,100.0,0.0,62.06896551724138,0.0,0.0,0.06666666666666667
63,1,0,0.0,0.0018911491391054589,120.85328473024961,0.08502797580188622,48.70203443213239,-0.2874892901094121,27,0.0,100.0,0.0,51.724137931034484,0.0,0.0,0.03333333333333333
63,1,0,0.0018088075627400505,0.0021020278842882423,120.84953839201359,0.07836301046439845,47.26189045841572,-0.2730008435942008,27,0.0,100.0,0.0,57.93103448275862,0.0,0.0,0.03333333333333333
63,1,0,0.0023654932556193982,0.0019898910108942587,120.8446236119447,0.0757090968802373,46.08846616786208,-0.2515102917811403,27,0.0,100.0,0.0,57.93103448275862,0.0,0.0,0.0
64,1,9,0.8966233138571171,0.8812310409399934,33.36337155840789,12.117648342185419,30.602524731158635,0.38552531669763357,15,0.4827586206896552,50.0,0.0,49.6551724137931,0.0,0.0,0.03333333333333333
64,1,9,0.8984698785026408,0.9085940232377909,41.34346934795789,10.413500992388359,32.69348981116856,0.41007837743455927,15,0.41379310344827586,54.166666666666664,1.7142857142857142,45.51724137931034,2.0689655172413794,0.0,0.03333333333333333
64,1,9,0.8993404261857022,0.9058297769802218,46.27505304333916,10.334783199112724,34.60569090802357,0.4234090367099866,17,0.4827586206896552,58.333333333333336,3.0,47.58620689655172,4.137931034482759,0.0,0.0
64,1,9,0.8995738650943249,0.9027594997844359,50.3155863530138,9.451972602488821,36.725237762612274,0.4271554990953605,19,0.41379310344827586,66.66666666666666,2.6666666666666665,43.44827586206897,4.137931034482759,0.0,0.0
64,1,9,0.8914146213414877,0.8995731942707313,54.187996722780866,7.587897145946266,38.85281076918471,0.426339246242542,25,0.6206896551724138,75.0,3.6,55.86206896551724,6.206896551724138,3.600000000000001,0.0
64,1,9,0.8928781145543306,0.8974795160651343,58.010088070669525,5.814164400000143,40.938857123934085,0.4156914666006373,33,0.7241379310344828,79.16666666666666,4.363636363636363,74.48275862068965,8.275862068965518,8.200000000000003,0.0
64,1,9,0.8934005787997088,0.8964724245608201,62.18560848427599,5.961491714595507,42.93695144532925,0.38926678778236734,33,0.6551724137931034,83.33333333333334,5.0,70.34482758620689,10.344827586206897,12.799999999999986,0.0
64,1,8,0.8885863941199071,0.8953621718705423,66.13288439469117,9.311199820704223,44.78875460083541,0.3560420796270067,31,0.5172413793103449,87.5,6.0,82.75862068965517,10.344827586206897,17.39999999999997,0.0
64,1,9,0.8914780722367874,0.893918577803374,70.35161035990313,11.569230077820425,46.36918398644604,0.32691685471760884,33,0.6206896551724138,91.66666666666666,6.0,95.17241379310344,8.275862068965518,22.399999999999952,0.03333333333333333
64,1,9,0.8851777353146616,0.8911656458087098,76.77387969245991,13.392171101320152,48.0371242666857,0.31444164076648673,33,0.4482758620689655,95.83333333333334,7.0,97.24137931034483,8.275862068965518,27.199999999999935,0.03333333333333333
64,1,9,0.881817411493789,0.8890437801932072,82.66892461033638,12.329776499473535,49.52013065623849,0.30738407846383964,32,0.1724137931034483,95.83333333333334,8.0,103.44827586206897,10.344827586206897,26.99999999999992,0.06666666666666667
64,1,9,0.8785999342148871,0.8860540320357118,89.64458770686251,10.818694543090356,51.13632975490653,0.29987543599980365,32,0.0,95.83333333333334,9.0,105.51724137931035,10.344827586206897,27.199999999999978,0.06666666666666667
64,1,9,,0.8828852726248697,95.31366658169264,8.905582642493112,52.592081494271596,0.2870990504061045,33,0.034482758620689655,100.0,9.0,122.06896551724138,8.275862068965518,27.600000000000065,0.1
64,1,9,0.8724416925218099,0.879576632504652,100.11351309066552,7.295669450713012,54.23145079295258,0.2933497609340705,32,0.0,100.0,9.0,120.0,8.275862068965518,27.80000000000015,0.1
64,1,9,0.8669116667644473,0.8773494246177139,103.90085998980075,6.461021840176897,55.6117227573706,0.2772663642277677,32,0.0,95.83333333333334,9.0,128.27586206896552,10.344827586206897,27.80000000000024,0.06666666666666667
64,1,9,0.8740756857106282,0.8755356160742501,106.72837700041826,5.5751142727970935,57.06589242665008,0.2575845905485257,33,0.0,100.0,9.0,124.13793103448276,8.275862068965518,28.000000000000327,0.06666666666666667
64,1,9,0.8815303633408789,0.8749037449914476,107.85880647885502,3.9111127327924478,58.1605045323331,0.24971431685680326,33,0.0,95.83333333333334,9.0,120.0,8.275862068965518,28.600000000000406,0.06666666666666667
64,1,9,0.8784322936948507,0.8749860715425142,107.83007580886826,4.1334184818964665,59.377197038331666,0.2364642862773154,32,0.0,95.83333333333334,9.0,128.27586206896552,8.275862068965518,28.400000000000404,0.1
64,1,8,0.877489502538069,0.8750663375241868,107.32098949997582,4.375314696365634,60.4531734644434,0.23636549313269117,32,-0.034482758620689655,95.83333333333334,9.0,120.0,10.344827586206897,28.400000000000404,0.1
64,1,9,0.8759792937303065,0.875706588809318,106.42827605789408,4.497342866938328,61.75053266662562,0.22894201069633918,33,0.034482758620689655,100.0,8.0,132.41379310344828,8.275862068965518,28.600000000000406,0.1
64,1,9,0.8784556318111466,0.8763987862343414,104.45534391406714,3.920861411928962,63.00983216992009,0.22564659781564161,33,0.0,95.83333333333334,9.0,130.3448275862069,8.275862068965518,28.600000000000406,0.1
64,1,9,0.8760728506106309,0.8774826829940965,102.59696032413245,2.1895273214234963,64.2029159186466,0.19468849591218199,32,-0.034482758620689655,95.83333333333334,9.0,142.75862068965517,8.275862068965518,28.2000000000004,0.1
64,1,8,0.8730124379315646,0.8768816577854892,103.7017875092702,3.769363402560657,65.17156024481326,0.18857086235520676,33,0.0,100.0,9.0,146.89655172413794,10.344827586206897,28.2000000000004,0.06666666666666667
64,1,8,0.8688834202533938,0.8755845420547101,105.48154102611667,4.792810039809914,66.06489218114521,0.18466854516747883,32,0.0,95.83333333333334,9.0,128.27586206896552,10.344827586206897,28.600000000000406,0.03333333333333333
64,1,9,0.8666876336543295,0.8742015665324063,107.57245687413229,6.197925527709867,66.8727082845779,0.17037520438138545,33,0.034482758620689655,100.0,9.0,120.0,8.275862068965518,28.600000000000406,0.0
64,1,9,0.8702537734455759,0.8728449569206106,109.60983485384317,6.468014908183484,67.6963172467505,0.15591090818442607,33,0.0,100.0,9.0,115.86206896551724,10.344827586206897,28.600000000000406,0.0
64,1,8,0.8709974480091823,0.8715647189970347,111.62725687945922,5.350368883710303,68.46887816637633,0.14599095199561418,33,0.0,95.83333333333334,9.0,107.58620689655173,10.344827586206897,28.600000000000406,0.0
64,1,9,0.8742841112169337,0.8709269882086226,112.98593841743377,2.9800054540728738,69.22935264066567,0.15401858829205467,33,0.0,95.83333333333334,9.0,103.44827586206897,8.275862068965518,29.000000000000412,0.0
64,1,9,0.8722762989513022,0.8704934026357422,113.38585328590744,2.9189784321578376,69.92753628210227,0.1478623400127229,32,-0.034482758620689655,100.0,9.0,99.3103448275862,8.275862068965518,28.2000000000004,0.03333333333333333
64,1,9,0.8730181072768418,0.8706671039073063,113.80728528577413,3.098125301807985,70.6979302584167,0.15412236262174187,32,0.0,100.0,9.0,103.44827586206897,8.275862068965518,28.000000000000398,0.03333333333333333
64,1,10,0.8737348484037147,0.8717233572159816,113.28571827215444,2.6687100353094677,71.45281463027439,0.14353434741604454,33,0.0,100.0,8.0,105.51724137931035,8.275862068965518,28.0000000000003,0.03333333333333333
65,1,17,0.6994487013426647,0.6895167165032975,43.49486285982916,20.823943108862508,28.78553072201641,0.2543122396088215,11,0.3793103448275862,70.83333333333334,0.0,55.86206896551724,0.0,16.199999999999974,0.03333333333333333
65,1,18,0.6972626182181104,0.7023373286394433,53.95527582321361,12.660612552930216,30.12312777089106,0.25487947012113465,14,0.41379310344827586,70.83333333333334,1.7142857142857142,49.6551724137931,2.0689655172413794,20.39999999999996,0.03333333333333333
65,1,18,0.6982673408190743,0.7014513230851498,59.84829814406967,7.058311956592047,31.435192731693164,0.24719491534514942,15,0.4827586206896552,75.0,3.0,51.724137931034484,4.137931034482759,22.199999999999946,0.03333333333333333
65,1,17,0.6931111258632296,0.7000607697849237,63.03641248520778,4.096709944495778,32.7454539778097,0.25681834107098517,18,0.41379310344827586,75.0,5.333333333333333,43.44827586206897,8.275862068965518,21.999999999999932,0.03333333333333333
65,1,18,0.6937207916589386,0.6986309617135934,65.27374735541932,4.040025172889383,33.912201394042775,0.2572291937248295,19,0.3793103448275862,79.16666666666666,6.0,39.310344827586206,10.344827586206897,21.599999999999923,0.0
65,1,17,0.6933986749000476,0.6966030002252307,68.09544635741172,4.980720005093366,35.187716909788,0.2554768220211502,21,0.3448275862068966,79.16666666666666,7.636363636363637,45.51724137931034,14.482758620689655,21.599999999999973,0.0
65,1,18,0.691903489736156,0.6945893566163021,69.58199465679209,4.440636929090427,36.45733047370446,0.2507714016379672,21,0.2413793103448276,79.16666666666666,8.0,37.241379310344826,16.551724137931036,21.400000000000038,0.0
65,1,17,0.6969709792727073,0.6935710941207544,71.19747993454153,4.895598038577265,37.66947624204458,0.2374394469062734,23,0.3448275862068966,83.33333333333334,10.0,43.44827586206897,18.620689655172413,21.6000000000001,0.0
65,1,17,0.6915485127273465,0.6925398850932066,73.51799762494208,5.196774109081911,38.80233518333743,0.2196068215575813,26,0.41379310344827586,87.5,11.0,47.58620689655172,16.551724137931036,21.60000000000017,0.0
65,1,17,0.6905707046762558,0.6918354057443763,76.42128216571587,5.016821948840176,39.84435529316493,0.19990464219061818,27,0.3103448275862069,87.5,13.0,41.37931034482759,18.620689655172413,21.400000000000237,0.0
65,1,17,0.6861523134219136,0.6916582126716373,79.38152502450318,6.005294061519897,40.81120530971046,0.1844559439824376,32,0.5517241379310345,87.5,14.0,60.0,16.551724137931036,22.400000000000308,0.0
65,1,17,0.6839942511841769,0.6907217553496944,83.42037164312329,9.684637324224026,41.71360931432901,0.17490546705112295,32,0.3448275862068966,87.5,16.0,66.20689655172414,18.620689655172413,22.000000000000313,0.0
65,1,18,0.6801619904918135,0.6887200997762224,89.09444633530718,11.238406610030435,42.606255872628026,0.1797031478306427,33,0.3793103448275862,91.66666666666666,17.0,70.34482758620689,16.551724137931036,22.000000000000313,0.0
65,1,17,0.6822849577674189,0.6869464880719779,93.6969792523119,10.71204964187916,43.516063058373746,0.18735973080169446,32,0.2413793103448276,91.66666666666666,18.0,66.20689655172414,18.620689655172413,21.80000000000031,0.0
65,1,17,0.6830811148959858,0.6850828970922411,98.45256950196978,9.739433767887878,44.482643751665435,0.19983302573383196,33,0.20689655172413793,95.83333333333334,18.0,68.27586206896552,16.551724137931036,21.80000000000031,0.0
65,1,18,0.6779316210783991,0.6832493629678797,102.55960419319135,7.257719123685011,45.49307165718398,0.20183999287243687,32,0.13793103448275862,95.83333333333334,17.0,70.34482758620689,16.551724137931036,22.40000000000032,0.0
65,1,17,0.6831601175725863,0.6821410654273288,105.71408474227842,3.3657075761646174,46.52154419491593,0.20796650951346496,32,0.0,95.83333333333334,18.0,57.93103448275862,18.620689655172413,22.60000000000032,0.0
65,1,17,0.6848921738044064,0.6819124275447968,106.2282662690438,2.5011290034448415,47.5652927243221,0.2047067127207079,33,0.034482758620689655,100.0,17.0,47.58620689655172,16.551724137931036,22.40000000000032,0.0
65,1,17,,0.6826080767938332,105.46361601412062,3.3162124300507676,48.474184992558065,0.19152487764811427,33,0.10344827586206896,95.83333333333334,18.0,45.51724137931034,16.551724137931036,23.20000000000033,0.03333333333333333
65,1,17,0.6908618365491227,0.6839116014587039,104.02619859599079,5.056450829297817,49.44539291666034,0.17433157545616962,32,0.06896551724137931,95.83333333333334,17.0,66.20689655172414,16.551724137931036,23.400000000000333,0.03333333333333333
65,1,18,0.6885913045155934,0.6846515759986671,101.84479538872546,5.521093854051637,50.33711970676018,0.1655305829933411,32,-0.034482758620689655,100.0,17.0,64.13793103448276,16.551724137931036,23.20000000000033,0.03333333333333333
65,1,17,,0.6856883576621188,99.7545432988684,5.242479658979721,51.10604436012493,0.1561013056376969,32,0.0,95.83333333333334,17.0,64.13793103448276,16.551724137931036,24.00000000000034,0.06666666666666667
65,1,18,0.6811465313224782,0.6857311162944181,97.30741916324305,4.230913199923231,51.94989348010482,0.1546634538489679,33,0.034482758620689655,100.0,17.0,57.93103448275862,16.551724137931036,23.400000000000333,0.06666666666666667
65,1,17,0.6872455711409596,0.6860412971187643,95.24671141903028,3.466679476341319,52.738806956978905,0.1419266004589877,32,-0.034482758620689655,95.83333333333334,17.0,57.93103448275862,18.620689655172413,23.800000000000338,0.06666666666666667
65,1,17,0.6841115314656577,0.6858574382918794,94.55260889284041,2.7787165309459176,53.411027856141345,0.13431596049608788,32,0.0,95.83333333333334,18.0,57.93103448275862,18.620689655172413,23.600000000000335,0.03333333333333333
65,1,17,0.6860214027538213,0.6852046698899948,94.2042681847867,2.9438425251749334,54.11165910846302,0.13533928485535834,32,0.0,95.83333333333334,17.0,49.6551724137931,18.620689655172413,24.200000000000344,0.03333333333333333
65,1,18,0.6780532435316965,0.6850426902004664,93.51618488359935,3.150834637456844,54.757131669011955,0.1143955452609828,32,0.0,100.0,17.0,41.37931034482759,16.551724137931036,23.600000000000335,0.03333333333333333
65,1,17,0.6848087035782097,0.684816267143072,92.57458304413416,3.4605857438561665,55.25953535827418,0.09793414103448093,32,0.0,95.83333333333334,18.0,43.44827586206897,18.620689655172413,24.00000000000034,0.0
65,1,17,0.6879533832000045,0.6853059139930183,92.2110392979197,3.298232340321911,55.71582855902942,0.08282634064940796,32,0.0,100.0,17.0,49.6551724137931,16.551724137931036,23.400000000000333,0.0
65,1,18,0.6834822876076007,0.6853413592088345,92.2747289650892,3.283631789738546,56.1122320813614,0.07531997336131749,32,0.0,100.0,17.0,51.724137931034484,16.551724137931036,23.80000000000021,0.0
65,1,17,0.6882002730592105,0.6855631438035715,92.4627184677531,3.517221866442263,56.46105875609332,0.060104697691609095,32,0.0,95.83333333333334,17.0,55.86206896551724,16.551724137931036,23.799999999999898,0.0
66,1,21,0.7569117017146471,0.76946538791307,120.78683206156816,72.95166336609941,31.385838486233226,0.4541362276927702,2,0.06896551724137931,50.0,4.0,31.03448275862069,4.137931034482759,15.199999999999978,0.03333333333333333
66,1,22,0.76449542641567,0.7776959698877428,156.52616672184246,57.70589905141893,33.850578035235266,0.4942470474982466,4,0.13793103448275862,50.0,6.857142857142857,35.172413793103445,8.275862068965518,19.399999999999963,0.03333333333333333
66,1,21,0.7503115635703784,0.7702594898916961,179.63685227843737,42.593258476199935,36.36874702337667,0.46913529339949683,5,0.1724137931034483,54.166666666666664,7.5,31.03448275862069,10.344827586206897,22.59999999999995,0.03333333333333333
66,1,22,0.7517875609036669,0.7640813457185655,197.2004088970172,33.440155921292344,38.51747654041896,0.4756556141470886,6,0.1724137931034483,58.333333333333336,9.333333333333334,37.241379310344826,14.482758620689655,22.599999999999937,0.0
66,1,21,0.7616979331140854,0.7586519393168754,209.7025630666012,20.121125375830157,40.867444418120606,0.4696764578403258,8,0.20689655172413793,45.83333333333333,12.0,41.37931034482759,20.689655172413794,22.59999999999992,0.0
66,1,22,0.75997516033302,0.7564513867178635,214.73478233626696,12.19614997417228,43.15606408137479,0.4444738277842514,9,0.20689655172413793,50.0,12.0,35.172413793103445,22.75862068965517,22.59999999999997,0.0
66,1,22,0.7597973538334966,0.7556443449210939,216.0505120829542,12.382631460858136,45.331425191576315,0.42237893963798956,7,0.06896551724137931,54.166666666666664,13.0,31.03448275862069,22.75862068965517,23.200000000000035,0.0
66,1,22,0.7623256426126065,0.7564246782127589,214.65267659566842,13.131204537520391,47.37567427138375,0.39632116131339085,10,0.10344827586206896,45.83333333333333,15.0,26.896551724137932,22.75862068965517,23.400000000000116,0.0
66,1,23,0.7631030574510643,0.7565041987654191,215.51587019384073,12.506236319302168,49.30209601550249,0.3756870020497876,9,0.10344827586206896,54.166666666666664,16.0,31.03448275862069,22.75862068965517,23.200000000000184,0.0
66,1,23,0.7507344754980063,0.7565126964026392,215.60374810759913,12.334560314299525,51.11226509256655,0.3505175216922401,16,0.3103448275862069,58.333333333333336,18.0,39.310344827586206,20.689655172413794,22.800000000000246,0.0
66,1,22,0.7614143155595045,0.756497798967054,214.4992860838208,12.646419951489104,52.66638789228849,0.33017355003018267,19,0.3448275862068966,50.0,21.0,47.58620689655172,22.75862068965517,23.000000000000327,0.03333333333333333
66,1,25,,0.7562551109272041,215.5049096957931,12.204547819366267,54.0398386626011,0.30518941508052677,20,0.41379310344827586,62.5,21.0,47.58620689655172,20.689655172413794,23.400000000000333,0.1
66,1,25,0.7497924033362481,0.7559461237252215,215.2490980459179,12.325167235694027,55.7347932033466,0.2937555215107027,21,0.41379310344827586,58.333333333333336,21.0,47.58620689655172,20.689655172413794,23.20000000000033,0.1
66,1,24,0.770600568920833,0.7562606732924863,215.93072138518113,11.397092623239951,57.31806448939429,0.2777347469994598,23,0.5172413793103449,54.166666666666664,22.0,53.793103448275865,22.75862068965517,22.60000000000032,0.1
66,1,26,,0.7552283276781808,217.40759296864093,10.559692272653937,58.68345663255745,0.2603699431238225,21,0.2413793103448276,62.5,21.0,43.44827586206897,20.689655172413794,22.200000000000315,0.13333333333333333
66,1,24,0.7592118415646673,0.7547125790288864,217.24142583130512,10.718829473201525,60.13887448560791,0.25155864852681337,23,0.20689655172413793,62.5,22.0,35.172413793103445,20.689655172413794,22.000000000000313,0.13333333333333333
66,1,24,0.7546365265323632,0.7542640503752208,219.5032053465437,9.147655922707568,61.34055260445396,0.21879387323294905,23,0.06896551724137931,58.333333333333336,21.0,28.96551724137931,20.689655172413794,22.000000000000313,0.1
66,1,24,0.7520838935202172,0.7533504417354283,220.8398055083192,9.010866138858978,62.30037128651183,0.21638518162831696,25,0.27586206896551724,58.333333333333336,22.0,33.10344827586207,22.75862068965517,22.000000000000313,0.03333333333333333
66,1,23,0.7474146212175056,0.7532715598270571,222.44191914654922,10.119398683923164,63.420063822198266,0.2171185638774469,26,0.1724137931034483,62.5,22.0,37.241379310344826,22.75862068965517,22.800000000000324,0.03333333333333333
66,1,24,0.7378800936101705,0.7508690804178523,226.889673856493,9.820462895314108,64.49318687141911,0.20572475397150974,28,0.2413793103448276,62.5,22.0,37.241379310344826,22.75862068965517,22.000000000000313,0.03333333333333333
66,1,24,0.7551865932496881,0.750799095748805,228.4953907714607,9.449080046212382,65.38906605419542,0.1937123516301508,27,0.13793103448275862,58.333333333333336,23.0,35.172413793103445,24.82758620689655,22.40000000000032,0.0
66,1,23,0.7507657604203531,0.7516487675742397,226.78948962836736,11.092303599050704,66.3096840152223,0.18417987193746801,28,0.1724137931034483,58.333333333333336,23.0,33.10344827586207,24.82758620689655,22.40000000000032,0.0
66,1,23,,0.7507904876304952,228.50251573916742,11.140915237450962,67.10100527621732,0.16373715562620572,28,0.20689655172413793,62.5,22.0,37.241379310344826,22.75862068965517,22.200000000000315,0.03333333333333333
66,1,22,0.7658885605337392,0.7515488955670402,227.03087782348916,13.098785339660093,67.93198420149093,0.15405396654352604,28,0.1724137931034483,50.0,25.0,33.10344827586207,26.896551724137932,22.60000000000032,0.03333333333333333
66,1,21,0.7668360988823921,0.7539698333154713,221.33191453410345,16.206764731997577,68.6875318039446,0.13575700363700913,30,0.06896551724137931,50.0,25.0,26.896551724137932,24.82758620689655,22.60000000000032,0.03333333333333333
66,1,21,0.74745647800697,0.7542021330815738,218.84804677828438,14.2333556119538,69.37819221489686,0.13272144844813347,28,0.034482758620689655,54.166666666666664,24.0,24.82758620689655,24.82758620689655,22.200000000000315,0.03333333333333333
66,1,21,0.7667854408845184,0.7549879763032834,214.92465361785486,14.90707110068675,69.96012586842139,0.11527480680335062,33,0.20689655172413793,45.83333333333333,26.0,35.172413793103445,24.82758620689655,23.20000000000033,0.06666666666666667
66,1,22,0.7472209344469082,0.7554027510243894,213.87127521457631,15.486422432619289,70.58763827583893,0.11527694463352134,31,0.13793103448275862,58.333333333333336,24.0,45.51724137931034,22.75862068965517,22.40000000000032,0.06666666666666667
66,1,22,0.7593463301672747,0.755073341623983,213.52159276461262,14.631427986477446,71.11431847982149,0.10001712197637662,32,0.1724137931034483,54.166666666666664,24.0,43.44827586206897,22.75862068965517,22.800000000000324,0.03333333333333333
66,1,22,0.7622524450097062,0.756428915021523,210.92418713790696,14.641763772832553,71.62792426671103,0.094273273074182,32,0.06896551724137931,50.0,24.0,45.51724137931034,22.75862068965517,22.60000000000028,0.03333333333333333
66,1,22,0.7481035548534544,0.7551435087857651,212.38246373440344,13.944725831108714,72.10575958934594,0.09263044446188487,32,0.06896551724137931,54.166666666666664,23.0,41.37931034482759,20.689655172413794,22.80000000000001,0.03333333333333333
67,1,11,0.7623096791639741,0.7536616214233892,36.80256424386132,18.629358865011934,30.750853365523295,0.4065419811232712,21,0.7241379310344828,58.333333333333336,8.0,78.62068965517241,8.275862068965518,0.0,0.0
67,1,9,0.7683074762720176,0.7691036119966016,45.10455810698092,14.060068041024408,33.58463287350124,0.6752774395703037,25,0.7241379310344828,62.5,10.285714285714286,76.55172413793103,12.413793103448276,0.0,0.0
67,1,7,0.7625194687358609,0.7665384621647787,52.57232010470795,11.543843953748281,37.5337999639825,0.8856708835233372,30,0.7931034482758621,66.66666666666666,12.0,80.6896551724138,16.551724137931036,0.2,0.0
67,1,5,0.7618831282833777,0.764170833733557,58.430515547287705,7.8192109329188115,42.48565077604446,1.0879444823748403,30,0.6896551724137931,75.0,13.333333333333334,76.55172413793103,20.689655172413794,1.7999999999999998,0.0
67,1,2,0.7584625629476972,0.7626894541645836,62.13545552443466,6.3152959331384935,48.51570561338264,1.3312014006391915,32,0.6896551724137931,75.0,15.6,80.6896551724138,26.896551724137932,5.8000000000000025,0.0
67,1,0,0.004484752585277381,0.7368105864867427,64.66469216030185,6.8686217176874536,55.717565427176815,1.5532488404836335,31,0.4482758620689655,79.16666666666666,16.363636363636363,68.27586206896552,26.896551724137932,9.599999999999998,0.0
67,1,0,0.00280263515820044,0.6098223455305746,67.93982098120011,6.226622393493034,62.75565254946093,1.3101374763053528,31,0.3448275862068966,79.16666666666666,15.0,62.06896551724138,22.75862068965517,9.599999999999998,0.0
67,1,0,0.002869604012260755,0.48260425532921475,70.92747311943045,4.1313218827410125,68.1431282983106,0.8843026401746353,31,0.13793103448275862,79.16666666666666,15.0,53.793103448275865,18.620689655172413,9.599999999999998,0.0
67,1,0,0.00014651937947284034,0.35556017347986696,72.26699060488093,3.661825399540896,71.6049517478438,0.5123446345458171,31,0.10344827586206896,79.16666666666666,15.0,53.793103448275865,12.413793103448276,9.399999999999999,0.0
67,1,0,0.003409281080011458,0.2289932066447285,73.5875373004,2.681727497139326,73.26593589290357,0.13562772803369536,31,0.0,79.16666666666666,15.0,49.6551724137931,8.275862068965518,6.799999999999997,0.0
67,1,0,0.001618948833956339,0.10287620323089079,74.62443774797437,1.4310869719812924,73.05542861277402,-0.2761002784092704,31,-0.06896551724137931,79.16666666666666,15.0,47.58620689655172,4.137931034482759,2.7999999999999945,0.0
67,1,0,0.000856712795651058,0.0018461125218154843,75.08772105385944,0.06845949574785302,71.12477623501435,-0.5559733204163331,31,0.0,79.16666666666666,14.0,49.6551724137931,0.0,0.0,0.03333333333333333
67,1,0,0.0035680483963361955,0.001995180458720846,75.09487882848808,0.07827407627978228,68.35436927195094,-0.5142926134127872,31,0.0,79.16666666666666,11.0,47.58620689655172,0.0,0.0,0.03333333333333333
67,1,0,0.0,0.0020433775396793744,75.09119731315567,0.0772569984311996,65.74640930717125,-0.4877666971451125,31,0.0,79.16666666666666,9.0,47.58620689655172,0.0,0.0,0.03333333333333333
67,1,0,0.0014135138015057842,0.0021711823964617257,75.09400998315063,0.07514766271325223,63.483076531209214,-0.4608140166105929,31,0.0,79.16666666666666,7.0,47.58620689655172,0.0,0.0,0.06666666666666667
67,1,0,0.0006874742848072638,0.0020756541114763387,75.09111346980664,0.08079156629973534,61.08194029443009,-0.43732155635929165,31,0.0,79.16666666666666,5.0,47.58620689655172,0.0,0.0,0.06666666666666667
67,1,0,0.00025627201290097666,0.001981360383665921,75.09934397678776,0.08436531915648728,58.81075700742135,-0.4069672325388548,31,0.0,79.16666666666666,2.0,47.58620689655172,0.0,0.0,0.06666666666666667
67,1,0,0.0,0.001862905194139275,75.10227208621667,0.08072260637024499,57.141767693205864,-0.38873379324488155,31,0.0,79.16666666666666,0.0,47.58620689655172,0.0,0.0,0.06666666666666667
67,1,0,,0.0015644945540028465,75.09891094460797,0.07164066259951471,55.327910722779016,-0.3449865944358531,31,0.0,79.16666666666666,0.0,53.793103448275865,0.0,0.0,0.1
67,1,0,0.0018756297472758636,0.0013892584267353831,75.10324623581748,0.07189737906539638,53.383951506914464,-0.3462442990308454,31,0.0,79.16666666666666,0.0,55.86206896551724,0.0,0.0,0.1
67,1,0,0.004019577040831038,0.0016954594183884151,75.12115536429378,0.07739207851683512,51.77034156520909,-0.32145952582451714,31,0.0,79.16666666666666,0.0,60.0,0.0,0.0,0.06666666666666667
67,1,0,0.0025622736689080773,0.001716456644873668,75.11408677139632,0.08318851849734143,50.10180975153397,-0.30660530413811987,31,0.0,79.16666666666666,0.0,55.86206896551724,0.0,0.0,0.06666666666666667
67,1,0,0.003126286925336001,0.0019659539757639313,75.11621189923876,0.08173735300192277,48.54139120049547,-0.28419943606371023,31,0.0,79.16666666666666,0.0,53.793103448275865,0.0,0.0,0.06666666666666667
67,1,0,0.0026500771931545278,0.0021009859748920318,75.10905468963804,0.08187407691911465,47.247636179612726,-0.2698965127767867,31,0.0,79.16666666666666,0.0,53.793103448275865,0.0,0.0,0.03333333333333333
67,1,0,0.00289048669119411,0.0024190788701583584,75.10398165180894,0.08388759510798671,46.03318869045733,-0.24943052785200004,31,0.0,79.16666666666666,0.0,49.6551724137931,0.0,0.0,0.0
67,1,0,0.0017937184493242986,0.00270645444886334,75.10806492453906,0.08518809074462011,44.805165170881054,-0.23913871736785686,31,0.0,79.16666666666666,0.0,37.241379310344826,0.0,0.0,0.0
67,1,0,0.00024059387699119512,0.0022443360767628994,75.07874798191543,0.08749918783829251,43.652479413498945,-0.2253867715931322,31,0.0,79.16666666666666,0.0,39.310344827586206,0.0,0.0,0.0
67,1,0,0.0028193145880147604,0.002193502813602593,75.08284468931987,0.08648948444199049,42.657606011893506,-0.20981173142722714,31,0.0,79.16666666666666,0.0,39.310344827586206,0.0,0.0,0.03333333333333333
67,1,0,0.0010865541929388131,0.00206022865074519,75.07944190031151,0.08500475466456042,41.59152259363178,-0.1996989711992063,31,0.0,79.16666666666666,0.0,35.172413793103445,0.0,0.0,0.03333333333333333
67,1,0,0.0025054123126291884,0.002037071205435157,75.09054033007213,0.09350492425912697,40.67258418955955,-0.18265946936295724,31,0.0,79.16666666666666,0.0,39.310344827586206,0.0,0.0,0.06666666666666667
67,1,0,0.0,0.001839022475549215,75.0828750665131,0.09248002137086711,39.70990782497932,-0.1774834223544711,31,0.0,79.16666666666666,0.0,45.51724137931034,0.0,0.0,0.06666666666666667
68,1,15,0.9672134560066982,0.9296407546561923,24.801655961409605,8.846151639395883,32.954931035295125,0.53179148345594,0,0.0,29.166666666666668,4.0,18.620689655172413,4.137931034482759,8.000000000000004,0.0
68,1,15,0.9697957753454219,0.9638438286343655,28.368102974628254,4.5514139585627165,35.62772550176214,0.5209419030805806,1,0.034482758620689655,33.33333333333333,5.142857142857143,14.482758620689655,6.206896551724138,8.200000000000003,0.0
68,1,16,,0.9635222428180714,30.45078725916222,3.2799740714192778,37.73028248499311,0.47584108939505065,3,0.06896551724137931,41.66666666666667,6.0,18.620689655172413,8.275862068965518,7.8,0.06666666666666667
68,1,16,,0.9639111166646679,31.47276061870365,2.2828910947469834,39.00610297381159,0.3821519076687935,2,0.034482758620689655,37.5,6.666666666666667,14.482758620689655,10.344827586206897,5.799999999999991,0.23333333333333334
68,1,16,,0.964494481707725,31.6130902963238,2.577927581679287,40.21900200914776,0.295401120135492,2,0.06896551724137931,33.33333333333333,8.4,16.551724137931036,14.482758620689655,5.5999999999999845,0.4
68,1,16,,0.9637646137149141,31.679241119048015,3.030257612218568,41.42618123840887,0.21016041888364195,1,0.0,45.83333333333333,8.727272727272727,20.689655172413794,16.551724137931036,4.399999999999984,0.5666666666666667
68,1,16,,0.9637689427699803,32.103471796459026,2.96495847969762,42.62170420948185,0.12753621238092303,2,0.06896551724137931,45.83333333333333,9.0,22.75862068965517,14.482758620689655,4.799999999999983,0.7333333333333333
68,1,15,,0.9581846418286947,35.36490011269299,0.9069065507054879,43.997205363099056,0.052624480382651384,2,-0.034482758620689655,41.66666666666667,11.0,14.482758620689655,16.551724137931036,8.19999999999997,0.9
68,1,16,,,,,,,2,0.034482758620689655,50.0,12.0,20.689655172413794,16.551724137931036,11.19999999999996,1.0
68,1,16,,,,,,,2,0.034482758620689655,50.0,13.0,22.75862068965517,14.482758620689655,13.799999999999951,1.0
68,1,16,,,,,,,1,0.0,41.66666666666667,15.0,20.689655172413794,16.551724137931036,17.399999999999938,1.0
68,1,16,0.9517474420077822,0.9517474420077822,67.61171119179444,,60.00031815816031,,2,0.034482758620689655,58.333333333333336,16.0,22.75862068965517,16.551724137931036,21.99999999999996,0.9666666666666667
68,1,16,0.9509347374133785,0.9482748666420594,70.8842033187312,2.5673606430570923,60.596764273256184,0.04256267686933621,3,0.06896551724137931,62.5,15.0,22.75862068965517,14.482758620689655,24.600000000000023,0.8
68,1,16,0.9468750139266485,0.9481992889117858,74.4617592024585,5.029602926383786,61.22575621449902,0.0888717978340403,2,0.0,66.66666666666666,15.0,24.82758620689655,14.482758620689655,25.2000000000001,0.6333333333333333
68,1,16,0.9451261900671931,0.9475858971240799,75.66005479838218,4.59275217952208,61.817558347689186,0.11982529389865287,2,0.0,70.83333333333334,16.0,26.896551724137932,16.551724137931036,25.400000000000176,0.4666666666666667
68,1,16,0.9357413436877962,0.9457248078701674,77.9504802791703,5.997866850353095,62.42231827457459,0.17212870943655426,3,0.06896551724137931,75.0,16.0,28.96551724137931,14.482758620689655,26.000000000000263,0.3
68,1,15,0.9403494426997033,0.9446609271677013,78.37917329670933,5.495447745072961,63.063230438999355,0.21813548276020994,1,-0.034482758620689655,66.66666666666666,16.0,28.96551724137931,16.551724137931036,26.200000000000347,0.13333333333333333
68,1,16,0.9448148509864013,0.9438687370344264,78.34585112905737,4.986352365925382,63.80654237370301,0.24060044147743617,3,0.034482758620689655,66.66666666666666,16.0,20.689655172413794,16.551724137931036,26.400000000000375,0.0
68,1,15,0.9489332492613447,0.9439802341183509,77.94374567366849,5.627940726172796,64.9572397144199,0.22096503875740997,2,0.034482758620689655,66.66666666666666,16.0,16.551724137931036,14.482758620689655,26.80000000000038,0.0
68,1,14,0.9475812129824451,0.9439052938818121,76.1023232850977,6.740764494052247,66.01057542662848,0.20206269548271502,2,0.0,70.83333333333334,15.0,16.551724137931036,14.482758620689655,27.000000000000384,0.0
68,1,12,0.946862500541907,0.9441639895258758,73.50417944683332,8.267687962315541,66.97397072968072,0.18093037006480753,2,-0.034482758620689655,66.66666666666666,16.0,12.413793103448276,16.551724137931036,27.000000000000384,0.0
68,1,11,0.9479444573989055,0.9457826479231008,70.20146818802849,6.747270542202651,67.80941365189867,0.1549197508910445,3,0.034482758620689655,75.0,16.0,18.620689655172413,14.482758620689655,26.200000000000372,0.0
68,1,9,0.9319896715973329,0.9457948852445048,69.93012919139179,6.560521260041633,68.57190333953615,0.14852035997842633,2,-0.034482758620689655,83.33333333333334,16.0,24.82758620689655,16.551724137931036,25.800000000000367,0.0
68,1,8,0.9386520248122253,0.9448949432067629,71.33988933750585,8.34340617389359,69.36948310004657,0.16960253090886995,0,-0.06896551724137931,87.5,16.0,26.896551724137932,16.551724137931036,25.600000000000364,0.0
68,1,7,0.9409830544657153,0.943332324989345,73.67002103900778,9.408285296890462,70.26392355395849,0.18254409737206967,3,0.034482758620689655,87.5,16.0,24.82758620689655,16.551724137931036,25.600000000000364,0.0
68,0,6,0.9395953391174436,0.9422722939303166,75.32894159037178,9.238696798304868,71.10250362787077,0.18471507555537905,3,0.034482758620689655,91.66666666666666,16.0,26.896551724137932,14.482758620689655,25.600000000000364,0.03333333333333333
68,0,4,0.9342956225800855,0.9404145686404219,78.95881609195109,8.331636989651832,71.85327198657366,0.21828553923048025,3,0.034482758620689655,91.66666666666666,16.0,31.03448275862069,16.551724137931036,26.400000000000375,0.13333333333333333
68,0,3,0.9294723293435979,0.9366595123998258,84.69527445963135,7.010735676306064,73.18589561267642,0.244522178983757,5,0.10344827586206896,95.83333333333334,16.0,28.96551724137931,16.551724137931036,26.200000000000372,0.13333333333333333
68,0,2,0.920946713607914,0.9338551478406973,88.2795561575492,7.469494854086131,74.62764837914513,0.25467653822380204,7,0.1724137931034483,95.83333333333334,15.0,28.96551724137931,14.482758620689655,26.400000000000375,0.13333333333333333
68,0,0,0.004606798642601668,0.8967754311192795,89.97841285571447,7.435791537666234,76.10927648207615,0.2517935374327215,10,0.2413793103448276,91.66666666666666,16.0,33.10344827586207,16.551724137931036,26.600000000000378,0.13333333333333333
68,0,0,0.0021642881255128457,0.7165023585369283,91.38231559881034,6.398369977527062,77.06374667519279,0.10772704754324453,10,0.2413793103448276,91.66666666666666,15.0,33.10344827586207,14.482758620689655,21.80000000000031,0.13333333333333333
69,1,2,0.809534859326348,0.8151734423959266,30.70853580193027,26.185649207350973,28.83014660160575,0.2536871479481699,4,0.13793103448275862,79.16666666666666,2.0,43.44827586206897,2.0689655172413794,1.2,0.06666666666666667
69,1,1,0.8085322492094691,0.8247325634311637,44.93235758897574,30.465302458487933,30.062408516037628,0.2658653990039318,6,0.20689655172413793,91.66666666666666,3.4285714285714284,53.793103448275865,4.137931034482759,5.600000000000002,0.03333333333333333
69,1,0,0.8017433778238647,0.8191177413781406,58.04959597073125,29.865624546617838,31.29986279658305,0.27562308998366103,8,0.27586206896551724,91.66666666666666,4.5,55.86206896551724,6.206896551724138,9.999999999999996,0.0
69,1,0,0.8072185931622319,0.8142726458715779,69.78961843497241,25.506461955543607,32.57407609213772,0.27817873339666843,15,0.5172413793103449,91.66666666666666,4.0,62.06896551724138,6.206896551724138,14.999999999999979,0.03333333333333333
69,1,0,0.8063093174359551,0.8097616667350696,80.914800512689,17.303034140213274,34.02336505372654,0.2858960244528502,22,0.7586206896551724,91.66666666666666,3.6,70.34482758620689,6.206896551724138,19.99999999999996,0.03333333333333333
69,1,0,0.8011856232756124,0.8069045701721186,88.49330241464762,8.196899291027831,35.4638782667255,0.274940674744528,26,0.7241379310344828,91.66666666666666,3.272727272727273,62.06896551724138,6.206896551724138,24.39999999999994,0.03333333333333333
69,1,0,0.8082426250893793,0.8053653315184537,91.77949749963098,2.442307561466583,36.790307958147196,0.2777982328628727,27,0.7241379310344828,91.66666666666666,3.0,51.724137931034484,4.137931034482759,27.799999999999926,0.06666666666666667
69,1,1,0.8019182033442157,0.8051073321442012,92.4067887890877,0.8874524406705223,38.22371705819445,0.2620570668930676,30,0.7931034482758621,91.66666666666666,3.0,49.6551724137931,2.0689655172413794,28.399999999999956,0.06666666666666667
69,1,2,0.8024447500021153,0.8050932449499496,92.43286908944025,0.06866090472674723,39.46588606586178,0.24913989200217412,33,0.7931034482758621,91.66666666666666,3.0,47.58620689655172,0.0,29.000000000000036,0.1
69,1,3,0.8038517690357568,0.8049739449667477,92.44612747447742,0.07332652309631064,40.61608290899684,0.22701636477750523,33,0.5517241379310345,91.66666666666666,3.0,39.310344827586206,0.0,29.000000000000124,0.06666666666666667
69,1,4,0.8031029082387334,0.8049502938161545,92.44949758677248,0.07062734099097889,41.699171597279964,0.2153143978289125,33,0.3448275862068966,91.66666666666666,3.0,28.96551724137931,0.0,29.000000000000213,0.1
69,1,5,0.8011357142501462,0.8047200251017431,92.4501777452982,0.07814562728895354,42.79921163116352,0.19575752960956158,33,0.2413793103448276,91.66666666666666,3.0,28.96551724137931,0.0,29.000000000000302,0.13333333333333333
69,1,6,0.8069839476094326,0.8043328439168316,92.4613691900161,0.08332145664199654,43.78347222356375,0.19071400139507305,33,0.20689655172413793,91.66666666666666,2.0,35.172413793103445,0.0,29.00000000000039,0.1
69,1,6,0.8029809747680327,0.804283841969685,92.46046843670761,0.08865704725171145,44.80383294499585,0.18102020573670982,33,0.10344827586206896,91.66666666666666,1.0,37.241379310344826,0.0,29.000000000000412,0.1
69,1,7,0.8065207742499685,0.8043436116375791,92.46101184003193,0.0981480844189393,45.66958794873984,0.17020813463343168,33,0.0,91.66666666666666,0.0,35.172413793103445,0.0,29.000000000000412,0.06666666666666667
69,1,8,0.804855930646393,0.8047398282355845,92.46444918876159,0.09848399268520469,46.55346847541908,0.159345075873102,33,0.0,91.66666666666666,0.0,39.310344827586206,0.0,29.000000000000412,0.06666666666666667
69,1,9,0.8002284209962305,0.8047810543246894,92.47545935964219,0.1021914301267657,47.291048775643894,0.1413425350803295,33,0.0,91.66666666666666,0.0,47.58620689655172,0.0,29.000000000000412,0.03333333333333333
69,1,10,0.8038555815062152,0.8051964825788037,92.45756816530145,0.10148456635391136,47.93117421051977,0.13967201740012974,33,0.0,91.66666666666666,0.0,45.51724137931034,0.0,29.000000000000412,0.0
69,1,11,0.8044479576208236,0.8051899370687784,92.44990837078943,0.09552826722147219,48.61791010134021,0.1311888883002184,33,0.0,91.66666666666666,0.0,41.37931034482759,0.0,29.000000000000412,0.0
69,1,10,0.8075337212815388,0.805691091462266,92.3262805188509,0.46282074216504204,49.26120124018505,0.12302808714250311,33,0.0,91.66666666666666,1.0,39.310344827586206,2.0689655172413794,28.400000000000404,0.0
69,1,10,0.8061982244559948,0.8059483403727122,92.21830185181574,1.0596268731810792,49.84860331449608,0.11241627104484946,32,-0.034482758620689655,91.66666666666666,2.0,39.310344827586206,4.137931034482759,27.800000000000395,0.0
69,1,10,0.8052161315143233,0.80534703626417,92.54777223993409,1.5227840769424434,50.412058105243226,0.11176936711728817,33,0.0,87.5,3.0,41.37931034482759,6.206896551724138,27.800000000000395,0.0
69,1,10,0.8074969202178773,0.8052281837487942,92.97361950237529,1.9703594986423894,50.93777061548953,0.09917366684624697,32,-0.034482758620689655,91.66666666666666,4.0,45.51724137931034,8.275862068965518,27.800000000000395,0.0
69,1,10,0.8031672262001326,0.8048126479886666,93.11521640770033,2.1464279959695554,51.39960167257913,0.09576619560049619,32,-0.034482758620689655,91.66666666666666,5.0,45.51724137931034,10.344827586206897,27.600000000000392,0.03333333333333333
69,1,10,0.806127418010024,0.80484184179175,93.70802370999284,2.4685057034671374,51.83841505468235,0.08856611508367766,31,-0.06896551724137931,91.66666666666666,6.0,49.6551724137931,12.413793103448276,27.600000000000392,0.06666666666666667
69,1,11,0.796966064463042,0.8041304833769423,94.83915912225696,2.8430717175712665,52.261215251516745,0.0783309057840782,33,0.0,95.83333333333334,6.0,47.58620689655172,10.344827586206897,28.000000000000398,0.1
69,1,11,0.8031405629870086,0.8038225923829313,95.24327978468183,2.3011435307113874,52.70069196289625,0.07024873086866426,33,0.0,91.66666666666666,7.0,41.37931034482759,10.344827586206897,28.40000000000039,0.1
69,1,11,0.8061802645333183,0.8047661311890467,95.18478521372684,2.242016054890166,53.113721361987835,0.07580925430883888,31,-0.034482758620689655,95.83333333333334,8.0,33.10344827586207,10.344827586206897,28.200000000000045,0.1
69,1,11,0.8007850733437603,0.8047506902549904,94.8456149301903,2.414276982391106,53.47420842121156,0.060886695886654595,32,0.0,95.83333333333334,9.0,37.241379310344826,10.344827586206897,28.199999999999704,0.1
69,1,11,0.8077848407037059,0.8050330116701787,94.44065488001756,2.7201208894563003,53.75770848220641,0.0539006789892195,32,0.0,95.83333333333334,10.0,33.10344827586207,10.344827586206897,27.599999999999383,0.06666666666666667
69,1,10,0.8016329361006034,0.8045273145469847,94.52188814487899,2.774523724955275,54.00901111788489,0.05665844897296166,32,0.0,95.83333333333334,11.0,37.241379310344826,10.344827586206897,27.79999999999903,0.03333333333333333
70,0,11,1.126477503121075,1.0802103026794456,21.28182151505345,8.330851653533786,32.81298765536702,0.5582471883886984,0,0.0,25.0,8.0,20.689655172413794,8.275862068965518,0.0,0.03333333333333333
70,0,11,1.1270310443773135,1.127086881446397,24.91241506353921,3.14102791219928,35.77381310574248,0.5680446391722317,2,0.034482758620689655,25.0,6.857142857142857,12.413793103448276,8.275862068965518,0.0,0.03333333333333333
70,0,10,1.1230094417308427,1.1256408315516477,24.96377307849446,3.302502009794239,38.70258592717724,0.5556709346574589,1,0.034482758620689655,16.666666666666664,9.0,12.413793103448276,12.413793103448276,0.0,0.03333333333333333
70,0,8,1.1257222165935608,1.1249090409956914,23.907789858752295,4.917735208461954,41.57075217251946,0.5487626368975372,1,0.034482758620689655,12.5,10.666666666666666,14.482758620689655,16.551724137931036,0.0,0.03333333333333333
70,0,7,1.1355468456324644,1.126509578637922,21.342084314454993,6.6038108655074925,44.33227661826825,0.5027942535151151,0,-0.034482758620689655,8.333333333333332,12.0,10.344827586206897,20.689655172413794,0.0,0.03333333333333333
70,0,9,1.1345284885853306,1.1289369565478427,19.043427840105828,6.413709046620753,46.53901703439897,0.45319602552280297,1,0.0,12.5,10.909090909090908,8.275862068965518,16.551724137931036,0.0,0.0
70,0,10,1.1259906600286387,1.1296028983342634,17.578008178135214,5.633366356442951,48.73143311064401,0.42872236126799723,0,-0.034482758620689655,16.666666666666664,10.0,8.275862068965518,12.413793103448276,0.0,0.0
70,0,9,1.1338327262672776,1.1305212430563851,15.648752048772502,4.23216058171486,50.824164734621796,0.4062502795657419,0,-0.034482758620689655,12.5,11.0,8.275862068965518,14.482758620689655,0.0,0.0
70,0,9,1.1335519313538012,1.1321703312813909,13.69062501336748,3.390781075235482,52.75621624388201,0.36246323849921436,1,0.0,12.5,12.0,10.344827586206897,10.344827586206897,0.0,0.0
70,0,8,1.1363832949331225,1.1334871532608533,12.735584571091072,3.2169233514326576,54.50442935296633,0.32924635706426486,1,0.0,8.333333333333332,13.0,8.275862068965518,8.275862068965518,0.0,0.0
70,0,8,1.1354713876848384,1.13419061839661,12.813641360810353,3.049989832577022,56.10924768277678,0.3119456564550334,0,0.0,8.333333333333332,14.0,8.275862068965518,8.275862068965518,0.0,0.0
70,0,8,1.1315134508184201,1.1338323907623635,12.733077059271443,3.0217884522577867,57.6202160006698,0.2956089238340556,0,0.0,8.333333333333332,12.0,6.206896551724138,8.275862068965518,0.0,0.0
70,0,7,1.1366585512019756,1.1339627124570386,11.792685153560694,2.58955917855427,58.938171222997546,0.28224671957951153,0,0.0,4.166666666666666,11.0,4.137931034482759,10.344827586206897,0.0,0.03333333333333333
70,0,9,1.131771931343846,1.1338399538440802,11.44185877111982,1.9374517310423438,60.31912222870854,0.2597250128274647,1,0.0,16.666666666666664,11.0,10.344827586206897,8.275862068965518,0.0,0.03333333333333333
70,0,9,1.1350618131858394,1.1343335183902619,11.591480325449096,1.8158526424782002,61.60597493921603,0.23362588189645733,0,-0.06896551724137931,16.666666666666664,10.0,10.344827586206897,8.275862068965518,0.0,0.03333333333333333
70,0,9,1.1317536950551974,1.1341471635152487,12.00517774602345,1.6995601987620792,62.77974217154964,0.21665105610762153,1,0.0,16.666666666666664,8.0,10.344827586206897,6.206896551724138,0.0,0.03333333333333333
70,0,10,1.1371165390645834,1.133406251447936,12.089051546737627,1.6812470720961448,63.78949353289638,0.21501861962849783,1,0.034482758620689655,16.666666666666664,7.0,10.344827586206897,6.206896551724138,0.0,0.06666666666666667
70,0,9,1.1357222516543348,1.1334970790051144,11.665297741164371,1.9383230806893539,64.92284354129251,0.20737694547673524,1,0.034482758620689655,8.333333333333332,9.0,10.344827586206897,10.344827586206897,0.0,0.06666666666666667
70,0,9,1.1395262536280342,1.133763068949004,11.079918455286574,2.3527577220878473,65.86644950753625,0.19119154268276348,1,0.034482758620689655,8.333333333333332,10.0,10.344827586206897,10.344827586206897,0.0,0.03333333333333333
70,0,10,1.1338476705258727,1.13396056838535,10.403480104877874,2.2344124402682057,66.80992638439855,0.1730385105602333,0,0.0,8.333333333333332,9.0,6.206896551724138,8.275862068965518,0.0,0.03333333333333333
70,0,9,1.137675150306755,1.1337033224140272,9.75993717447669,2.5596325568823763,67.63510539988297,0.16722671051581492,0,-0.034482758620689655,4.166666666666666,9.0,4.137931034482759,10.344827586206897,0.0,0.06666666666666667
70,0,10,1.1331431559656118,1.1339766306667431,8.912464158344411,2.7083627599487152,68.46804263914434,0.1628976548673036,0,0.0,12.5,8.0,8.275862068965518,10.344827586206897,0.0,0.1
70,0,10,1.1379182685780043,1.1346373487573256,9.19901529614027,2.9679821493739134,69.22718675291162,0.14816505622264756,0,-0.034482758620689655,12.5,8.0,8.275862068965518,10.344827586206897,0.0,0.06666666666666667
70,0,12,1.1329376064373873,1.135119084973216,9.73642941721285,3.2820778305191025,69.94672023110898,0.12191811460990833,0,-0.034482758620689655,12.5,8.0,8.275862068965518,6.206896551724138,0.0,0.06666666666666667
70,0,14,1.1277552861377018,1.1341336170050869,11.261955515497991,4.022240908014171,70.61787064656598,0.12902339884400627,0,0.0,20.833333333333336,7.0,10.344827586206897,4.137931034482759,0.0,0.06666666666666667
70,0,12,1.1375444328658457,1.133245551163088,12.8158902234176,4.561149379923862,71.31959849577582,0.1288411074914035,2,0.06896551724137931,16.666666666666664,9.0,14.482758620689655,8.275862068965518,0.0,0.06666666666666667
70,0,12,1.1326764893803223,1.1328469578324485,14.478211250117548,4.012385997253542,71.90739527116703,0.11897636819052165,0,0.0,16.666666666666664,9.0,14.482758620689655,8.275862068965518,0.0,0.03333333333333333
70,0,12,1.1296315280836149,1.1321958902699405,16.026583381570855,2.9086226045356804,72.43925241543585,0.11822700335550633,1,0.0,20.833333333333336,9.0,12.413793103448276,8.275862068965518,0.0,0.0
70,0,11,1.1301424808147684,1.1311681965934295,16.78771514790415,2.817280811005678,73.02381066294637,0.1237878678276641,0,0.0,12.5,10.0,10.344827586206897,10.344827586206897,0.0,0.0
70,0,10,1.1288832337151968,1.1301293677248558,17.578377091872472,2.44254076400028,73.63527165583758,0.12262924355137321,1,0.034482758620689655,12.5,9.0,12.413793103448276,12.413793103448276,0.0,0.0
70,0,10,1.135196005265333,1.130998444848387,17.516769827903772,2.3828635358171097,74.23301836319997,0.11836072131176605,0,-0.034482758620689655,12.5,9.0,10.344827586206897,14.482758620689655,0.0,0.0
71,1,11,0.7703992495982788,0.7697403248781105,58.15346798371906,35.43395136551775,30.23962044975968,0.39319977212506785,5,0.1724137931034483,87.5,4.0,49.6551724137931,4.137931034482759,9.2,0.03333333333333333
71,1,11,0.7723482536744536,0.7814993956168113,74.72530447664202,30.74392531391656,32.354259639743134,0.4262967741793633,1,0.0,91.66666666666666,5.142857142857143,45.51724137931034,6.206896551724138,13.999999999999982,0.03333333333333333
71,1,11,0.7651979998834063,0.7757961479712302,88.45002551579748,22.66589244266067,34.554905189821824,0.4311807496404553,5,0.10344827586206896,91.66666666666666,6.0,39.310344827586206,8.275862068965518,18.799999999999965,0.03333333333333333
71,1,11,0.7690225925724681,0.7715238592745168,99.09906941268954,12.281008537554959,36.775201705338155,0.43594558806948813,9,0.27586206896551724,91.66666666666666,6.666666666666667,43.44827586206897,10.344827586206897,23.39999999999995,0.03333333333333333
71,1,12,0.7702432952822313,0.7694717381469617,104.26643649965007,5.681169296217319,38.73805042146135,0.42393425237389226,16,0.4482758620689655,95.83333333333334,6.0,47.58620689655172,10.344827586206897,26.599999999999934,0.0
71,1,12,0.7708528175240078,0.768222721143331,107.2336108463608,4.3682765411122775,40.8340023553883,0.4166465692302298,27,0.8275862068965517,95.83333333333334,6.545454545454546,70.34482758620689,10.344827586206897,27.39999999999992,0.0
71,1,12,0.7691398793164886,0.7675195609730814,109.31184620566655,3.511358766428862,42.81260495800812,0.38053504930141896,33,1.0,95.83333333333334,7.0,72.41379310344827,10.344827586206897,26.79999999999999,0.0
71,1,12,,0.7674593345007635,110.39306042999259,3.14223760090823,44.49201330545839,0.34472977088309703,33,0.9310344827586207,100.0,8.0,74.48275862068965,10.344827586206897,26.60000000000007,0.03333333333333333
71,1,12,0.768621495671184,0.767692293855948,111.40777793718853,2.4440751227315287,46.129405662816445,0.3319928517715485,33,0.9310344827586207,100.0,9.0,91.03448275862068,10.344827586206897,26.800000000000153,0.06666666666666667
71,1,12,0.7673505726020468,0.768038597871314,111.95881416547829,2.270692970951159,47.79761217766361,0.2998009967728227,33,0.8275862068965517,95.83333333333334,10.0,93.10344827586206,10.344827586206897,27.20000000000024,0.06666666666666667
71,1,12,0.7676939199625621,0.768177518582924,111.88414680612638,2.566647787478018,49.32390572643751,0.2726932213667498,33,0.5862068965517241,95.83333333333334,11.0,99.3103448275862,10.344827586206897,27.400000000000325,0.06666666666666667
71,1,12,0.7689609805557841,0.7684066779205695,111.2887728062155,2.63806951151079,50.73282273064342,0.2614781179823373,33,0.1724137931034483,95.83333333333334,11.0,97.24137931034483,12.413793103448276,27.200000000000387,0.06666666666666667
71,1,12,0.7709401393050211,0.7690932534929099,110.14629792781341,3.0092108680215985,52.06417264979744,0.23267898710816237,33,0.0,95.83333333333334,11.0,107.58620689655173,12.413793103448276,27.40000000000039,0.06666666666666667
71,1,12,0.7740644443566588,0.769698513728809,109.26750158557519,2.8819867875476515,53.16305893190699,0.22120965208783713,33,0.0,95.83333333333334,11.0,117.93103448275862,12.413793103448276,27.800000000000395,0.03333333333333333
71,1,11,0.7699589559557268,0.7699612059762615,107.76844216831263,3.428015267276221,54.125203396855646,0.20458106068912868,33,0.0,95.83333333333334,11.0,113.79310344827586,12.413793103448276,27.800000000000395,0.0
71,1,11,0.7713279607382226,0.7697252790744809,106.82026882631642,2.975961614839307,55.14738734058913,0.1973906158484788,33,0.0,100.0,11.0,120.0,12.413793103448276,27.40000000000039,0.0
71,1,11,0.7637526054659235,0.7695179611510675,106.37064712077672,2.9600364288975562,56.12412969264627,0.19690140504518208,33,0.0,100.0,12.0,109.65517241379311,12.413793103448276,27.600000000000392,0.0
71,1,11,0.7707533420394806,0.7696850776169063,105.82561585620006,2.7788745161495956,57.06303868814307,0.18126536997296963,33,0.0,100.0,12.0,115.86206896551724,12.413793103448276,27.600000000000392,0.0
71,1,11,0.7688977984247654,0.7697275569713377,105.72256144373183,2.6139073112202413,57.95043963447318,0.17485140121087628,33,0.0,100.0,12.0,105.51724137931035,12.413793103448276,27.800000000000395,0.0
71,1,11,0.7649224386812259,0.7691992995089024,105.17494554963979,2.851186840956414,58.76550206127623,0.15928579985318078,32,-0.034482758620689655,100.0,12.0,93.10344827586206,12.413793103448276,28.000000000000398,0.0
71,1,11,0.7666727554537145,0.7687160588382372,106.07403445070965,2.9428817795972044,59.52875789731872,0.1479814031643335,33,0.0,100.0,12.0,99.3103448275862,12.413793103448276,28.000000000000398,0.0
71,1,11,0.7700151764528971,0.7688256349610032,106.7593709736221,3.2699862051344777,60.24541948093811,0.1411728731930218,33,0.0,100.0,12.0,97.24137931034483,12.413793103448276,28.000000000000398,0.0
71,1,11,0.7668429666902558,0.7688733494727246,107.46295106607913,3.3182697809889077,60.927154868505724,0.13345952649485449,33,0.0,100.0,12.0,113.79310344827586,12.413793103448276,27.800000000000395,0.0
71,1,11,0.763028902867548,0.7684233434911623,108.4024503095671,3.5906634038350864,61.557685891668534,0.12218284605515546,32,-0.034482758620689655,100.0,12.0,95.17241379310344,12.413793103448276,27.40000000000039,0.0
71,1,11,0.7679979481381026,0.767688179658925,109.73555665984499,4.066614277359447,62.1378389952088,0.12111237991113395,33,0.0,95.83333333333334,12.0,91.03448275862068,12.413793103448276,27.600000000000392,0.0
71,1,11,0.7721234475410808,0.7673206084867433,111.73776988618654,3.4774918951779976,62.724824738081935,0.11918916801996998,33,0.0,95.83333333333334,12.0,91.03448275862068,12.413793103448276,27.200000000000387,0.0
71,1,12,,0.7671884381670596,112.69052545013136,2.9178543369400676,63.250976033099384,0.11316347609676496,33,0.0,100.0,11.0,78.62068965517241,10.344827586206897,26.80000000000011,0.03333333333333333
71,1,12,0.7720014528241416,0.767160677610031,112.75566005275486,2.8059698086631637,63.78875046636474,0.11593070469658343,33,0.0,100.0,11.0,74.48275862068965,10.344827586206897,26.799999999999784,0.06666666666666667
71,1,13,0.7656656147124151,0.7666999409239937,112.81106774133208,2.7072203236169177,64.38474724208285,0.11259264714782655,33,0.0,100.0,11.0,57.93103448275862,10.344827586206897,26.399999999999466,0.06666666666666667
71,1,12,0.7703911372095416,0.7670183912465804,112.06733841713027,3.3216730220980524,64.9734165485346,0.1066724747048185,33,0.0,100.0,11.0,64.13793103448276,10.344827586206897,26.59999999999914,0.06666666666666667
71,1,13,0.7659018367546806,0.7668903891029967,111.01750613792659,3.444024926756673,65.57433141072882,0.11065198161449481,33,0.034482758620689655,100.0,11.0,82.75862068965517,10.344827586206897,26.599999999998815,0.06666666666666667
72,1,39,1.2814534847868375,1.23539264992993,42.798092515893366,18.854401413757007,33.81805098534413,0.6217669789025354,2,0.06896551724137931,66.66666666666666,22.0,55.86206896551724,22.75862068965517,13.599999999999984,0.0
72,1,39,1.2725040955330218,1.2828174977533364,51.106307425774666,10.11976791599381,37.03147813732623,0.6505437498814769,3,0.0,75.0,24.0,49.6551724137931,28.96551724137931,17.79999999999997,0.0
72,1,38,1.271730680411652,1.2791176078732218,57.780616978139605,7.202664177775889,40.20954277763532,0.6257181554353007,1,0.0,70.83333333333334,27.0,45.51724137931034,37.241379310344826,21.399999999999956,0.0
72,1,38,1.2734103645759385,1.2771892073921793,59.662405787764555,7.224982062787947,42.75852817808698,0.6087011183066975,2,-0.034482758620689655,66.66666666666666,28.0,41.37931034482759,39.310344827586206,23.39999999999994,0.06666666666666667
72,1,39,1.2740438589613297,1.2764248807993797,61.54516136179627,7.123074352753544,45.414070270504666,0.5852270666133997,3,0.0,70.83333333333334,28.8,41.37931034482759,39.310344827586206,23.799999999999923,0.13333333333333333
72,1,36,1.2644190137460474,1.274922085357475,64.06727865251732,7.535158089334001,48.40961852964148,0.5617127391795323,3,0.06896551724137931,70.83333333333334,29.454545454545453,45.51724137931034,37.241379310344826,23.399999999999945,0.16666666666666666
72,1,33,1.272722471246149,1.272625152516628,68.30332358376315,7.978239783879085,51.45658178172968,0.5524445791020705,2,0.034482758620689655,75.0,30.0,43.44827586206897,37.241379310344826,23.60000000000002,0.2
72,1,30,1.273664821781758,1.2710817084433421,70.98042893751227,5.433858129702954,54.83220499561437,0.5394113595778133,2,0.0,62.5,33.0,31.03448275862069,37.241379310344826,23.800000000000093,0.2
72,1,26,1.2661334228098304,1.2705647316882172,71.52819334182435,5.846451915998859,58.071339663369116,0.49047297655923755,3,0.0,75.0,37.0,41.37931034482759,39.310344827586206,23.600000000000165,0.2
72,1,23,1.25908148407543,1.2694112216081768,74.24373556811538,7.193453245962365,60.31197590833173,0.44576279094537613,1,0.0,79.16666666666666,39.0,45.51724137931034,37.241379310344826,23.200000000000234,0.13333333333333333
72,1,20,1.2588212960960543,1.2666647548197492,78.25134305596781,8.924572181140688,62.23368258743544,0.4484327210086243,3,0.06896551724137931,75.0,38.0,41.37931034482759,37.241379310344826,23.200000000000305,0.06666666666666667
72,1,17,1.2549280829423213,1.2643703100706913,82.1406545770115,10.070164718901031,64.36325395669483,0.4550939694641656,4,0.13793103448275862,83.33333333333334,38.0,43.44827586206897,37.241379310344826,23.800000000000338,0.03333333333333333
72,0,13,1.2411225906748315,1.2604692101066302,87.26136163334743,14.42216845348745,66.39921693761688,0.4399345789672836,5,0.10344827586206896,91.66666666666666,39.0,55.86206896551724,39.310344827586206,23.600000000000335,0.0
72,0,10,1.2465610451636255,1.2562237495630602,94.57903229076926,14.96451027168843,68.5785858795051,0.4293231473873277,6,0.13793103448275862,95.83333333333334,39.0,62.06896551724138,39.310344827586206,23.800000000000338,0.0
72,0,7,1.2457888920508342,1.251717806753556,102.27103654624605,14.352743442992464,70.72430765428044,0.42548251907892276,4,0.06896551724137931,95.83333333333334,38.0,53.793103448275865,39.310344827586206,24.800000000000352,0.0
72,0,4,1.2542019584418533,1.2492617449999557,106.54584452466682,11.208936326677158,72.79616689261783,0.40419484087817537,6,0.10344827586206896,95.83333333333334,38.0,53.793103448275865,39.310344827586206,25.200000000000358,0.0
72,0,0,1.257494321234878,1.2488548803052604,107.32215749807487,10.293812265057353,74.75334894624042,0.38444880565995976,6,0.1724137931034483,91.66666666666666,39.0,55.86206896551724,39.310344827586206,25.800000000000367,0.0
72,0,0,0.0014994049785028239,1.0816384895427522,108.51321618691742,8.704679908367071,76.30588052636973,0.2307727419938753,6,0.10344827586206896,100.0,36.0,51.724137931034484,33.10344827586207,22.60000000000032,0.0
72,0,0,0.0009160162682579053,0.8745807963470607,107.03645265599997,8.95539787681363,76.9312985481163,0.03909536564956221,6,0.034482758620689655,100.0,33.0,45.51724137931034,26.896551724137932,18.20000000000026,0.0
72,0,0,0.005783157471296774,0.667328617438642,104.96036929881751,8.443576236703908,76.71703185478829,-0.12355831614440625,6,0.0,100.0,30.0,41.37931034482759,20.689655172413794,14.000000000000199,0.0
72,0,0,0.001841892349026135,0.46067101220440543,101.80632512464597,4.4616348355817665,75.73169884210743,-0.2753653063568792,6,0.10344827586206896,100.0,26.0,41.37931034482759,12.413793103448276,9.20000000000013,0.0
72,0,0,0.0,0.25272673450809974,100.69973668087158,2.4352865328883198,74.05111943365962,-0.41373519707747897,6,0.06896551724137931,100.0,23.0,45.51724137931034,6.206896551724138,4.800000000000068,0.0
72,0,0,0.0044373442350180755,0.044109647192456254,101.579256655149,0.08250436312093078,71.71771137009387,-0.5497946402513061,6,0.034482758620689655,100.0,20.0,51.724137931034484,0.0,0.20000000000000284,0.0
72,0,0,0.004691535748346275,0.002362713132023565,101.56897218436866,0.08543092662739409,68.99999759081638,-0.527536694811374,6,0.0,100.0,17.0,51.724137931034484,0.0,0.0,0.0
72,0,0,0.0006415281434521258,0.002371168539984045,101.58115352786645,0.07796043486441057,66.44193795713508,-0.49913270182436376,6,0.0,100.0,13.0,51.724137931034484,0.0,0.0,0.0
72,0,0,0.002827738171888264,0.002137291018687467,101.57707652235608,0.09041780205205,64.01714930375081,-0.47380330477690547,6,0.0,100.0,10.0,49.6551724137931,0.0,0.0,0.0
72,0,0,0.0032659146096232976,0.0019635265251873426,101.59244484938041,0.09057819751009721,61.73266365893986,-0.44738052859863314,6,0.0,100.0,7.0,60.0,0.0,0.0,0.0
72,0,0,0.0,0.0017751643727026056,101.59480253994671,0.08831955691494839,59.58286228333363,-0.4098965063398755,6,0.0,100.0,4.0,64.13793103448276,0.0,0.0,0.0
72,0,0,0.000794323115160833,0.0015466302233147415,101.58137347567327,0.09078224896251474,57.56324916309369,-0.38796375458378685,6,0.0,100.0,0.0,53.793103448275865,0.0,0.0,0.0
72,0,0,0.0005027266855513225,0.0013090927856180023,101.57829900534405,0.0878551110891249,55.67508140837512,-0.36715904647682174,6,0.0,100.0,0.0,57.93103448275862,0.0,0.0,0.0
72,0,0,0.0025267791924005836,0.0016308382004281605,101.57990600381929,0.09539085812442036,53.883931168068656,-0.34757948195295,6,0.0,100.0,0.0,64.13793103448276,0.0,0.0,0.0
73,1,12,0.7496659375201369,0.7442240708010339,71.7856136767223,24.393994587805754,28.92663502250241,0.294187591445046,1,0.0,25.0,2.0,10.344827586206897,2.0689655172413794,0.2,0.03333333333333333
73,1,12,0.7492817953443852,0.7538038415452029,82.54882411199792,15.34610667987938,30.537366437235157,0.3240862930692103,1,0.034482758620689655,25.0,3.4285714285714284,10.344827586206897,4.137931034482759,0.2,0.03333333333333333
73,1,13,0.7393805635729449,0.75024168062106,88.88520176655554,9.39833495389579,32.04730821959981,0.3317485271332561,1,0.034482758620689655,29.166666666666668,4.5,10.344827586206897,6.206896551724138,0.0,0.0
73,1,13,0.7401941944681786,0.7475723320123157,94.90761400729392,11.80559029813505,33.71839540164282,0.34257836389480545,2,0.06896551724137931,33.33333333333333,5.333333333333333,14.482758620689655,8.275862068965518,0.0,0.0
73,1,12,0.7312298981155502,0.743431413421291,104.84964168737073,21.086586617246304,35.43622170105878,0.3373259606666566,3,0.06896551724137931,41.66666666666667,6.0,22.75862068965517,10.344827586206897,0.0,0.0
73,1,12,0.7041530150942757,0.7380035756234226,120.16046063138579,36.79409815603511,37.071930708786454,0.316256046096043,4,0.10344827586206896,54.166666666666664,6.545454545454546,28.96551724137931,10.344827586206897,0.4000000000000001,0.0
73,1,13,0.703654659947078,0.7310573093446748,144.2489732852395,55.035834005444954,38.624361994129046,0.2988734400932742,2,0.06896551724137931,62.5,7.0,28.96551724137931,10.344827586206897,1.9999999999999998,0.0
73,1,12,0.6901890437839068,0.7222670270668973,174.28853880496726,67.18040729444378,40.12046377040761,0.30008184827642714,7,0.20689655172413793,70.83333333333334,8.0,43.44827586206897,12.413793103448276,4.600000000000001,0.0
73,1,12,0.6927351749876035,0.7131298074590816,203.27643429529425,63.940232066262276,41.628080921714556,0.29968853207547386,9,0.3103448275862069,66.66666666666666,9.0,43.44827586206897,10.344827586206897,9.599999999999998,0.0
73,1,13,0.6914984286658993,0.7049108803846763,230.08114801686918,51.99105314117962,43.13416415106904,0.30094863644102027,9,0.27586206896551724,70.83333333333334,10.0,43.44827586206897,12.413793103448276,12.799999999999986,0.0
73,1,13,0.6888229548214038,0.6978981650066912,252.30572796767632,34.2654033235855,44.64026192782025,0.3055014114392447,10,0.20689655172413793,70.83333333333334,11.0,37.241379310344826,12.413793103448276,16.799999999999972,0.0
73,1,13,0.6831459105399734,0.6930868405509976,268.47921325609485,16.35633051705162,46.183454331616396,0.3047860822502624,10,0.2413793103448276,75.0,12.0,31.03448275862069,12.413793103448276,20.199999999999957,0.0
73,1,13,0.6832761041420014,0.6903036717344821,275.2883194126409,8.448206547174104,47.69512736805511,0.2929421257909618,13,0.41379310344827586,70.83333333333334,12.0,35.172413793103445,12.413793103448276,23.399999999999938,0.0
73,1,12,0.6955146599184312,0.6906098683707422,273.7933541091588,8.878593089988485,49.14463831428757,0.2795806317168759,16,0.3103448275862069,66.66666666666666,12.0,28.96551724137931,12.413793103448276,24.599999999999923,0.0
73,1,12,0.689267949350271,0.6907394769822749,273.9141872664512,8.914853092917992,50.50882838554127,0.2647095106512781,15,0.3103448275862069,66.66666666666666,13.0,28.96551724137931,12.413793103448276,23.799999999999955,0.0
73,1,11,0.6924026362210061,0.6907698869375452,272.4261658567413,9.402845758511,51.79544496146652,0.252282304027655,15,0.1724137931034483,66.66666666666666,13.0,26.896551724137932,14.482758620689655,25.000000000000032,0.0
73,1,12,0.6920079500984252,0.6912729707680977,270.839889174547,9.498920166417161,53.00284678975494,0.2317084354483592,19,0.27586206896551724,66.66666666666666,12.0,26.896551724137932,12.413793103448276,25.400000000000112,0.0
73,1,12,0.684825661602586,0.6916784693472108,270.7677970155099,9.000060871785237,54.125371776443394,0.21667636118645572,20,0.27586206896551724,70.83333333333334,12.0,26.896551724137932,12.413793103448276,25.600000000000186,0.0
73,1,11,0.6966783949157698,0.6925647309307067,268.9290242569709,8.040352556307385,55.17512396524442,0.2048112132119762,19,0.1724137931034483,62.5,13.0,24.82758620689655,14.482758620689655,25.600000000000275,0.0
73,1,12,0.6934926334544609,0.692648137332306,267.7244677854258,8.89386850697405,56.15841290139738,0.18637551665323104,24,0.3448275862068966,62.5,12.0,24.82758620689655,10.344827586206897,27.00000000000036,0.0
73,1,12,,0.6926580364455187,267.7485000904224,9.084988146997746,56.99605117782377,0.17430285629064066,23,0.20689655172413793,66.66666666666666,12.0,22.75862068965517,10.344827586206897,26.00000000000037,0.03333333333333333
73,1,11,0.6911690815661058,0.692383150881625,267.4299460690323,9.279842625388923,57.89237215177733,0.16314382006791342,23,0.20689655172413793,62.5,13.0,22.75862068965517,12.413793103448276,26.00000000000037,0.03333333333333333
73,1,11,0.6921381278651572,0.6921408231029219,267.144368703767,9.37051686593066,58.725563364765634,0.15495232685430424,26,0.3103448275862069,62.5,13.0,26.896551724137932,12.413793103448276,26.00000000000037,0.03333333333333333
73,1,11,0.686548154915517,0.6919241262222361,265.6533320000792,7.555767210073482,59.51434701832854,0.15220079320102076,25,0.1724137931034483,62.5,13.0,22.75862068965517,12.413793103448276,25.40000000000036,0.03333333333333333
73,1,11,0.6945052787823137,0.6921954224335817,264.0776395315222,7.59411572466555,60.251391105393104,0.13653885038573763,23,0.034482758620689655,62.5,13.0,20.689655172413794,12.413793103448276,25.200000000000358,0.03333333333333333
73,1,12,0.6972350560238111,0.6924111054874144,264.2352498079233,7.444524428519816,60.92744839075719,0.12380840296625793,29,0.2413793103448276,62.5,12.0,22.75862068965517,10.344827586206897,25.600000000000364,0.03333333333333333
73,1,11,0.6904934933198975,0.6926770388562141,262.7398085381105,6.540997466803174,61.44978325067973,0.11367142889717202,28,0.1724137931034483,62.5,12.0,26.896551724137932,12.413793103448276,24.800000000000352,0.03333333333333333
73,1,12,0.6916458029283069,0.6927264279884175,262.38878728904234,6.594796315058106,62.043366891174,0.1111070981211308,30,0.1724137931034483,62.5,11.0,20.689655172413794,10.344827586206897,25.40000000000036,0.03333333333333333
73,1,12,0.6970613347375303,0.6926483483458697,262.4024673367947,6.551885675470048,62.60760401553852,0.10490075780181093,31,0.2413793103448276,62.5,12.0,20.689655172413794,10.344827586206897,26.00000000000037,0.03333333333333333
73,1,12,0.6973011453721146,0.6938422366621594,260.68625753249773,2.858525268971384,63.06995766417716,0.09239335368460472,33,0.2413793103448276,62.5,12.0,24.82758620689655,10.344827586206897,25.200000000000358,0.06666666666666667
73,1,12,0.6961108426350074,0.6936194412418487,261.0958072770308,2.786950232052138,63.57068104285304,0.09160437502478903,33,0.2413793103448276,62.5,11.0,26.896551724137932,10.344827586206897,25.000000000000355,0.06666666666666667
74,1,22,0.854870805351382,0.8405078072703818,48.91312133226698,19.80840617617277,30.586197859386395,0.40762045300869676,2,0.06896551724137931,66.66666666666666,8.0,41.37931034482759,8.275862068965518,10.599999999999994,0.03333333333333333
74,1,23,0.8455373039773889,0.8591286442803562,58.813835965088856,13.515729409579626,32.50291506583975,0.4213707633967826,3,0.034482758620689655,83.33333333333334,8.571428571428571,39.310344827586206,10.344827586206897,13.199999999999985,0.0
74,1,23,0.8499968207043466,0.8558525820009003,66.99263475072159,12.280532282890368,34.63908260610192,0.42482335310501196,5,0.13793103448275862,95.83333333333334,10.5,43.44827586206897,14.482758620689655,15.79999999999997,0.0
74,1,23,0.8498750522455739,0.8531271415294805,72.86174837078794,12.559160272897836,36.620355653293224,0.4287908236231998,6,0.1724137931034483,91.66666666666666,12.0,43.44827586206897,18.620689655172413,17.399999999999956,0.03333333333333333
74,1,22,0.8430169840174524,0.8496525338308234,78.4625474781283,11.466506768766395,38.84314770883459,0.42737420223786365,11,0.3103448275862069,91.66666666666666,13.2,53.793103448275865,22.75862068965517,18.399999999999938,0.03333333333333333
74,1,22,0.8433255536490432,0.8476089312167815,83.77832416309079,9.975777363426285,40.98948071257907,0.40976090133043885,14,0.3793103448275862,91.66666666666666,14.181818181818182,57.93103448275862,22.75862068965517,19.59999999999993,0.03333333333333333
74,1,22,0.8412759917899132,0.845082502138818,90.19779116185033,9.588819138887505,43.01679059353613,0.3792083634234775,15,0.3793103448275862,95.83333333333334,15.0,57.93103448275862,22.75862068965517,22.999999999999943,0.03333333333333333
74,1,22,0.839425338988956,0.8432684478419894,94.8602141378347,8.00074350435553,44.96160371261713,0.3684216571096286,16,0.41379310344827586,91.66666666666666,17.0,53.793103448275865,22.75862068965517,24.200000000000017,0.03333333333333333
74,1,23,0.8393454152662878,0.8414161119346774,98.395339349537,7.49346277035358,46.824420247435825,0.34135017256625205,20,0.5172413793103449,95.83333333333334,18.0,51.724137931034484,20.689655172413794,23.200000000000085,0.03333333333333333
74,1,23,0.8370786737763796,0.8399176442277664,100.14294423895056,6.806020024984618,48.38836109840273,0.34472819086431605,28,0.6896551724137931,91.66666666666666,20.0,64.13793103448276,22.75862068965517,23.400000000000162,0.0
74,1,23,0.8391516324524698,0.8394046942062334,102.51391819476203,4.798225534897612,50.04832685282176,0.32730249376288467,31,0.6206896551724138,95.83333333333334,22.0,70.34482758620689,22.75862068965517,23.40000000000023,0.0
74,1,23,0.8398101032894604,0.8387005669570541,103.73401790468702,3.020867725927217,51.647157671539176,0.31672114528669276,32,0.5862068965517241,91.66666666666666,22.0,72.41379310344827,22.75862068965517,24.40000000000031,0.0
74,1,23,0.8440842235971338,0.8397151749717578,102.82812432509589,3.2294658113496224,53.15463412015823,0.2879348086955019,31,0.5517241379310345,91.66666666666666,22.0,74.48275862068965,22.75862068965517,24.200000000000344,0.0
74,1,23,0.8443661667745479,0.8407673707985798,101.80248346843733,3.748749536774607,54.54994107451293,0.2672280783483005,30,0.3793103448275862,91.66666666666666,23.0,78.62068965517241,22.75862068965517,24.400000000000347,0.0
74,1,22,0.8366006989469216,0.8409631569258065,101.37661905829916,3.54698020038177,55.856028732442155,0.24814879096284342,33,0.41379310344827586,95.83333333333334,23.0,80.6896551724138,22.75862068965517,24.00000000000034,0.0
74,1,22,0.8392878177623717,0.8409582786242349,101.65212495725868,3.6344084888589565,57.08573627413956,0.24440103478849232,32,0.13793103448275862,95.83333333333334,23.0,68.27586206896552,22.75862068965517,24.00000000000034,0.0
74,1,23,0.8367754282883818,0.8400883335144164,102.06761272350208,3.9706644696537245,58.294020527267854,0.2354362416768534,33,0.0,100.0,22.0,55.86206896551724,22.75862068965517,23.400000000000333,0.0
74,1,23,0.8398848783447561,0.8399233590712143,102.8860612587696,4.484585330187616,59.47242659909623,0.23864325803833267,33,0.034482758620689655,100.0,22.0,57.93103448275862,22.75862068965517,22.60000000000032,0.0
74,1,23,0.8327852810021148,0.8387768065298616,104.21286328791149,4.4515313685487445,60.60534359923191,0.2172735285382849,33,0.06896551724137931,100.0,22.0,60.0,22.75862068965517,22.200000000000315,0.0
74,1,23,0.8370116976220867,0.8375530855511883,105.73493309068881,3.4567143686236816,61.685358994290254,0.2134358093273456,32,0.034482758620689655,100.0,22.0,53.793103448275865,22.75862068965517,22.40000000000032,0.0
74,1,23,0.8370609231884852,0.8372733119051031,106.4423973278686,3.3466387825070996,62.684614175127585,0.1908999125226081,32,0.0,100.0,23.0,55.86206896551724,22.75862068965517,23.20000000000033,0.0
74,1,22,0.835952098264793,0.8377344992224125,106.43261098728841,3.4076409430294436,63.5873121006424,0.1708862199611344,32,0.0,95.83333333333334,23.0,62.06896551724138,22.75862068965517,24.00000000000034,0.0
74,1,22,0.8346875258068595,0.8381391784773646,106.50406006253851,3.5050706138309144,64.38698402744106,0.14840629478433967,32,0.0,95.83333333333334,23.0,66.20689655172414,22.75862068965517,23.800000000000338,0.0
74,1,22,0.8379796543956882,0.8377277517446813,107.64200889661493,3.8865677044200364,65.11317838053989,0.14181234136871906,33,0.06896551724137931,95.83333333333334,23.0,64.13793103448276,22.75862068965517,24.200000000000344,0.0
74,1,22,0.8394141640173679,0.8381456925956788,107.8760272874242,3.931188822084193,65.7946669760716,0.129392176106136,32,0.0,95.83333333333334,23.0,60.0,22.75862068965517,24.60000000000035,0.0
74,1,22,0.8371483811995762,0.8376948056393748,108.64943540668916,3.7170175138329564,66.44882314539362,0.13223019264679364,32,-0.034482758620689655,95.83333333333334,23.0,57.93103448275862,24.82758620689655,24.400000000000347,0.0
74,1,23,0.8398276057125748,0.8374521892796735,108.62493250387448,3.7789813825231535,67.10652618476244,0.13154878539243953,33,0.034482758620689655,100.0,22.0,53.793103448275865,22.75862068965517,24.400000000000347,0.0
74,1,23,0.8383730597932666,0.8373452840755442,108.39455374076368,4.09080550379376,67.78570190461785,0.14091017325424302,33,0.0,100.0,22.0,49.6551724137931,22.75862068965517,24.00000000000034,0.0
74,1,22,0.8350675571584992,0.8366172181718939,108.43522608547342,4.074663221392256,68.48644713205519,0.14177480331836645,33,0.0,100.0,23.0,57.93103448275862,22.75862068965517,24.400000000000347,0.0
74,1,22,0.8400960434392113,0.8372161289577239,107.17368008907427,3.757300415965891,69.18735470656081,0.1362478327906675,32,-0.034482758620689655,95.83333333333334,23.0,57.93103448275862,22.75862068965517,25.0000000000003,0.0
74,1,22,0.8352675810833471,0.8370933575633239,106.03370745796103,4.200606287554581,69.85096971465309,0.12634926750384706,32,-0.034482758620689655,95.83333333333334,23.0,62.06896551724138,22.75862068965517,25.200000000000017,0.0
75,1,27,1.0594579016132961,1.0238591782811497,20.79248310749692,15.030477233758306,33.43293544281287,0.5928667135618775,6,0.20689655172413793,41.66666666666667,2.0,31.03448275862069,2.0689655172413794,0.0,0.03333333333333333
75,1,28,1.0507594211043512,1.0639561941266376,29.391773296767877,18.43682539551817,36.58533734498104,0.6101509058308017,7,0.2413793103448276,50.0,3.4285714285714284,39.310344827586206,4.137931034482759,0.0,0.03333333333333333
75,1,28,,1.0607250117123987,37.497422567028885,17.47549666041863,39.41204698339082,0.5799291909378609,8,0.27586206896551724,45.83333333333333,7.5,45.51724137931034,10.344827586206897,0.0,0.06666666666666667
75,1,28,,1.058874260586265,43.09415629160407,13.770576903971099,41.02191732546893,0.46196899650424805,9,0.2413793103448276,45.83333333333333,9.333333333333334,39.310344827586206,14.482758620689655,0.0,0.23333333333333334
75,1,27,,1.0573170299122976,47.59015033518851,10.165486744121514,42.23294019110012,0.3557209702997705,7,0.1724137931034483,45.83333333333333,12.0,39.310344827586206,20.689655172413794,0.0,0.36666666666666664
75,1,28,,1.0542530119492457,52.290263183989076,7.178870892117806,43.683699322048064,0.2593941172807561,12,0.3103448275862069,50.0,13.090909090909092,49.6551724137931,22.75862068965517,0.0,0.5333333333333333
75,1,28,,1.0516390312370174,56.92451304719241,1.4093580520565394,45.11591879746114,0.16435513722931117,17,0.41379310344827586,50.0,14.0,49.6551724137931,26.896551724137932,0.0,0.7
75,1,29,,1.051876669124292,57.54913476251276,1.867938878317091,46.58275981797013,0.05909598837390339,20,0.3793103448275862,50.0,16.0,51.724137931034484,26.896551724137932,0.0,0.8666666666666667
75,1,29,,,,,,,18,0.3103448275862069,54.166666666666664,18.0,49.6551724137931,26.896551724137932,0.0,1.0
75,1,29,,,,,,,23,0.4827586206896552,50.0,21.0,60.0,28.96551724137931,0.0,1.0
75,1,30,,,,,,,23,0.4827586206896552,54.166666666666664,23.0,55.86206896551724,26.896551724137932,0.0,1.0
75,1,30,1.0520668584513462,1.0520668584513462,51.406769154985454,,65.85452374674219,,23,0.27586206896551724,54.166666666666664,24.0,47.58620689655172,26.896551724137932,0.0,0.9666666666666667
75,1,30,1.0525163726871944,1.0524022110032833,51.88949923687786,1.1361106199280295,66.59801411598325,0.052817121912096254,27,0.3448275862068966,54.166666666666664,27.0,49.6551724137931,28.96551724137931,0.0,0.8
75,1,30,1.0454646917753128,1.0508492956548783,51.48298490049277,2.203163707219078,67.30302210731274,0.10083002094305016,26,0.2413793103448276,54.166666666666664,28.0,43.44827586206897,26.896551724137932,0.0,0.6333333333333333
75,1,27,1.0542986352868182,1.0509247698116544,51.61923248301191,2.5378393146532745,67.97093369642974,0.13757305787502483,26,0.20689655172413793,54.166666666666664,28.0,43.44827586206897,28.96551724137931,0.0,0.4666666666666667
75,1,25,1.0485124640277779,1.050875158226587,52.33477589688296,2.9084149839447253,68.60785067843845,0.18307722154308104,27,0.10344827586206896,58.333333333333336,28.0,39.310344827586206,28.96551724137931,0.0,0.3
75,1,23,1.0517761025270718,1.0505741164895892,53.16816640017175,3.1630712529082823,69.20430125412035,0.2142328456693091,29,0.1724137931034483,62.5,27.0,43.44827586206897,26.896551724137932,0.0,0.13333333333333333
75,1,20,1.0491288531851402,1.0504705928404714,53.215676975479845,3.0615978721200787,69.92867460476889,0.24710874080369502,29,0.1724137931034483,58.333333333333336,28.0,41.37931034482759,28.96551724137931,0.0,0.0
75,1,18,1.0485102296436486,1.0496695427839606,52.964042937924575,3.2632105043404405,71.13046873292942,0.23715659684464283,29,0.10344827586206896,62.5,28.0,39.310344827586206,28.96551724137931,0.0,0.0
75,1,15,1.051717152581373,1.0496119398755037,53.41706816165847,3.03839910747335,72.26873894498294,0.21693540857400104,31,0.1724137931034483,58.333333333333336,29.0,41.37931034482759,28.96551724137931,0.0,0.0
75,1,13,1.053021213535285,1.0495937688650323,54.19579171035261,2.909532095234816,73.31369416503458,0.20132142004166062,31,0.20689655172413793,66.66666666666666,29.0,49.6551724137931,28.96551724137931,0.0,0.0
75,1,10,1.052585650561887,1.0496860914022943,54.18873878212635,2.8702467533826517,74.28761309967724,0.1859217456288614,29,-0.06896551724137931,62.5,29.0,39.310344827586206,31.03448275862069,0.0,0.0
75,1,7,,1.0494964402213642,54.41151214361609,3.3759937756276455,75.14232963278386,0.17125710586693127,32,0.13793103448275862,62.5,30.0,47.58620689655172,31.03448275862069,0.0,0.03333333333333333
75,1,5,1.0486932306297878,1.0490363116528436,56.19920340655402,4.99734310063275,75.9876545930297,0.17358385796954923,32,0.1724137931034483,62.5,30.0,47.58620689655172,31.03448275862069,0.0,0.06666666666666667
75,1,2,1.0380462563119954,1.0479007520759496,58.933268873346194,5.372530533063707,76.87320867868195,0.16105645420296943,32,0.10344827586206896,62.5,30.0,45.51724137931034,31.03448275862069,0.0,0.06666666666666667
75,1,0,0.00010108185679709852,1.0098279204704743,61.952551920955266,6.408048251256945,77.72222271233063,0.15472671772648847,31,0.034482758620689655,62.5,30.0,49.6551724137931,31.03448275862069,0.0,0.06666666666666667
75,1,0,0.003986921096668817,0.8225977644304859,63.808545211198876,6.058277550599835,78.1153921415049,0.0202621906493893,31,0.034482758620689655,62.5,27.0,51.724137931034484,24.82758620689655,0.0,0.06666666666666667
75,1,0,0.004394072680979819,0.6353659019019723,66.03745617191174,4.071114514653453,77.82666974811981,-0.12074335913047354,31,0.06896551724137931,62.5,25.0,51.724137931034484,18.620689655172413,0.0,0.06666666666666667
75,1,0,0.004612263291296728,0.4691948639975003,67.19346625276457,2.54670862909175,76.89307859182492,-0.2413793995735196,31,0.034482758620689655,62.5,23.0,49.6551724137931,14.482758620689655,0.0,0.03333333333333333
75,1,0,0.00017290269199039406,0.3141841532602419,67.43443024659459,2.351901838437849,75.43108030213308,-0.36163115432806153,31,0.06896551724137931,62.5,20.0,51.724137931034484,8.275862068965518,0.0,0.0
75,1,0,0.0016624645648095782,0.14094442505952426,67.65109962888707,1.9695235344758037,73.38240526399754,-0.4749567755796974,31,0.0,62.5,18.0,53.793103448275865,4.137931034482759,0.0,0.0
76,1,4,1.0515479829445076,1.024421035990349,39.98126939835736,18.493708219948818,32.671583982573885,0.5449028889701283,1,0.0,58.333333333333336,16.0,41.37931034482759,16.551724137931036,4.800000000000002,0.03333333333333333
76,1,2,1.044561182854981,1.055485050957316,49.329262004940254,15.365739992391235,35.52288617404536,0.5344828989916927,2,0.034482758620689655,62.5,17.142857142857142,39.310344827586206,20.689655172413794,7.400000000000004,0.03333333333333333
76,1,0,1.0463729653527358,1.0533671920005558,55.87927228542555,13.758864898698654,38.21397699849076,0.5059668589524636,2,0.034482758620689655,58.333333333333336,18.0,37.241379310344826,24.82758620689655,9.999999999999993,0.03333333333333333
76,1,0,1.0410351295387856,1.0501762729365636,62.91862664197048,14.127505854832323,40.730814479466794,0.47983984617802256,3,0.06896551724137931,87.5,16.0,49.6551724137931,24.82758620689655,13.799999999999974,0.03333333333333333
76,1,0,1.0263229881943425,1.0442974196578965,73.23942132686474,16.257563603698973,43.23035779504914,0.4913132634585516,7,0.2413793103448276,100.0,14.4,60.0,18.620689655172413,18.799999999999958,0.03333333333333333
76,1,0,1.02779284926346,1.0401038146764878,81.63379108172681,16.205072649239877,45.748631716059585,0.45391919948520804,9,0.27586206896551724,100.0,13.090909090909092,47.58620689655172,14.482758620689655,23.599999999999937,0.03333333333333333
76,1,1,1.0294888730262954,1.0375975135432036,86.89384644623807,16.679447473625814,47.856993068713926,0.4601370909516223,13,0.3448275862068966,100.0,12.0,47.58620689655172,8.275862068965518,25.39999999999992,0.0
76,1,3,,1.0343641367025425,92.63291471941119,14.614904013038549,49.9484157508979,0.4576275933971992,19,0.6206896551724138,100.0,12.0,55.86206896551724,2.0689655172413794,27.599999999999973,0.03333333333333333
76,1,5,1.0295301163290562,1.031107343165085,98.44035479110232,9.531815868992673,52.143668175211296,0.4761267360879641,20,0.6206896551724138,100.0,12.0,53.793103448275865,0.0,29.000000000000057,0.06666666666666667
76,1,8,1.0259541631193736,1.02838922546801,102.55225623237352,1.5732956838422947,54.682898191760465,0.4755844255715184,22,0.6551724137931034,100.0,12.0,43.44827586206897,0.0,29.000000000000146,0.06666666666666667
76,1,11,1.0288038963616286,1.0278619687529387,102.89293768378243,0.08039974219307998,57.1398391160205,0.4410210528851803,30,0.7586206896551724,100.0,10.0,45.51724137931034,0.0,29.000000000000234,0.06666666666666667
76,1,12,1.0296377988186418,1.027808666607635,102.89227114910021,0.07301947919914853,59.455843247481525,0.4205807952728838,31,0.7586206896551724,100.0,7.0,45.51724137931034,0.0,29.000000000000323,0.06666666666666667
76,1,12,1.0245960849715812,1.0276069501062017,102.91877672460707,0.07987409900373182,61.64444168319835,0.3965261021370207,33,0.6206896551724138,100.0,4.0,51.724137931034484,0.0,29.000000000000412,0.06666666666666667
76,1,12,1.025615738452523,1.0274938046896562,102.91986819375808,0.0800292736510575,63.47928396591853,0.3732135179597225,33,0.4482758620689655,100.0,2.0,49.6551724137931,0.0,29.000000000000412,0.03333333333333333
76,1,12,1.0236610008591513,1.0274460282799296,102.9223627523713,0.07295843475950395,65.13668429038277,0.351210862937367,33,0.4482758620689655,100.0,0.0,64.13793103448276,0.0,29.000000000000412,0.0
76,1,12,1.0271794677324806,1.027718205954827,102.92511591852453,0.07853798016794784,66.83140720599444,0.3299926815645676,33,0.27586206896551724,100.0,0.0,57.93103448275862,0.0,29.000000000000412,0.0
76,1,12,1.0286439919820871,1.0276814389725153,102.92527412392434,0.07912302025813815,68.43064246592873,0.31362335476188646,33,0.10344827586206896,100.0,0.0,60.0,0.0,29.000000000000412,0.0
76,1,12,1.0270646369356191,1.0273980492604875,102.92959411955981,0.07969639630100152,69.94127056300188,0.291941089127846,33,0.034482758620689655,100.0,0.0,62.06896551724138,0.0,29.000000000000412,0.0
76,1,11,1.0259962604510815,1.0275104978887246,102.71594983637365,1.1244922540489177,71.35962209752509,0.2737766724682121,32,-0.034482758620689655,95.83333333333334,1.0,47.58620689655172,2.0689655172413794,29.000000000000412,0.0
76,1,9,1.0338795262371938,1.027986743502893,101.02944635769323,4.060947741115849,72.6897293113246,0.25399588171988013,32,-0.034482758620689655,95.83333333333334,3.0,45.51724137931034,6.206896551724138,28.600000000000406,0.0
76,1,7,1.0294190985818554,1.0283849162192675,99.59445366764399,4.68891901405711,73.92040547339818,0.24019018459342212,33,0.0,100.0,5.0,43.44827586206897,10.344827586206897,28.2000000000004,0.0
76,1,4,1.0300742323930192,1.0286300908062278,98.03029115055766,5.066171277055752,75.09000000455323,0.22396000279615608,33,0.0,95.83333333333334,8.0,53.793103448275865,16.551724137931036,27.600000000000392,0.0
76,1,1,1.0288943524595855,1.0290384378216353,97.01216188259373,4.78635837767369,76.1896995024476,0.21822858658142874,30,-0.10344827586206896,95.83333333333334,11.0,43.44827586206897,22.75862068965517,27.40000000000039,0.0
76,1,0,0.001270611418085106,0.9605764049818261,97.0087895875602,4.944154556847564,77.22434300679389,0.1768121163482492,32,-0.034482758620689655,100.0,12.0,49.6551724137931,24.82758620689655,25.800000000000367,0.0
76,1,0,0.0,0.7896455922866906,97.51555822102634,5.44621396839304,77.66927756424106,0.024161845652835526,32,-0.034482758620689655,100.0,12.0,51.724137931034484,22.75862068965517,20.800000000000296,0.0
76,1,0,0.0006605136208588826,0.6397362605802237,99.30972534177569,5.421005601510586,77.53914429963774,-0.11239281065557216,32,-0.034482758620689655,100.0,12.0,49.6551724137931,18.620689655172413,16.20000000000023,0.03333333333333333
76,1,0,0.0025996647822541987,0.4624111111881822,101.09689396206623,5.125303847133397,76.61375113412473,-0.24258129255926864,32,0.0,100.0,12.0,39.310344827586206,12.413793103448276,11.600000000000165,0.03333333333333333
76,1,0,0.0,0.2851858744389931,103.01475687628655,3.5585431316520872,75.05243483267543,-0.37064217648214504,32,0.0,100.0,12.0,39.310344827586206,8.275862068965518,7.200000000000102,0.03333333333333333
76,1,0,0.0030307524778046577,0.1080811612729144,104.37760574983089,1.4512706040154537,72.88675440673445,-0.48857421211012503,32,0.034482758620689655,100.0,12.0,43.44827586206897,2.0689655172413794,2.400000000000034,0.03333333333333333
76,1,0,0.001307868285704383,0.002080307957648865,104.68327798357788,0.08515474133665726,70.1383264465984,-0.5488936065332467,32,0.0,100.0,12.0,43.44827586206897,0.0,0.0,0.03333333333333333
76,1,0,0.0006385959344784702,0.0021359999849461203,104.67475037120786,0.08515020248033235,67.41278576210196,-0.506168876226507,32,0.0,100.0,11.0,43.44827586206897,0.0,0.0,0.03333333333333333
77,1,13,0.9138557428092602,0.8990937964318031,39.01049141706472,23.138255836584943,32.0893957854647,0.51617648358264,14,0.4827586206896552,62.5,2.0,57.93103448275862,2.0689655172413794,0.0,0.0
77,1,13,0.9050106567752363,0.9243538479461224,50.313766907705386,20.15950085242425,34.80641649934305,0.5574710602715217,11,0.27586206896551724,70.83333333333334,3.4285714285714284,47.58620689655172,4.137931034482759,0.0,0.0
77,1,13,0.9067915597689388,0.9187079988340978,59.550656379935965,15.182217131510836,37.658972624628035,0.582743780714104,11,0.2413793103448276,75.0,4.5,41.37931034482759,6.206896551724138,1.2,0.0
77,1,12,0.8977720572813994,0.9130598557612312,67.97316031063649,12.73793261690745,40.61759908003774,0.602512082854969,15,0.3448275862068966,79.16666666666666,6.666666666666667,47.58620689655172,10.344827586206897,5.200000000000002,0.0
77,1,12,0.9016869355596161,0.907945011145036,75.89269583865924,10.99564445157511,43.70079179486445,0.6295146457725731,18,0.4827586206896552,87.5,7.2,55.86206896551724,12.413793103448276,9.799999999999997,0.0
77,1,12,0.897525921702926,0.9036324840055717,82.56340385813367,12.469022979420897,46.85426932723713,0.6332161084791831,20,0.27586206896551724,95.83333333333334,7.636363636363637,45.51724137931034,14.482758620689655,14.199999999999982,0.0
77,1,12,0.9010271052881613,0.900998953203159,87.60516477958811,12.392631441348424,49.73930514067941,0.6131338907343163,26,0.4482758620689655,95.83333333333334,8.0,51.724137931034484,14.482758620689655,18.599999999999966,0.03333333333333333
77,1,13,0.8946443612706404,0.8989404766198671,92.14848227656613,10.954835331325944,52.82073887683317,0.5801181072745154,32,0.7241379310344828,95.83333333333334,9.0,68.27586206896552,14.482758620689655,22.99999999999995,0.03333333333333333
77,1,12,0.894153975616169,0.8975172907033886,97.28638463362681,7.189466116167766,55.72336799479201,0.542076329118888,32,0.6896551724137931,100.0,10.0,70.34482758620689,12.413793103448276,26.199999999999932,0.03333333333333333
77,1,11,0.8972286222424571,0.8966918963448789,100.08518369875353,4.560185182114894,58.427202489407314,0.4984634867055271,33,0.6206896551724138,100.0,11.0,66.20689655172414,12.413793103448276,26.599999999999923,0.03333333333333333
77,1,10,0.8993606331871188,0.8961266837787559,101.16212160889734,3.0208600851970133,60.895505227584934,0.4542888356507715,33,0.4827586206896552,95.83333333333334,12.0,62.06896551724138,12.413793103448276,26.8,0.03333333333333333
77,1,9,0.9013902365763684,0.8967494658394616,100.52537464378071,2.713905431657933,63.12681996850416,0.39063274047338237,33,0.3793103448275862,95.83333333333334,13.0,57.93103448275862,12.413793103448276,27.00000000000008,0.03333333333333333
77,1,8,0.8967994691417421,0.8965754064212408,100.01147360402337,2.587477336947986,64.86949657955245,0.3824544636645422,33,0.2413793103448276,95.83333333333334,13.0,57.93103448275862,12.413793103448276,27.200000000000163,0.0
77,1,7,0.8978146133642282,0.8967885695512455,99.45258570386952,2.9333936236397538,66.6762013341111,0.34281996138344817,33,0.0,91.66666666666666,13.0,47.58620689655172,12.413793103448276,27.80000000000025,0.0
77,1,6,0.8960175489436223,0.8977246542103233,98.5257432427807,2.4210916532187934,68.34844249750044,0.31484854037919663,33,0.034482758620689655,91.66666666666666,13.0,53.793103448275865,12.413793103448276,27.400000000000333,0.0
77,1,5,0.8972995994739751,0.8980375627598424,98.88818112018127,3.5783135564455546,69.89783326860619,0.29452869776450147,32,-0.034482758620689655,100.0,12.0,51.724137931034484,12.413793103448276,26.600000000000378,0.0
77,1,4,0.8912855352960585,0.8978700368397616,100.59478760935083,5.8320875570681,71.2701835891554,0.297961838744925,33,0.0,100.0,12.0,51.724137931034484,12.413793103448276,26.600000000000378,0.03333333333333333
77,1,3,0.8909470916993248,0.8968759218169949,103.21504170076702,7.440262712392696,72.76996497550172,0.2873979283902902,32,-0.034482758620689655,100.0,12.0,47.58620689655172,12.413793103448276,27.000000000000384,0.03333333333333333
77,1,2,0.8898146170192639,0.8961417905447552,105.44813378815796,7.627673593274844,74.25619921765352,0.28435891660075285,33,0.0,95.83333333333334,12.0,39.310344827586206,10.344827586206897,27.40000000000039,0.03333333333333333
77,1,0,0.8933624709349018,0.8951837050977987,107.44596577130184,6.413863136926202,75.74540553149323,0.2884148728282887,31,-0.034482758620689655,91.66666666666666,13.0,47.58620689655172,12.413793103448276,27.000000000000384,0.03333333333333333
77,1,0,0.0030446338181915234,0.7400702437068222,108.23989488388952,5.2248530009565926,76.82528130722581,0.14274801103236515,32,0.0,91.66666666666666,12.0,45.51724137931034,10.344827586206897,22.40000000000032,0.03333333333333333
77,1,0,0.004499162976148416,0.5858164075160226,108.0092209369945,4.89248380532277,77.14238242544373,-0.009924086970806715,32,0.034482758620689655,91.66666666666666,11.0,47.58620689655172,8.275862068965518,18.20000000000026,0.03333333333333333
77,1,0,,0.4628438892026871,106.68859244269254,4.925273547603695,76.81907562840824,-0.13798426622232712,32,0.0,91.66666666666666,10.0,43.44827586206897,6.206896551724138,13.40000000000019,0.03333333333333333
77,1,0,0.0012546939045841525,0.30914006405852124,104.79773007551225,3.917853666813045,75.6532814558848,-0.2995851331389523,32,0.034482758620689655,91.66666666666666,9.0,43.44827586206897,4.137931034482759,8.40000000000012,0.03333333333333333
77,1,0,0.004837226345184903,0.1557562900523373,103.21481751247418,2.4684068045109653,73.78689308435702,-0.4395983846725196,32,0.0,91.66666666666666,8.0,45.51724137931034,2.0689655172413794,3.800000000000054,0.03333333333333333
77,1,0,0.0033349277156055845,0.002441985038875498,102.28211706042906,0.06669635988326085,71.45698109387973,-0.552623251883947,32,0.0,91.66666666666666,7.0,41.37931034482759,0.0,0.0,0.06666666666666667
77,1,0,0.0,0.0023263712086619803,102.28483333508136,0.0703396708122735,68.57304286192176,-0.5226938790187544,32,0.0,91.66666666666666,6.0,39.310344827586206,0.0,0.0,0.06666666666666667
77,1,0,0.0012430046281599206,0.0022532269707179063,102.28160091915879,0.07096184370068823,65.85511471935312,-0.4979478094552094,32,0.0,91.66666666666666,5.0,43.44827586206897,0.0,0.0,0.06666666666666667
77,1,0,0.0,0.0019589600276324103,102.27935998389108,0.06657302390089699,63.57353684601715,-0.4643143398023431,32,0.0,91.66666666666666,4.0,45.51724137931034,0.0,0.0,0.03333333333333333
77,1,0,0.0011247849753653397,0.0017960948510332767,102.2777739188672,0.07322600809141482,61.24533280653706,-0.4406561809025289,32,0.0,91.66666666666666,3.0,53.793103448275865,0.0,0.0,0.03333333333333333
77,1,0,0.003363206266073756,0.0017451277964660923,102.28843760557298,0.07034461801372445,59.0465420069737,-0.3958612501994447,32,0.0,91.66666666666666,2.0,57.93103448275862,0.0,0.0,0.03333333333333333
78,0,14,0.4802045316502253,0.4776960451059788,22.04949146326949,10.998234352843053,26.978320817207486,0.12586783187240502,0,0.0,33.33333333333333,0.0,14.482758620689655,0.0,0.8,0.0
78,0,14,0.4766031747087414,0.4805667083535285,27.29654848223908,10.182406457175318,27.63944955913219,0.12893282251146318,1,0.034482758620689655,37.5,1.7142857142857142,16.551724137931036,2.0689655172413794,1.7999999999999998,0.0
78,0,15,0.4786358308399968,0.4797570188944766,30.959067422116224,7.368381633459169,28.273797395884824,0.12388007180067999,0,-0.034482758620689655,33.33333333333333,3.0,12.413793103448276,4.137931034482759,1.7999999999999998,0.0
78,0,15,0.4785653622837107,0.47934186491062786,33.09509180366196,4.148097349714015,28.833169548538965,0.11723173548227402,1,0.034482758620689655,29.166666666666668,4.0,8.275862068965518,6.206896551724138,1.7999999999999998,0.03333333333333333
78,0,15,0.4801820288080696,0.47930345184197515,32.996453807902824,4.067450348135784,29.415526388938364,0.10564902745046688,1,0.0,29.166666666666668,6.0,10.344827586206897,10.344827586206897,1.5999999999999999,0.03333333333333333
78,1,15,,0.4794056841648617,32.21273376566276,4.7254465476203,29.904630216463914,0.09946281555287437,3,0.06896551724137931,29.166666666666668,7.636363636363637,18.620689655172413,14.482758620689655,1.9999999999999998,0.06666666666666667
78,1,15,0.4794338636080506,0.4798345856711733,32.36417566457765,5.280428875072882,30.386733796525686,0.08680712791766597,3,0.06896551724137931,37.5,8.0,22.75862068965517,16.551724137931036,1.3999999999999997,0.1
78,1,16,0.4810047448748647,0.47957204778956963,33.32169286032942,6.6272446177565305,30.877378373385973,0.08473917214075694,1,-0.034482758620689655,41.66666666666667,9.0,18.620689655172413,16.551724137931036,0.3999999999999999,0.1
78,1,17,0.48070679147529843,0.47875688126607097,34.81412583046998,7.301765634577552,31.35152556385364,0.08428442893021756,0,0.0,41.66666666666667,10.0,20.689655172413794,16.551724137931036,0.3999999999999999,0.1
78,1,19,0.4760895396063037,0.47808184769299933,37.45036576363514,7.945568363095363,31.778950975053345,0.09176768313723692,1,0.034482758620689655,45.83333333333333,10.0,22.75862068965517,12.413793103448276,2.8000000000000016,0.06666666666666667
78,1,19,0.4808053410380045,0.4775060982938835,41.18337999306145,7.361023192399882,32.23143146207836,0.0806828606080126,2,0.034482758620689655,50.0,11.0,26.896551724137932,12.413793103448276,5.200000000000005,0.06666666666666667
78,1,20,0.4735941038831337,0.476942098127656,44.71904612245644,5.177628610154295,32.626971926806156,0.0802163376986795,3,-0.034482758620689655,58.333333333333336,12.0,22.75862068965517,10.344827586206897,7.599999999999998,0.03333333333333333
78,1,19,0.4781263743925819,0.4764531551745476,47.33552372696614,4.614944443666505,32.986700790074984,0.07772782281047463,1,-0.034482758620689655,62.5,14.0,22.75862068965517,12.413793103448276,8.399999999999995,0.0
78,1,20,0.4816117514314881,0.47650484939907295,47.75342971107904,4.609967278954979,33.329218076366175,0.0748231614267599,2,0.034482758620689655,62.5,14.0,22.75862068965517,12.413793103448276,8.399999999999995,0.03333333333333333
78,1,20,0.47091688857031083,0.4763572691502445,49.04639628136104,3.591233791625022,33.6798943498056,0.061085483041341704,4,0.13793103448275862,66.66666666666666,15.0,31.03448275862069,14.482758620689655,9.199999999999992,0.03333333333333333
78,1,20,0.4745530904280823,0.47624819456311646,50.64586269187534,4.111223778488172,33.99840537639776,0.06305030162773552,5,0.13793103448275862,75.0,15.0,37.241379310344826,16.551724137931036,9.79999999999998,0.03333333333333333
78,1,20,0.47147662678188135,0.4752772155491867,54.02926807166683,7.879068527601966,34.292502821909856,0.053154701152470514,7,0.1724137931034483,79.16666666666666,15.0,37.241379310344826,18.620689655172413,10.599999999999962,0.03333333333333333
78,1,20,0.47053730960102347,0.4740845672785619,58.52951940870004,11.457140264720318,34.57592248542925,0.05320834334261338,7,0.10344827586206896,83.33333333333334,15.0,37.241379310344826,20.689655172413794,12.599999999999955,0.03333333333333333
78,1,20,0.4605893665670577,0.47173513055841065,63.95970005734986,14.917776749422405,34.881496901619066,0.06650718912559189,8,0.2413793103448276,91.66666666666666,15.0,41.37931034482759,18.620689655172413,15.799999999999944,0.03333333333333333
78,1,20,0.46011245735692397,0.4693777787099727,70.82851730944864,15.713238437254796,35.19617344309194,0.06757003032390611,8,0.2413793103448276,91.66666666666666,16.0,43.44827586206897,20.689655172413794,19.79999999999993,0.0
78,1,19,0.45990215737989953,0.4671111881134774,78.31338428319835,14.097875318718632,35.57445832487547,0.0743726260023642,10,0.1724137931034483,91.66666666666666,17.0,39.310344827586206,20.689655172413794,22.199999999999964,0.0
78,1,19,0.4586913167023237,0.4650055459684562,84.78029819695331,10.260394038504801,35.92485100554884,0.07799525111838349,7,0.13793103448275862,91.66666666666666,19.0,37.241379310344826,20.689655172413794,23.400000000000038,0.03333333333333333
78,1,20,0.45930534763221487,0.46336101861027507,91.32082229798631,9.606876417142942,36.35089254424816,0.0835940003906198,9,0.10344827586206896,95.83333333333334,19.0,31.03448275862069,20.689655172413794,24.60000000000012,0.03333333333333333
78,1,19,0.4621871533554028,0.4620000362123186,95.96395165621367,7.717876182707979,36.796092942485345,0.08116554170878634,7,0.034482758620689655,91.66666666666666,20.0,24.82758620689655,20.689655172413794,25.200000000000202,0.03333333333333333
78,1,20,0.4575763321797513,0.46180923287290154,99.55199445731157,6.529451320363577,37.22229237787846,0.08111591623958346,9,0.10344827586206896,95.83333333333334,19.0,24.82758620689655,18.620689655172413,25.400000000000265,0.03333333333333333
78,1,20,0.460107346958351,0.46191000032343105,101.65639799732261,5.377948847091569,37.59776371399777,0.06674262599192203,10,0.13793103448275862,91.66666666666666,20.0,24.82758620689655,18.620689655172413,24.20000000000033,0.03333333333333333
78,1,19,0.46511033759073867,0.46211132404646055,102.7596307817403,4.355612340872708,37.91542402037952,0.06545872781903458,11,0.10344827586206896,91.66666666666666,20.0,22.75862068965517,20.689655172413794,24.400000000000347,0.06666666666666667
78,1,20,0.4629192085422926,0.4623765584733258,102.8392106862244,4.123788948164571,38.2082917300016,0.06105705776181652,13,0.13793103448275862,95.83333333333334,20.0,28.96551724137931,18.620689655172413,24.400000000000347,0.03333333333333333
78,1,19,0.4617882233762783,0.4628193372681009,100.78248700192783,4.9762109926851625,38.50773216733093,0.04781001200179506,13,0.20689655172413793,91.66666666666666,20.0,28.96551724137931,18.620689655172413,24.400000000000347,0.03333333333333333
78,1,19,,0.4631199640456413,99.0465531956622,5.596688351256844,38.760650849410226,0.04936660821332399,15,0.27586206896551724,87.5,20.0,35.172413793103445,20.689655172413794,25.200000000000358,0.06666666666666667
78,1,19,0.46471183930231535,0.4636656502768967,95.9581882317299,5.806096944688504,39.0511973411576,0.05372827997598898,15,0.20689655172413793,91.66666666666666,20.0,28.96551724137931,18.620689655172413,25.000000000000355,0.06666666666666667
79,1,25,0.561815322561691,0.5646086207075474,36.921015111849364,19.88906267726253,27.274866554727904,0.14768207877183534,1,0.034482758620689655,58.333333333333336,2.0,31.03448275862069,2.0689655172413794,6.200000000000003,0.0
79,1,25,0.5650331033102267,0.5680390468431036,47.09966018449351,15.983155880685262,27.992438278633607,0.14268449474432338,2,0.06896551724137931,62.5,5.142857142857143,33.10344827586207,6.206896551724138,7.800000000000004,0.0
79,1,25,0.5574940200677577,0.565436204153153,55.10919151894821,11.610521890298763,28.70249207997371,0.1350953861672611,2,0.06896551724137931,70.83333333333334,7.5,35.172413793103445,10.344827586206897,7.400000000000004,0.0
79,1,25,0.5599825577381508,0.5639353277185282,60.38561460913017,8.5844980464332,29.36868427669197,0.12247848647324243,2,0.034482758620689655,70.83333333333334,9.333333333333334,28.96551724137931,14.482758620689655,6.800000000000001,0.0
79,1,25,0.56286392062147,0.5627191177815134,63.783761540366484,6.965696975981278,29.979201020219975,0.11996795692963612,3,0.034482758620689655,70.83333333333334,10.8,31.03448275862069,18.620689655172413,7.399999999999995,0.0
79,1,25,0.560526102448455,0.5614277458450521,67.20229581461595,4.282964345614123,30.510363839532857,0.11319943947923493,2,-0.034482758620689655,75.0,12.0,28.96551724137931,22.75862068965517,6.7999999999999865,0.03333333333333333
79,1,25,0.5603546613880547,0.5613604012513591,69.1467687043148,3.2041270918417055,31.06305600589814,0.10869001879014034,3,0.0,75.0,13.0,31.03448275862069,24.82758620689655,9.199999999999974,0.03333333333333333
79,1,24,0.5603425414411561,0.5609508080985752,71.18603164812534,3.8390332053899057,31.597392148888638,0.10239518500136975,1,-0.034482758620689655,75.0,16.0,28.96551724137931,26.896551724137932,10.199999999999964,0.03333333333333333
79,1,23,0.5623837469946179,0.5609766387939329,72.41857562403383,4.033373457131671,32.077820219376115,0.08328590352166826,2,0.034482758620689655,79.16666666666666,18.0,31.03448275862069,26.896551724137932,13.199999999999953,0.03333333333333333
79,1,24,0.564679841854919,0.5609911439308233,72.83240180976402,3.8705699535618368,32.516538962359114,0.07800712337934405,2,-0.034482758620689655,70.83333333333334,20.0,24.82758620689655,26.896551724137932,15.199999999999946,0.03333333333333333
79,1,25,0.5589122062840066,0.5608802771277096,73.21041665786109,3.559915938167415,32.93407520266092,0.07848199696307928,3,0.034482758620689655,79.16666666666666,21.0,24.82758620689655,22.75862068965517,17.799999999999937,0.03333333333333333
79,1,24,0.5573680261479518,0.5611911185191847,73.65618472002608,3.696149126687327,33.28367800224455,0.07525807392990472,2,0.0,83.33333333333334,24.0,31.03448275862069,24.82758620689655,19.799999999999937,0.0
79,1,24,0.5540051494311526,0.5601191599889525,75.63218179304305,5.520705427459597,33.68290467135934,0.0784393848236239,1,-0.034482758620689655,87.5,25.0,31.03448275862069,24.82758620689655,19.599999999999998,0.0
79,1,24,0.5520904482097014,0.5587745228187665,80.06713372866642,12.363840087250566,34.09703950278608,0.08393878175001489,4,0.10344827586206896,95.83333333333334,25.0,39.310344827586206,24.82758620689655,20.000000000000046,0.0
79,1,24,0.5488943984361562,0.5569499979670369,85.73825843838922,16.481748495820383,34.5391689026428,0.09231767567802923,2,-0.034482758620689655,95.83333333333334,25.0,33.10344827586207,24.82758620689655,20.60000000000011,0.0
79,1,24,0.5495597841535789,0.5551141792609771,93.08238019182136,17.85200591096476,35.00428937224452,0.09568123634141106,3,0.0,95.83333333333334,25.0,35.172413793103445,24.82758620689655,21.000000000000178,0.0
79,1,24,0.5483462478412072,0.5528265155478091,100.51261564908778,16.23888702085128,35.486285151675006,0.09046017890444935,3,0.0,95.83333333333334,25.0,33.10344827586207,24.82758620689655,20.40000000000025,0.0
79,1,24,0.5459026974834899,0.5502663060324671,108.37328732870564,13.153248625553532,35.97822323955045,0.09734155659524131,7,0.20689655172413793,95.83333333333334,25.0,41.37931034482759,24.82758620689655,20.800000000000296,0.0
79,1,24,0.5467880327230094,0.5484918529990285,114.69635540169601,7.18383365651434,36.462493114019026,0.09211098067668669,6,0.10344827586206896,95.83333333333334,25.0,33.10344827586207,24.82758620689655,21.2000000000003,0.0
79,1,24,0.5477938099382665,0.5480504930127684,117.4981359206443,5.43261231537384,36.92089265711879,0.08763685822745687,5,0.06896551724137931,95.83333333333334,24.0,26.896551724137932,24.82758620689655,22.800000000000324,0.0
79,1,25,0.5528975056040154,0.5483203928312238,119.2223331894572,3.920894183269277,37.34992570936668,0.08192772672327846,8,0.20689655172413793,100.0,23.0,35.172413793103445,22.75862068965517,23.000000000000327,0.0
79,1,24,0.5506844653552525,0.5485843466064179,119.47440205284539,3.387351110574071,37.73557152896718,0.07094982150707733,10,0.20689655172413793,95.83333333333334,24.0,37.241379310344826,24.82758620689655,23.20000000000033,0.0
79,1,24,0.5526596120495656,0.5489182903697686,119.1537144757191,3.994371183244976,38.06835992180661,0.060990270514728426,12,0.2413793103448276,91.66666666666666,25.0,39.310344827586206,24.82758620689655,23.600000000000335,0.0
79,1,24,0.5504666111342399,0.5497869436568695,116.48323370328018,5.756526417683164,38.36499185639048,0.060455321029724854,13,0.1724137931034483,95.83333333333334,24.0,37.241379310344826,24.82758620689655,23.400000000000333,0.0
79,1,24,0.5535442321126811,0.5509451088934184,114.30664088542817,5.99699341060721,38.616500981622764,0.045443233721630935,12,0.20689655172413793,95.83333333333334,24.0,37.241379310344826,24.82758620689655,23.800000000000338,0.0
79,1,24,0.5511566921397427,0.5512660480279632,112.13369482875038,5.617029065385438,38.846553920171395,0.04407331540297013,12,0.20689655172413793,95.83333333333334,24.0,37.241379310344826,24.82758620689655,23.20000000000033,0.0
79,1,24,0.5535549565544392,0.5516653934586765,109.46229071660518,5.144487698738615,39.05268432295113,0.04129755007306175,12,0.06896551724137931,95.83333333333334,24.0,28.96551724137931,24.82758620689655,23.20000000000033,0.0
79,1,24,0.5545132852479693,0.5519787004553399,106.68125951440533,5.630557969360154,39.234295411315664,0.043597934135172815,13,0.034482758620689655,95.83333333333334,24.0,28.96551724137931,24.82758620689655,22.60000000000032,0.03333333333333333
79,1,25,0.5467500268403195,0.552215378321496,104.25409468960041,4.947020792473981,39.455464839874125,0.0421146853029692,15,0.10344827586206896,95.83333333333334,24.0,31.03448275862069,24.82758620689655,23.20000000000033,0.03333333333333333
79,1,25,0.5538593450320076,0.5525479695372951,103.32750366728801,4.935667573658615,39.681747433835035,0.049707149250030294,13,0.0,95.83333333333334,24.0,24.82758620689655,24.82758620689655,23.800000000000338,0.03333333333333333
79,1,25,0.5532994492259317,0.5525142338462521,101.94630792706737,4.247638397942256,39.905143785796504,0.04706369271922004,13,0.0,91.66666666666666,24.0,22.75862068965517,24.82758620689655,23.800000000000338,0.03333333333333333
80,1,12,0.6326778476687566,0.6499401553805649,55.88378159994916,51.579770597512315,29.80161102378831,0.34321622237605,1,0.034482758620689655,37.5,0.0,18.620689655172413,0.0,0.0,0.0
80,1,12,0.6411416831828235,0.6560194074558049,79.2105819954884,52.795245418050186,31.667711140875795,0.39089887069306317,1,0.034482758620689655,33.33333333333333,1.7142857142857142,16.551724137931036,2.0689655172413794,2.8000000000000003,0.0
80,1,13,0.6337885620730416,0.649434539697769,101.38533680952348,51.315433544263755,33.469986546582646,0.41172621705803264,2,0.06896551724137931,45.83333333333333,1.5,20.689655172413794,2.0689655172413794,6.400000000000003,0.03333333333333333
80,1,13,0.6311336616910962,0.6440108654189999,129.9097165306244,49.84839469206203,35.55572647829048,0.395333419639345,2,0.06896551724137931,54.166666666666664,2.6666666666666665,26.896551724137932,4.137931034482759,10.999999999999993,0.03333333333333333
80,1,13,0.6139820567400105,0.6351793309069258,161.0582426330771,42.21602060585078,37.66061457746398,0.41756880766663745,3,0.06896551724137931,58.333333333333336,3.6,24.82758620689655,6.206896551724138,15.999999999999975,0.03333333333333333
80,1,13,0.60116414499128,0.6269318028686778,184.57971354528163,43.5574979928105,39.919459745719855,0.45632186394215757,3,0.034482758620689655,62.5,4.363636363636363,20.689655172413794,8.275862068965518,20.39999999999996,0.03333333333333333
80,1,13,0.6166965478221169,0.6211800894846727,201.16251473461563,40.19786969720817,42.35119313190689,0.4713054310554275,3,0.10344827586206896,58.333333333333336,5.0,20.689655172413794,10.344827586206897,24.799999999999944,0.03333333333333333
80,1,14,0.6099130093374241,0.6176703834713309,214.01408423607796,28.57688930191326,44.77763195944186,0.4593533976961734,3,0.06896551724137931,58.333333333333336,6.0,20.689655172413794,10.344827586206897,25.799999999999926,0.03333333333333333
80,1,14,0.6100681922453696,0.6147743818522535,220.97775134314398,18.03025794026616,46.910417112370524,0.47182348568730104,2,0.034482758620689655,58.333333333333336,7.0,16.551724137931036,10.344827586206897,26.199999999999932,0.0
80,1,14,0.6023772067583449,0.6100716320863583,225.63107509330405,13.114764937275487,49.326825415478794,0.49344854406795724,2,0.0,62.5,8.0,14.482758620689655,12.413793103448276,26.200000000000014,0.0
80,1,14,0.5997716834758301,0.6084634740127512,228.93474506911917,16.164678896784004,51.76151119792458,0.47698756222135086,3,0.034482758620689655,66.66666666666666,9.0,14.482758620689655,12.413793103448276,25.800000000000097,0.0
80,1,13,0.6000703309680507,0.6083066063584156,228.94237886289397,16.583081953431318,53.908212633592925,0.45634815827437974,2,-0.034482758620689655,62.5,11.0,14.482758620689655,14.482758620689655,26.000000000000178,0.03333333333333333
80,1,14,0.6055772672458076,0.6074096371977885,234.19396047100952,21.453790963135592,56.17318811773659,0.4221932899870473,1,-0.06896551724137931,62.5,12.0,16.551724137931036,14.482758620689655,26.20000000000026,0.03333333333333333
80,1,14,0.6007968050550793,0.6051017159986739,242.2468085252374,22.073277888911573,58.16081619930507,0.4048722355679271,3,0.0,66.66666666666666,12.0,20.689655172413794,14.482758620689655,26.200000000000337,0.06666666666666667
80,1,14,0.5960816574474044,0.6026963663709808,253.05132055228881,19.515069370910645,60.26154187828167,0.3770885971156789,6,0.13793103448275862,66.66666666666666,13.0,24.82758620689655,14.482758620689655,26.200000000000372,0.06666666666666667
80,1,14,0.6018218443530009,0.6011647102556549,262.5050738429341,14.745289056099868,62.211232753785126,0.3511575315544493,5,0.1724137931034483,70.83333333333334,13.0,22.75862068965517,12.413793103448276,26.400000000000375,0.06666666666666667
80,1,14,0.6011191967800789,0.5998532076734574,267.6758121858283,11.825312696479921,64.04945539823866,0.33056853562005467,7,0.20689655172413793,66.66666666666666,13.0,22.75862068965517,12.413793103448276,26.600000000000378,0.06666666666666667
80,1,13,0.592795445663394,0.5991290402142024,270.87543538841294,8.58265826084155,65.56239366758415,0.31459408428314606,6,0.10344827586206896,66.66666666666666,13.0,20.689655172413794,12.413793103448276,26.200000000000372,0.03333333333333333
80,1,12,0.5945742254108106,0.5983054969678301,273.21194686814914,6.928180385345662,67.162757122743,0.29919285233219717,5,0.10344827586206896,66.66666666666666,13.0,18.620689655172413,12.413793103448276,26.00000000000037,0.03333333333333333
80,1,10,0.5999274049329372,0.5987923561029102,272.89829706878197,6.349605312313486,68.35353597093425,0.27359984938921794,4,-0.034482758620689655,62.5,14.0,12.413793103448276,14.482758620689655,26.200000000000372,0.03333333333333333
80,1,9,0.602148373738529,0.599629326965984,271.37303992803476,7.054244368545927,69.73773853147667,0.26258504786172643,3,-0.10344827586206896,62.5,14.0,8.275862068965518,14.482758620689655,26.400000000000375,0.03333333333333333
80,1,8,0.6010796587568635,0.5994128324875055,270.84229054621966,7.274021173694772,71.05532205797873,0.24253106138694674,4,-0.06896551724137931,62.5,14.0,6.206896551724138,14.482758620689655,26.80000000000038,0.03333333333333333
80,1,7,0.5980329997979802,0.599671178822802,269.78164915311044,6.057099459543632,72.17404255070689,0.22369407647107517,4,-0.10344827586206896,62.5,14.0,6.206896551724138,14.482758620689655,26.600000000000378,0.06666666666666667
80,1,6,0.6037128844716104,0.6005585540486243,268.89955231092864,6.10266749131282,73.32756440942335,0.20718993674429315,4,0.034482758620689655,62.5,13.0,8.275862068965518,12.413793103448276,27.000000000000384,0.06666666666666667
80,0,4,0.6035143719198156,0.6011569360237482,266.96226655264525,5.909833108045926,74.39021948335213,0.1808320879919959,1,-0.10344827586206896,58.333333333333336,14.0,8.275862068965518,14.482758620689655,26.200000000000372,0.06666666666666667
80,0,3,0.6009821259813677,0.6008813987999148,266.23759678443736,7.155384161499505,75.25955185023525,0.18448983173275454,3,-0.06896551724137931,58.333333333333336,14.0,8.275862068965518,14.482758620689655,26.200000000000372,0.03333333333333333
80,0,2,0.6002915384221097,0.6002572835656963,266.1685057434305,7.451640065458867,76.02655556703861,0.1714577587371514,4,0.0,62.5,14.0,12.413793103448276,14.482758620689655,26.00000000000037,0.1
80,0,1,0.6018894370340852,0.6010092996488103,264.15603431267255,5.6342719593260435,76.9644478201243,0.16933312256908306,5,0.034482758620689655,62.5,14.0,16.551724137931036,14.482758620689655,25.40000000000036,0.1
80,0,0,0.0015260483977298657,0.579162682451856,263.34809529375934,5.445464575223938,77.68702115224318,0.16018339869830614,8,0.27586206896551724,62.5,14.0,22.75862068965517,12.413793103448276,25.40000000000036,0.1
80,0,0,0.0019155345361854235,0.4678646306749529,262.6339778566032,5.290933818459202,78.13374589725329,0.01851384670297454,8,0.2413793103448276,62.5,13.0,20.689655172413794,10.344827586206897,21.0000000000003,0.1
80,0,0,0.002366829143405681,0.35714655171519843,261.91589080891,3.6487793247277485,77.83655446039083,-0.118533372395012,8,0.1724137931034483,62.5,12.0,24.82758620689655,8.275862068965518,16.600000000000236,0.1
81,1,20,0.8613430679520252,0.853015854648429,50.81441412163077,23.553975930600977,30.06932817418689,0.332269571588219,3,0.10344827586206896,70.83333333333334,8.0,41.37931034482759,8.275862068965518,10.799999999999994,0.03333333333333333
81,1,18,0.8629747891064822,0.8697592299481635,61.425261262112535,17.06810855426582,31.82360315810199,0.36655273854194304,2,0.034482758620689655,70.83333333333334,10.285714285714286,33.10344827586207,12.413793103448276,14.79999999999998,0.03333333333333333
81,1,16,0.864169079598407,0.8673270301876879,67.72931200887027,13.852166414000976,33.696668362972474,0.48306336181324394,3,0.06896551724137931,75.0,12.0,35.172413793103445,16.551724137931036,17.799999999999965,0.03333333333333333
81,1,15,0.8506858018480252,0.8644045122467071,74.28363862840355,11.52756210906704,36.24813807664201,0.6121946145511015,3,0.034482758620689655,91.66666666666666,12.0,41.37931034482759,18.620689655172413,20.799999999999947,0.06666666666666667
81,1,13,0.8521930646219223,0.8613701096772243,81.84977039674672,10.196137176785225,39.773825128705475,0.7108148322516699,5,0.10344827586206896,91.66666666666666,13.2,45.51724137931034,20.689655172413794,23.999999999999932,0.06666666666666667
81,1,12,0.8493657387569736,0.8583726461992717,87.2863299765986,10.935833469988987,43.7748642572686,0.7949366241144586,10,0.3103448275862069,95.83333333333334,13.090909090909092,47.58620689655172,18.620689655172413,23.999999999999915,0.06666666666666667
81,1,10,0.849357366951419,0.856705011078757,91.54985967585519,11.993324302911395,48.22729680300768,0.8874980888480964,11,0.3103448275862069,95.83333333333334,14.0,49.6551724137931,18.620689655172413,24.19999999999998,0.06666666666666667
81,1,8,0.8455511329934806,0.8531981199884262,97.31274815211108,10.295779554005192,53.1064594565953,0.8682991766910707,18,0.5517241379310345,91.66666666666666,16.0,60.0,20.689655172413794,24.80000000000006,0.06666666666666667
81,1,7,0.8476366793028224,0.8513746921280141,100.39650752597316,7.320383426712456,57.09648796985826,0.8291096495137793,21,0.6206896551724138,91.66666666666666,17.0,64.13793103448276,18.620689655172413,25.000000000000142,0.03333333333333333
81,1,5,0.8491168765937503,0.8500178899827827,102.84302719637957,4.506980284881569,60.710133222772726,0.7762209691999152,23,0.6551724137931034,95.83333333333334,19.0,62.06896551724138,20.689655172413794,24.800000000000217,0.0
81,1,3,0.8416177753561919,0.8483945133860441,104.28045673128035,3.9416108938671317,64.526922897398,0.7439550171970176,23,0.5862068965517241,95.83333333333334,20.0,55.86206896551724,20.689655172413794,25.20000000000029,0.0
81,1,1,0.846069109850999,0.8479392751813442,105.19577307021574,4.023597839504499,67.94547945884453,0.7234848631588353,27,0.5517241379310345,95.83333333333334,21.0,57.93103448275862,20.689655172413794,24.800000000000352,0.03333333333333333
81,1,0,0.00457650874493013,0.760124779947413,105.32657601875874,3.7125328521894736,71.43428659656864,0.5910669747777908,27,0.5517241379310345,91.66666666666666,20.0,62.06896551724138,20.689655172413794,22.800000000000324,0.03333333333333333
81,1,0,0.0027057677219515346,0.6144946601498326,104.67362347411597,3.4583710376703722,73.76664204708264,0.3529996721383722,27,0.3103448275862069,91.66666666666666,18.0,57.93103448275862,16.551724137931036,18.20000000000026,0.03333333333333333
81,1,0,0.003738642482471287,0.4684076931918901,105.07609260031619,2.973593826833802,74.9706031096193,0.1325980585682193,27,0.20689655172413793,91.66666666666666,16.0,57.93103448275862,12.413793103448276,14.000000000000199,0.03333333333333333
81,1,0,0.00198946341831832,0.33402168940148436,105.02262193086345,2.1774291129338192,75.26390245782794,-0.08369708717100023,27,0.10344827586206896,91.66666666666666,15.0,55.86206896551724,10.344827586206897,9.400000000000134,0.06666666666666667
81,1,0,0.0024164715615601546,0.18347822940915834,104.57502786218745,1.9833549721892998,74.30473734614134,-0.315447432742211,27,0.13793103448275862,91.66666666666666,13.0,57.93103448275862,6.206896551724138,5.200000000000074,0.06666666666666667
81,1,0,0.0,0.06067980714196668,103.92909752212431,0.7886031744285429,72.3962527306599,-0.49942521450766914,27,-0.10344827586206896,91.66666666666666,12.0,39.310344827586206,2.0689655172413794,1.200000000000017,0.03333333333333333
81,1,0,0.0013225096875226622,0.002032699268242224,103.77410975322259,0.07916195997322258,69.84103497135912,-0.5349501010507477,27,0.0,91.66666666666666,10.0,41.37931034482759,0.0,0.0,0.06666666666666667
81,1,0,0.003347808666601981,0.0019515206029269707,103.77585077506366,0.07783900484558094,67.0607023663172,-0.5022095423167737,27,0.0,91.66666666666666,8.0,49.6551724137931,0.0,0.0,0.06666666666666667
81,1,0,0.0025753329180790816,0.0019439862002510644,103.7533856195557,0.07422734997412583,64.43459712673284,-0.48288517561597644,27,0.0,91.66666666666666,7.0,47.58620689655172,0.0,0.0,0.06666666666666667
81,1,0,0.005237184151929632,0.0020900625986912578,103.75294837776401,0.06733601264408975,62.463771019346964,-0.4509961623616567,27,0.0,91.66666666666666,5.0,60.0,0.0,0.0,0.06666666666666667
81,1,0,0.0014875053720059296,0.002207537932291146,103.75124661091043,0.07962408260065981,60.126377511855196,-0.42749326255565046,27,0.0,91.66666666666666,3.0,60.0,0.0,0.0,0.06666666666666667
81,1,0,0.002530826175292957,0.002274007802034563,103.75905323756206,0.07616629214679278,57.93577568384254,-0.394649949994033,27,0.0,91.66666666666666,1.0,64.13793103448276,0.0,0.0,0.06666666666666667
81,1,0,0.0020943021270936036,0.0025219852999661197,103.76901796666446,0.0797962694152113,56.13858364995226,-0.37220434664308044,27,0.0,91.66666666666666,0.0,62.06896551724138,0.0,0.0,0.03333333333333333
81,1,0,0.0011285298839025116,0.0025912661387985756,103.77031771976115,0.08047775298451335,54.38335558767633,-0.3550948732440055,27,0.0,91.66666666666666,0.0,49.6551724137931,0.0,0.0,0.06666666666666667
81,1,0,0.0035283041077912446,0.002685924783680264,103.79272932240238,0.07863452212760683,52.68310831304779,-0.3362143852081906,27,0.0,91.66666666666666,0.0,47.58620689655172,0.0,0.0,0.1
81,1,0,0.002420025615530577,0.0024431581723743305,103.78620485112226,0.08003668883591479,51.09621025661625,-0.3083269882119881,27,0.0,91.66666666666666,0.0,43.44827586206897,0.0,0.0,0.06666666666666667
81,1,0,0.0006964602683379809,0.002314886632693076,103.78449481670448,0.07672055272543418,49.46206890610301,-0.2951076845169557,27,0.0,91.66666666666666,0.0,49.6551724137931,0.0,0.0,0.06666666666666667
81,1,0,0.002196544077683247,0.0021882019994387374,103.77763208474227,0.07670428884914317,48.059547207672956,-0.2732413597089772,27,0.0,91.66666666666666,0.0,53.793103448275865,0.0,0.0,0.1
81,1,0,0.0032330399565193954,0.0022252256454307197,103.77669169055397,0.07507633598380938,46.570320828529006,-0.2537357399691829,27,0.0,91.66666666666666,0.0,57.93103448275862,0.0,0.0,0.1
82,1,16,1.0285732374543557,1.0021294914133365,59.10157031317785,30.966914294496775,34.39634725734998,0.6700715987572881,9,0.3103448275862069,91.66666666666666,6.0,62.06896551724138,6.206896551724138,14.999999999999979,0.03333333333333333
82,1,15,1.0212446288479944,1.032371974397359,72.91276211395157,23.421642379213075,38.00537876368935,0.7032840792924651,10,0.3103448275862069,91.66666666666666,8.571428571428571,62.06896551724138,10.344827586206897,19.399999999999963,0.03333333333333333
82,1,15,,1.0270037500456997,83.84300229927791,14.880437864661564,41.242448976467834,0.6754326818773089,12,0.3448275862068966,95.83333333333334,9.0,53.793103448275865,12.413793103448276,23.599999999999948,0.06666666666666667
82,1,14,,1.0246529629484544,89.30798249270028,9.290123418472628,43.059668903288774,0.5422827598858357,13,0.3793103448275862,95.83333333333334,9.333333333333334,53.793103448275865,14.482758620689655,25.199999999999932,0.23333333333333334
82,1,12,,1.021562113626276,93.4290478032157,4.398769617493912,44.9256454638784,0.4120122217287178,13,0.3448275862068966,91.66666666666666,10.8,45.51724137931034,16.551724137931036,26.999999999999925,0.4
82,1,11,,1.02081199033188,94.58981324376578,4.233658349867527,46.33349857148096,0.31818773233062003,18,0.5172413793103449,95.83333333333334,10.909090909090908,47.58620689655172,16.551724137931036,26.199999999999996,0.5333333333333333
82,1,10,,1.0188912649694173,94.63048024464996,4.63188129019815,48.101160090923244,0.1942960612909032,19,0.3448275862068966,91.66666666666666,11.0,35.172413793103445,14.482758620689655,26.200000000000085,0.7
82,1,8,,1.0157091591847944,97.90912026409634,0.7548489091024642,49.824840918831214,0.07424566323423774,22,0.27586206896551724,91.66666666666666,13.0,33.10344827586207,16.551724137931036,26.400000000000162,0.8666666666666667
82,1,7,,,,,,,26,0.4827586206896552,95.83333333333334,14.0,45.51724137931034,16.551724137931036,26.400000000000244,1.0
82,1,6,,,,,,,30,0.5862068965517241,95.83333333333334,15.0,51.724137931034484,16.551724137931036,26.60000000000033,1.0
82,1,4,,,,,,,28,0.41379310344827586,91.66666666666666,16.0,43.44827586206897,16.551724137931036,27.000000000000384,1.0
82,1,3,1.0138187679116089,1.0138187679116089,108.5497129183944,,76.0786620986178,,33,0.5172413793103449,95.83333333333334,16.0,47.58620689655172,16.551724137931036,27.000000000000384,0.9666666666666667
82,1,2,1.0173314484339782,1.0143848687361925,106.77834275735381,2.372238249545863,76.8224427681248,0.055461089509454733,33,0.5172413793103449,91.66666666666666,16.0,51.724137931034484,14.482758620689655,27.200000000000387,0.8333333333333334
82,1,1,1.0142299300799453,1.015080410338274,105.02015077522852,2.733878654424828,77.75046996047212,0.10968442142425884,33,0.3448275862068966,95.83333333333334,15.0,45.51724137931034,14.482758620689655,27.000000000000384,0.6666666666666666
82,1,0,0.0023844382695450924,0.8124110980016934,106.02287490716914,3.395856994343571,78.28406491193194,0.0823440375523652,33,0.20689655172413793,100.0,15.0,43.44827586206897,14.482758620689655,24.200000000000344,0.5
82,1,0,0.0013562776712689115,0.6096331932536668,107.07824941332792,3.466604764818206,77.86735749772761,-0.021659320388503364,33,0.13793103448275862,100.0,14.0,41.37931034482759,10.344827586206897,19.400000000000276,0.3333333333333333
82,1,0,0.0016955629903824352,0.48823257199072323,107.71400578971836,3.3465390277652345,77.00259878902264,-0.12779231739209496,33,0.13793103448275862,100.0,12.0,51.724137931034484,8.275862068965518,15.000000000000213,0.16666666666666666
82,1,0,0.0026817274306690266,0.3862357890545128,108.12950614312366,3.2530716312907586,75.94849934925692,-0.23150493598556676,33,0.0,100.0,11.0,49.6551724137931,6.206896551724138,10.200000000000145,0.03333333333333333
82,1,0,0.002709785934358532,0.24653365467419722,108.67457889221687,3.1331541307648227,74.67876572494133,-0.3805302144227953,33,0.0,100.0,10.0,45.51724137931034,4.137931034482759,5.400000000000077,0.03333333333333333
82,1,0,0.002209595156072032,0.07175230370621041,109.87256983181172,1.7396818409622263,72.4169445435721,-0.5174312614876814,33,0.06896551724137931,100.0,8.0,47.58620689655172,0.0,0.8000000000000114,0.03333333333333333
82,1,0,0.0026388517964146194,0.002035693923085356,110.25240488980627,0.08442338794601531,69.63779268273098,-0.5380556395038493,33,0.0,100.0,7.0,41.37931034482759,0.0,0.0,0.03333333333333333
82,1,0,0.0018013262084522995,0.0020166858991516514,110.26100930465644,0.07496076912373824,66.94875234454176,-0.5030706806205517,33,0.0,100.0,6.0,41.37931034482759,0.0,0.0,0.03333333333333333
82,1,0,0.0038822172163335885,0.0019242842041770646,110.2699054822215,0.07506056358315548,64.42083820500567,-0.4704764946386562,33,0.0,100.0,4.0,33.10344827586207,0.0,0.0,0.03333333333333333
82,1,0,0.0032854810964755344,0.001965287486037595,110.25719649532702,0.07483119311707245,62.04319269790568,-0.426782787546928,33,0.0,100.0,3.0,41.37931034482759,0.0,0.0,0.03333333333333333
82,1,0,0.0010729168264605928,0.0020509710066304765,110.25063702215466,0.07692774070042063,60.10922881357267,-0.41839827973978316,33,0.0,100.0,2.0,49.6551724137931,0.0,0.0,0.0
82,1,0,0.0004839840955770068,0.002014882393389956,110.25866083467987,0.07268715800488963,58.070359067637604,-0.3970984821797361,33,0.0,100.0,1.0,41.37931034482759,0.0,0.0,0.0
82,1,0,0.003352421195030136,0.001913188923336005,110.26116415984437,0.068810104917194,56.13431921189779,-0.3764047747184329,33,0.0,100.0,0.0,43.44827586206897,0.0,0.0,0.0
82,1,0,0.00039169949622344945,0.002117503789805626,110.25371487480389,0.0777383780613691,54.30973920669229,-0.35044523606539835,33,0.0,100.0,0.0,47.58620689655172,0.0,0.0,0.0
82,1,0,0.004519793835255129,0.0023256831949427788,110.2400983717829,0.07079040895920552,52.72998039333941,-0.3315983305594776,33,0.0,100.0,0.0,53.793103448275865,0.0,0.0,0.03333333333333333
82,1,0,0.0010113710990086778,0.0024360227119800564,110.2499277835911,0.07267310010960282,51.17959716676929,-0.3124424253460737,33,0.0,100.0,0.0,49.6551724137931,0.0,0.0,0.06666666666666667
82,1,0,,0.0024270408330077514,110.26846522841298,0.08872827807225242,49.70467593271573,-0.28713877572014884,33,0.0,100.0,0.0,47.58620689655172,0.0,0.0,0.1
83,1,3,0.9520933178503181,0.9566350251651243,70.37526696924563,38.75369172194236,34.06188925732473,0.6391689745888525,3,0.10344827586206896,100.0,6.0,53.793103448275865,6.206896551724138,17.39999999999997,0.03333333333333333
83,1,1,0.9549131683029038,0.9629671854096654,85.31624740284842,32.825736447200214,37.10661577955798,0.689837688195382,7,0.20689655172413793,95.83333333333334,8.571428571428571,53.793103448275865,10.344827586206897,21.599999999999955,0.0
83,1,0,0.9495420169955575,0.9565651348614655,98.73169443971796,21.80987249149157,40.52271261083729,0.6815546341333303,9,0.2413793103448276,95.83333333333334,9.0,47.58620689655172,12.413793103448276,24.99999999999994,0.0
83,1,0,0.9437457666894846,0.9523459261792023,108.01090106054444,8.12869885056446,43.88858156259417,0.6619976783350349,14,0.3793103448275862,95.83333333333334,8.0,39.310344827586206,12.413793103448276,26.39999999999992,0.0
83,1,0,0.9483281445764922,0.9508672142010965,110.90678618553821,2.71982608447964,47.15741290989012,0.6436453308173294,20,0.6206896551724138,95.83333333333334,7.2,45.51724137931034,10.344827586206897,26.999999999999975,0.0
83,1,0,0.947488210114944,0.9506551207311137,111.45894629993262,2.1555490661815266,50.30423984474325,0.6135851731889174,24,0.7241379310344828,95.83333333333334,6.545454545454546,51.724137931034484,8.275862068965518,27.600000000000062,0.0
83,1,0,0.9494460463577546,0.9503158997156349,111.19553235603652,1.5878318284959916,53.33468979683206,0.5959652987550279,32,1.0344827586206897,95.83333333333334,6.0,64.13793103448276,4.137931034482759,27.80000000000015,0.0
83,1,0,0.9493097382994072,0.9503904870045943,110.65712006948193,0.5676985816377847,56.21868052281635,0.5601515104483462,33,0.8620689655172413,95.83333333333334,6.0,60.0,2.0689655172413794,28.600000000000236,0.0
83,1,0,0.9479531391780673,0.9503562221308058,110.6053059651312,0.08633065454211808,58.97199934287309,0.5278133887767623,33,0.8275862068965517,95.83333333333334,6.0,57.93103448275862,0.0,29.000000000000323,0.0
83,1,0,0.9510698944816847,0.9506524082544037,110.6029837658002,0.08297546110607429,61.35340086192724,0.5010066528339789,33,0.6206896551724138,95.83333333333334,6.0,60.0,0.0,29.000000000000412,0.03333333333333333
83,1,0,0.9482952769440711,0.9508154063587446,110.60410700685803,0.08483728359739824,63.86976967114766,0.4736427570817142,33,0.3793103448275862,95.83333333333334,6.0,57.93103448275862,0.0,29.000000000000412,0.03333333333333333
83,1,0,0.9486857494654544,0.9509690561427198,110.60348603465657,0.08257974711624776,66.24509998879452,0.44648656256113556,33,0.2413793103448276,95.83333333333334,4.0,64.13793103448276,0.0,29.000000000000412,0.03333333333333333
83,1,0,0.9520639323732607,0.9513776817108119,110.60600570832078,0.08977153878099806,68.47936309700762,0.4192677381063115,33,0.034482758620689655,95.83333333333334,3.0,53.793103448275865,0.0,29.000000000000412,0.03333333333333333
83,1,0,0.9475136490752919,0.951252531276382,110.62363500935678,0.0866091266778003,70.3953609146861,0.38721790793238975,33,0.0,95.83333333333334,1.0,45.51724137931034,0.0,29.000000000000412,0.06666666666666667
83,1,0,0.9444444060330599,0.9511440419248183,110.63812253579782,0.07576340902133254,72.43667689207919,0.3725262017443204,33,0.0,95.83333333333334,0.0,57.93103448275862,0.0,29.000000000000412,0.06666666666666667
83,1,0,0.9507985946007528,0.9510906210462304,110.63271896357548,0.08051728672415447,74.13640879131067,0.35083787829524016,33,0.0,95.83333333333334,0.0,51.724137931034484,0.0,29.000000000000412,0.03333333333333333
83,1,0,0.002504443006225661,0.8856040321605965,110.62533319756375,0.07637635042545575,75.8395812516802,0.28722757238741264,33,0.0,95.83333333333334,0.0,45.51724137931034,0.0,27.600000000000392,0.03333333333333333
83,1,0,0.0010612584242176582,0.7217651437423305,110.62270654631533,0.08673273734323815,76.82630672564851,0.11375246280969338,33,0.0,95.83333333333334,0.0,43.44827586206897,0.0,22.60000000000032,0.03333333333333333
83,1,0,0.000643822159356133,0.5578556970038298,110.6246436580044,0.08075054261766368,76.97291033524452,-0.044165312792805105,33,0.0,95.83333333333334,0.0,45.51724137931034,0.0,17.60000000000025,0.03333333333333333
83,1,0,0.0008006238052078186,0.4131298627235206,110.6339971342914,0.07451782585512812,76.302526392524,-0.19720651134296538,33,0.0,95.83333333333334,0.0,51.724137931034484,0.0,12.600000000000179,0.0
83,1,0,0.0014699768241944425,0.26360994987049885,110.63879741922514,0.07686232231859355,75.16652388651234,-0.34728891058986927,33,0.0,95.83333333333334,0.0,51.724137931034484,0.0,7.600000000000108,0.03333333333333333
83,1,0,0.0,0.09990470569004219,110.63651850241502,0.073929385136705,73.04950190761029,-0.4808581941114463,33,0.0,95.83333333333334,0.0,45.51724137931034,0.0,2.600000000000037,0.03333333333333333
83,1,0,0.0014781044486886872,0.0018439114585955601,110.64520238586246,0.07644306291582038,70.3379865021506,-0.5413316964516602,33,0.0,95.83333333333334,0.0,49.6551724137931,0.0,0.0,0.03333333333333333
83,1,0,0.00242424532518634,0.0021130361802837627,110.64572099098116,0.06975747589681845,67.60021562330687,-0.5153448331667272,33,0.0,95.83333333333334,0.0,47.58620689655172,0.0,0.0,0.03333333333333333
83,1,0,0.002528697516788247,0.002010538928021088,110.64540065995511,0.07006723832778936,65.02183352735186,-0.4823888913506515,33,0.0,95.83333333333334,0.0,49.6551724137931,0.0,0.0,0.03333333333333333
83,1,0,0.0007678653501868327,0.0018644833918211542,110.63453961223871,0.06951830488139595,62.60470247809422,-0.45386845600438225,33,0.0,95.83333333333334,0.0,43.44827586206897,0.0,0.0,0.03333333333333333
83,1,0,0.002613393718675872,0.0019636605018677074,110.63071221287714,0.06669228038463144,60.600928971105276,-0.4215914922991416,33,0.0,95.83333333333334,0.0,47.58620689655172,0.0,0.0,0.0
83,1,0,0.0018877376750087854,0.0018040615282549652,110.6336087284033,0.07211074738149147,58.52982728285258,-0.40641391569896257,33,0.0,95.83333333333334,0.0,55.86206896551724,0.0,0.0,0.0
83,1,0,0.0007419149337498689,0.001759202570658734,110.62800858287969,0.06619062874138477,56.56537609016378,-0.3781399847004306,33,0.0,95.83333333333334,0.0,53.793103448275865,0.0,0.0,0.0
83,1,0,0.003399223770102555,0.0015027219061475544,110.62421211674747,0.06818110081189258,54.895476870263444,-0.3520324829536468,33,0.0,95.83333333333334,0.0,60.0,0.0,0.0,0.03333333333333333
83,1,0,0.002447658528081548,0.001545087218275969,110.6133089645069,0.06836026516983683,53.09620483779023,-0.33524749842686574,33,0.0,95.83333333333334,0.0,62.06896551724138,0.0,0.0,0.03333333333333333
84,0,25,1.1792472227832291,1.1331727306763932,13.94158329146557,6.866745968627618,33.65126713138267,0.6198092827171884,0,0.0,25.0,8.0,20.689655172413794,8.275862068965518,0.2,0.03333333333333333
84,0,24,1.1756764049518968,1.1762114629989702,17.83189869453758,4.905838022016776,36.900734957788835,0.6320792607272377,0,0.0,20.833333333333336,12.0,20.689655172413794,14.482758620689655,0.2,0.03333333333333333
84,0,24,1.1640933628926018,1.1743170978286182,21.031375928034148,5.110500782833008,40.04058982324288,0.5926856512420784,2,0.06896551724137931,29.166666666666668,13.5,26.896551724137932,18.620689655172413,0.2,0.03333333333333333
84,0,23,1.1673210375162817,1.173227329236616,22.51428114211908,5.200651537772729,42.79743052161486,0.5574279801411478,0,-0.034482758620689655,20.833333333333336,14.666666666666666,24.82758620689655,22.75862068965517,0.2,0.06666666666666667
84,0,22,1.1705162543106569,1.1727543937089635,23.656344994816255,4.942398975038661,45.6895586582724,0.5282763691736873,0,-0.034482758620689655,16.666666666666664,15.6,20.689655172413794,22.75862068965517,0.2,0.06666666666666667
84,0,20,1.1738097901178988,1.1724734166096342,23.829619817020465,4.926180241764499,48.247905651181085,0.49559664931539466,1,0.034482758620689655,8.333333333333332,17.454545454545453,18.620689655172413,24.82758620689655,0.2,0.1
84,0,22,1.1584952594418694,1.1708602805610386,25.287750266640078,5.697587703650327,50.618614768056716,0.4735860985342976,0,-0.034482758620689655,29.166666666666668,16.0,26.896551724137932,24.82758620689655,0.0,0.06666666666666667
84,0,23,1.1622652423439668,1.1691510063371284,27.89637242154968,8.29487626997596,52.93629663285742,0.4635932581175604,1,0.0,33.33333333333333,17.0,24.82758620689655,20.689655172413794,0.4000000000000001,0.1
84,0,24,1.1621137847211516,1.167313405338837,31.753385967182357,11.826722105305453,55.45675763234759,0.4413738244229128,1,0.034482758620689655,33.33333333333333,19.0,22.75862068965517,18.620689655172413,1.2,0.1
84,0,24,1.1669439352069506,1.167214209276809,33.58747253243245,11.702794327251093,57.49033734385625,0.41333354309666054,1,0.034482758620689655,25.0,22.0,24.82758620689655,22.75862068965517,1.5999999999999999,0.06666666666666667
84,0,23,,1.1649023695607699,36.33731069797489,11.176104001471726,59.47492692178769,0.37530130299081443,1,0.0,29.166666666666668,23.0,31.03448275862069,24.82758620689655,1.7999999999999998,0.1
84,0,24,1.1752884475230214,1.1650703737049735,37.63035288956821,9.076371591656347,61.316934058086716,0.37664440441396363,0,0.0,25.0,24.0,28.96551724137931,22.75862068965517,1.9999999999999998,0.06666666666666667
84,0,25,1.1731263996962142,1.1653031644177871,38.55970704253174,7.594880590913482,63.267422292446845,0.336670435676719,0,-0.06896551724137931,20.833333333333336,25.0,22.75862068965517,26.896551724137932,1.9999999999999998,0.06666666666666667
84,0,23,1.1734152671443498,1.1669783689340303,35.848932286768125,9.29909467282965,64.64839328495717,0.30341127863554973,1,0.0,16.666666666666664,24.0,18.620689655172413,28.96551724137931,1.5999999999999996,0.06666666666666667
84,0,21,1.1800507489184753,1.1703853030901392,29.86202167585797,9.44885421398407,66.17720686816742,0.2711218455212819,1,0.0,12.5,24.0,18.620689655172413,28.96551724137931,0.7999999999999998,0.06666666666666667
84,0,20,1.1853351256692755,1.172758874384156,24.07629687836818,12.138111396444137,67.5833711823233,0.25018635119119564,0,-0.034482758620689655,16.666666666666664,23.0,16.551724137931036,24.82758620689655,0.3999999999999999,0.06666666666666667
84,0,19,1.1727651765242928,1.1747985241178216,20.137562457595255,10.217256118909885,68.745572833346,0.23351121527509255,1,-0.034482758620689655,25.0,22.0,18.620689655172413,20.689655172413794,0.6000000000000003,0.03333333333333333
84,0,18,1.1653885201358902,1.1750153219523491,18.3644411682998,9.306690770945167,69.91115108581899,0.21731166155844933,0,0.0,29.166666666666668,20.0,20.689655172413794,18.620689655172413,1.0000000000000009,0.03333333333333333
84,0,16,1.1585511132083879,1.1740350959872965,18.769015601007744,9.920985950460173,71.03323259615227,0.22299873324127936,1,0.0,41.66666666666667,22.0,28.96551724137931,18.620689655172413,1.4000000000000012,0.03333333333333333
84,0,14,1.1694706318779116,1.1726661326445609,21.452457854003917,12.221230901588978,72.0136958811517,0.20920005211808526,2,0.06896551724137931,37.5,23.0,28.96551724137931,16.551724137931036,2.0000000000000013,0.0
84,0,11,1.1718290126967164,1.1716760715550936,23.95309439290763,12.402428364312073,73.04281937071245,0.2030597724703344,1,0.034482758620689655,33.33333333333333,24.0,31.03448275862069,18.620689655172413,2.2000000000000015,0.0
84,0,8,1.1726012222363604,1.1697377579773944,27.856581392823387,9.258079407529369,74.04059466195751,0.19662651696662706,0,0.0,29.166666666666668,24.0,31.03448275862069,24.82758620689655,2.2000000000000015,0.0
84,0,6,1.1691579785081523,1.1688804565303907,30.116991197159255,7.057164470979442,74.98238142967324,0.1737200400893137,1,-0.06896551724137931,33.33333333333333,23.0,31.03448275862069,26.896551724137932,2.0000000000000013,0.0
84,0,3,1.161577199802795,1.1669711394252085,33.75877455080758,6.556351680745052,75.92591277995335,0.1966467341118433,1,0.034482758620689655,41.66666666666667,24.0,33.10344827586207,31.03448275862069,1.600000000000001,0.0
84,0,0,1.157081668531221,1.1649482226200727,37.54810004823743,11.47234851278956,76.9085552593642,0.19493719899365952,1,0.0,41.66666666666667,25.0,31.03448275862069,33.10344827586207,2.800000000000002,0.0
84,0,0,0.001638268429641503,0.9710550531452469,40.6807059250796,13.538014404201336,77.47136064790843,0.057304557634134605,1,0.034482758620689655,41.66666666666667,23.0,31.03448275862069,26.896551724137932,2.0000000000000018,0.0
84,0,0,0.002807026502740078,0.7762581071487837,44.994041500048134,13.799743234322232,77.4001571162743,-0.07041257818433755,1,0.0,41.66666666666667,21.0,28.96551724137931,22.75862068965517,2.0000000000000018,0.0
84,0,0,0.0006614890155185361,0.5816316124769286,49.606175728947306,12.180442885237134,76.71612278316867,-0.19601068238637745,1,0.0,41.66666666666667,20.0,24.82758620689655,16.551724137931036,2.0000000000000018,0.0
84,0,0,0.0015813225678649935,0.40015561923051945,54.288645642493684,7.350622228638796,75.61051008507697,-0.3189231590129371,1,0.0,41.66666666666667,19.0,20.689655172413794,10.344827586206897,1.8000000000000016,0.03333333333333333
84,0,0,0.0023862511858550426,0.20015736049678426,57.04781158582659,1.7112710303570478,73.65985240314093,-0.45699085149888086,1,0.0,41.66666666666667,18.0,14.482758620689655,4.137931034482759,1.4000000000000012,0.03333333333333333
84,0,0,0.0018057733599343255,0.0020356679424797463,56.79311467943079,0.07092157143502092,71.04095721936406,-0.5546023884853201,1,0.0,41.66666666666667,16.0,14.482758620689655,0.0,0.0,0.03333333333333333
85,1,7,0.7075443612965068,0.693178334880564,17.593145889676283,10.323726242060255,28.36842047665383,0.21981751017687035,1,0.034482758620689655,20.833333333333336,0.0,10.344827586206897,0.0,0.0,0.0
85,1,8,0.7075957523283121,0.7075409149931728,22.75090186931043,8.738770277930719,29.456752828995004,0.21138076365119782,2,0.06896551724137931,29.166666666666668,0.0,14.482758620689655,0.0,0.0,0.0
85,1,8,,0.705694089066337,29.329599584727877,11.224693886343658,30.41330443555631,0.2020433298995073,3,0.06896551724137931,54.166666666666664,1.5,24.82758620689655,2.0689655172413794,0.0,0.03333333333333333
85,1,7,0.6871930458509267,0.7031519329394008,39.08662682598964,18.842756505859548,31.49740498674618,0.20764487914234908,1,0.034482758620689655,66.66666666666666,2.6666666666666665,28.96551724137931,4.137931034482759,0.0,0.03333333333333333
85,1,8,0.6858190813927028,0.7000521497155662,48.94996636635708,22.068621906837233,32.55954394441138,0.19971005539824463,3,0.10344827586206896,75.0,2.4,31.03448275862069,4.137931034482759,3.600000000000001,0.03333333333333333
85,1,8,0.686454465937179,0.6969349429831331,58.83866762526178,24.720187282270313,33.52567283269111,0.20486788093630207,4,0.13793103448275862,95.83333333333334,3.272727272727273,45.51724137931034,6.206896551724138,7.600000000000004,0.06666666666666667
85,1,7,0.6855813693364309,0.6917406257708308,72.55600990086694,25.27686837163897,34.637219210259886,0.21213293156524807,5,0.13793103448275862,95.83333333333334,4.0,51.724137931034484,8.275862068965518,12.599999999999987,0.06666666666666667
85,1,8,0.6786366410402452,0.6867723688505442,84.90923428043043,18.569786962040354,35.78875480641172,0.21835786119717732,8,0.20689655172413793,100.0,4.0,45.51724137931034,6.206896551724138,16.99999999999997,0.06666666666666667
85,1,7,,0.6840715965590575,91.72648286586663,12.933520875662838,36.70196136505437,0.20096797398668323,10,0.3103448275862069,100.0,5.0,43.44827586206897,8.275862068965518,21.599999999999955,0.06666666666666667
85,1,8,0.6775809888345283,0.68221173134031,96.74372878895231,9.920067837592834,37.80235966839727,0.20542059846331284,14,0.41379310344827586,100.0,5.0,45.51724137931034,6.206896551724138,25.999999999999936,0.06666666666666667
85,1,8,0.6812996782394567,0.681081697815416,100.87356953709026,5.255465141316129,38.88418242727297,0.19599596350722703,17,0.4827586206896552,100.0,6.0,47.58620689655172,8.275862068965518,26.99999999999992,0.06666666666666667
85,1,7,0.6791480164742101,0.6800872651504682,102.08610478058519,2.465051297307712,39.7895298240273,0.1959817319817931,19,0.5517241379310345,100.0,7.0,41.37931034482759,8.275862068965518,27.799999999999976,0.03333333333333333
85,1,8,0.6820028135981535,0.680109370250958,101.43890245360976,1.6051332876752253,40.760576850260435,0.1838809114844908,23,0.5862068965517241,100.0,7.0,41.37931034482759,6.206896551724138,28.400000000000063,0.03333333333333333
85,1,8,0.6774471078583737,0.6796086405604033,101.63887221161573,1.7798521760824015,41.6136026210504,0.17562144836777902,25,0.5862068965517241,100.0,8.0,43.44827586206897,8.275862068965518,28.20000000000015,0.06666666666666667
85,1,7,0.6804918850792901,0.6793547452657486,102.03579361385538,1.211170946396016,42.44819483587791,0.1716083552327911,27,0.5517241379310345,95.83333333333334,8.0,43.44827586206897,8.275862068965518,28.400000000000233,0.03333333333333333
85,1,8,0.6815986024120481,0.6796794256299153,102.42884638912957,1.464728177165569,43.30736700352735,0.1630037042843931,32,0.6896551724137931,100.0,7.0,45.51724137931034,6.206896551724138,28.400000000000322,0.03333333333333333
85,1,8,0.6745362009972946,0.6791566443173292,102.41301939661605,1.8541713777453896,44.128947138780205,0.15892733760901798,33,0.5517241379310345,100.0,8.0,41.37931034482759,8.275862068965518,28.000000000000398,0.03333333333333333
85,1,7,,0.6785200082971803,102.7969993298603,1.656193307634753,44.85522941889933,0.14203334414904992,31,0.3793103448275862,95.83333333333334,8.0,39.310344827586206,8.275862068965518,28.000000000000398,0.06666666666666667
85,1,8,0.6764115218320331,0.6778166123937764,102.99415085420317,1.5180895461442263,45.63262501243643,0.13866004265730508,33,0.3793103448275862,100.0,7.0,41.37931034482759,6.206896551724138,28.000000000000398,0.06666666666666667
85,1,7,0.6793544081949089,0.6778323442044145,103.14854883023216,1.9781823039624793,46.27806601469883,0.13575825875274264,33,0.27586206896551724,100.0,8.0,45.51724137931034,8.275862068965518,28.000000000000398,0.03333333333333333
85,1,8,0.6797890506738193,0.6777237120552125,104.01998609235828,2.51730262396818,46.962280811412775,0.1271153624922322,33,0.1724137931034483,100.0,7.0,47.58620689655172,6.206896551724138,28.2000000000004,0.03333333333333333
85,1,8,0.6737535526759569,0.677312790555549,103.89366865437856,2.7407282933809927,47.55380013625613,0.12144400686385994,33,0.0,100.0,8.0,43.44827586206897,8.275862068965518,28.000000000000398,0.06666666666666667
85,1,7,0.6810103448557854,0.6772362394634177,103.66757878165194,2.858734712432499,48.186474151617915,0.1112538688923817,32,-0.034482758620689655,95.83333333333334,8.0,43.44827586206897,8.275862068965518,28.400000000000404,0.06666666666666667
85,1,8,0.6800832182782223,0.6774948316759817,103.01532049989571,3.284271411984358,48.708592167000546,0.107410980596081,33,0.0,100.0,7.0,43.44827586206897,6.206896551724138,28.000000000000398,0.03333333333333333
85,1,8,0.6760588138844517,0.6775356051404072,102.54710981940698,3.6613804163322707,49.233145478830586,0.09743333956643228,32,-0.034482758620689655,100.0,8.0,47.58620689655172,8.275862068965518,27.600000000000392,0.03333333333333333
85,1,7,0.6744331426974431,0.6773774458993458,102.06747766996068,3.578419892332322,49.71416933060657,0.08660181027532024,32,-0.034482758620689655,95.83333333333334,8.0,55.86206896551724,8.275862068965518,27.800000000000395,0.03333333333333333
85,1,8,0.6748021847637259,0.6776084657930836,100.03237707340472,3.120992032503227,50.141563566000166,0.07746437470857002,33,0.0,95.83333333333334,7.0,57.93103448275862,8.275862068965518,27.600000000000392,0.03333333333333333
85,1,7,0.6828146982507056,0.6779376860937633,98.90926451625073,3.0961151373581086,50.44037503174912,0.06218241248937601,33,0.0,95.83333333333334,8.0,60.0,8.275862068965518,27.600000000000392,0.03333333333333333
85,1,7,0.6763648024957689,0.6781596678704662,98.11650240492995,3.0664628552293642,50.75647537072029,0.061028154604893914,31,0.0,91.66666666666666,8.0,68.27586206896552,8.275862068965518,27.800000000000395,0.06666666666666667
85,1,8,0.6807628324587022,0.6787754179738872,98.41786394317062,3.211646275152212,51.06273398618744,0.05513575077943623,33,0.0,95.83333333333334,7.0,70.34482758620689,8.275862068965518,28.000000000000398,0.06666666666666667
85,1,7,0.6784363582144913,0.6792705706563004,98.63338694943464,3.2085316632886256,51.33872264532314,0.05036140562077981,32,-0.034482758620689655,95.83333333333334,8.0,62.06896551724138,8.275862068965518,28.400000000000375,0.06666666666666667
86,1,23,1.2006935745516871,1.1592146585482428,21.594156832231796,12.01766263829234,32.172238704129434,0.5165316753313153,1,0.034482758620689655,29.166666666666668,10.0,24.82758620689655,10.344827586206897,0.0,0.06666666666666667
86,1,22,1.1913852925980872,1.203293209528399,29.200434190082607,11.114574366065062,34.99854050958591,0.5270086427341757,2,0.06896551724137931,45.83333333333333,12.0,37.241379310344826,14.482758620689655,0.0,0.06666666666666667
86,1,22,1.1857608916877018,1.1983244952041485,37.2335879139942,11.574731303847303,37.82051088188326,0.5248295659340275,1,0.034482758620689655,58.333333333333336,13.5,39.310344827586206,18.620689655172413,0.2,0.06666666666666667
86,1,22,1.1732323715488044,1.1940579272397478,44.7484160821628,15.64699668407608,40.568227412566635,0.5000765393144929,1,-0.034482758620689655,75.0,14.666666666666666,47.58620689655172,22.75862068965517,1.4,0.06666666666666667
86,1,23,1.1644423376994022,1.1886758141003875,55.172881066945415,21.611844270396233,43.1919889727273,0.48526385576280406,4,0.10344827586206896,95.83333333333334,14.4,57.93103448275862,22.75862068965517,5.8000000000000025,0.06666666666666667
86,1,23,1.1625838370675352,1.1827273997572483,65.01987236763422,23.8969693037122,45.480376140918494,0.4754026178646294,3,0.10344827586206896,100.0,15.272727272727273,60.0,20.689655172413794,9.999999999999996,0.03333333333333333
86,1,23,1.1695737554260672,1.1773960546090303,74.55399563750083,20.026421167013005,47.745200988115016,0.5027753852923269,3,0.06896551724137931,91.66666666666666,16.0,51.724137931034484,22.75862068965517,14.999999999999979,0.0
86,1,23,1.1659802941740718,1.1721683284010773,82.3616182498956,15.373836122004848,50.293945602000775,0.5176277310717349,5,0.06896551724137931,95.83333333333334,18.0,45.51724137931034,22.75862068965517,19.599999999999962,0.0
86,1,22,1.1698095063486067,1.1686512718060569,88.84810993886217,10.474740512575528,52.876863796987905,0.5206338616857731,4,-0.034482758620689655,95.83333333333334,20.0,39.310344827586206,22.75862068965517,23.999999999999947,0.0
86,1,21,1.1620524025573993,1.165931638814567,93.92766012339517,5.017036719331529,55.23228217995284,0.5182435466356454,7,0.10344827586206896,95.83333333333334,22.0,37.241379310344826,22.75862068965517,25.999999999999932,0.03333333333333333
86,1,19,1.1554471737415284,1.1637296920773608,96.34690122790053,4.771188650228623,57.90927490323096,0.5117326181345592,7,0.06896551724137931,95.83333333333334,23.0,26.896551724137932,22.75862068965517,25.999999999999922,0.03333333333333333
86,1,17,1.1581496448020694,1.1628940514887725,97.82326187079859,5.471309866956167,60.50945732586318,0.4931717063360774,8,0.1724137931034483,100.0,23.0,35.172413793103445,24.82758620689655,25.79999999999999,0.03333333333333333
86,1,15,1.164271935588923,1.1622846719693292,99.28856570450311,4.867568764676544,62.986101618751434,0.4656832234395591,10,0.2413793103448276,100.0,23.0,43.44827586206897,24.82758620689655,25.20000000000007,0.03333333333333333
86,1,14,1.1671796384788335,1.1615860256533417,100.60520318739712,3.431792448833522,65.33927534220805,0.44776070202104007,15,0.3448275862068966,100.0,22.0,45.51724137931034,22.75862068965517,25.400000000000155,0.03333333333333333
86,1,12,1.1692715959688222,1.161561939244438,100.72314725849185,3.142778790711638,67.51737733929203,0.40620839005494247,16,0.3103448275862069,100.0,22.0,43.44827586206897,22.75862068965517,25.400000000000237,0.03333333333333333
86,1,10,1.1610205990671616,1.1616160331027459,99.67505387060795,3.9789418982773572,69.27123599737385,0.36998853209835403,19,0.3793103448275862,100.0,22.0,45.51724137931034,22.75862068965517,25.60000000000031,0.0
86,1,8,1.1676710576478857,1.162774476996339,97.63532399660208,4.760332788091667,71.06074188211056,0.34086433303568536,21,0.4482758620689655,100.0,23.0,51.724137931034484,22.75862068965517,25.40000000000036,0.0
86,1,6,1.165657290682759,1.1638653521118507,95.64240001992074,4.235907058409554,72.68159143662606,0.3094225958455967,22,0.4482758620689655,100.0,23.0,49.6551724137931,22.75862068965517,25.800000000000367,0.0
86,1,4,1.162058833720882,1.164039648418903,94.25800515428085,3.571893731468041,74.15313450301261,0.28115494961021514,24,0.4482758620689655,95.83333333333334,23.0,49.6551724137931,22.75862068965517,26.400000000000375,0.0
86,1,2,1.160876904475303,1.1645379100972237,93.62007126480638,2.7478325023549393,75.46762714247767,0.2557178754367314,25,0.3448275862068966,95.83333333333334,23.0,47.58620689655172,22.75862068965517,26.400000000000375,0.0
86,1,1,1.165125918317704,1.1645132109242124,92.89462413079792,2.511582810780958,76.65101344093127,0.21998726587144718,30,0.41379310344827586,95.83333333333334,22.0,45.51724137931034,22.75862068965517,26.00000000000037,0.0
86,1,0,0.00044094753912981487,1.0490568499639816,92.03239794743811,2.7977263200099407,77.59220379530659,0.12742800989385544,32,0.4482758620689655,95.83333333333334,21.0,45.51724137931034,20.689655172413794,23.800000000000338,0.0
86,1,0,0.0029940410885472123,0.8555343747673179,91.83499938631702,2.8587279244696493,77.81579514812385,-0.021034960321924638,32,0.3448275862068966,95.83333333333334,19.0,43.44827586206897,16.551724137931036,19.400000000000276,0.0
86,1,0,0.0,0.6841767300256644,91.56629822736467,2.849197771750618,77.48706198832495,-0.16250735610952768,32,0.3448275862068966,95.83333333333334,17.0,41.37931034482759,12.413793103448276,15.000000000000213,0.03333333333333333
86,1,0,0.00048312577160749816,0.4840504553057421,91.04369985888934,2.572925260296897,76.32150643905958,-0.28832216738823085,32,0.27586206896551724,95.83333333333334,15.0,37.241379310344826,8.275862068965518,10.200000000000145,0.03333333333333333
86,1,0,0.0041529851738233104,0.28369406499150396,90.0119174355953,1.1130305647055845,74.53316046788233,-0.4124583555974682,32,0.10344827586206896,95.83333333333334,14.0,28.96551724137931,4.137931034482759,5.60000000000008,0.03333333333333333
86,1,0,0.001990805850354334,0.08300929706920464,89.65231475049492,0.6656956807098584,72.16346921304793,-0.519959469675626,32,0.06896551724137931,95.83333333333334,12.0,31.03448275862069,0.0,1.200000000000017,0.03333333333333333
86,1,0,0.0,0.002485822318975405,89.78495767179135,0.0877950628030019,69.36556518708495,-0.536234364101028,32,0.0,95.83333333333334,10.0,28.96551724137931,0.0,0.0,0.03333333333333333
86,1,0,0.0020730508929047513,0.002293144391634099,89.7947292713603,0.08150236541782388,66.6854512176794,-0.5050670978155509,32,0.0,95.83333333333334,8.0,28.96551724137931,0.0,0.0,0.03333333333333333
86,1,0,0.0027487174511982653,0.002534198883323553,89.78413019793796,0.08160895133512615,64.47141661103053,-0.4708888808251761,32,0.0,95.83333333333334,6.0,41.37931034482759,0.0,0.0,0.0
86,1,0,0.001929405534070596,0.0025204277954676856,89.77914516251771,0.07245078164761358,62.17692409268151,-0.44623007665368564,32,0.0,95.83333333333334,4.0,51.724137931034484,0.0,0.0,0.0
87,1,9,0.45824228507188364,0.47919807244689194,108.26082791967733,70.49384938795524,26.90984369032461,0.13041376078279399,6,0.20689655172413793,54.166666666666664,0.0,31.03448275862069,0.0,1.2,0.0
87,1,9,0.4568602984167139,0.47369234195083987,147.3623975170957,74.71341228040926,27.59782042813749,0.14099095162778508,6,0.20689655172413793,62.5,1.7142857142857142,35.172413793103445,2.0689655172413794,2.8000000000000003,0.0
87,1,10,0.454319462310578,0.4662919681111014,182.563438083482,64.51362086934988,28.297633198897923,0.14035041620545202,7,0.2413793103448276,62.5,1.5,33.10344827586207,2.0689655172413794,7.800000000000004,0.0
87,1,9,0.44945313428348205,0.4601919372615263,210.1199196378426,49.71772607030042,28.996681431935205,0.13538584986041197,7,0.2413793103448276,62.5,2.6666666666666665,28.96551724137931,4.137931034482759,11.79999999999999,0.0
87,1,9,0.4467705577410009,0.45532335627577497,231.65939486333966,35.1400668126285,29.65282590976701,0.12373180361000574,7,0.2413793103448276,66.66666666666666,3.6,31.03448275862069,6.206896551724138,15.799999999999976,0.0
87,1,9,0.4531632717663158,0.4521392445976097,247.54453418586255,19.162005052683362,30.235850669896276,0.12754229900099168,8,0.2413793103448276,66.66666666666666,4.363636363636363,24.82758620689655,8.275862068965518,19.399999999999963,0.03333333333333333
87,1,9,0.44462914126022507,0.450374091189931,257.17574046592483,9.42919906143774,30.874842879869526,0.11826897101730989,6,0.034482758620689655,66.66666666666666,5.0,14.482758620689655,10.344827586206897,22.39999999999995,0.03333333333333333
87,1,8,0.4494247658705646,0.44966130384936787,259.97038831095455,9.455083327107783,31.47873624831492,0.10512918439795099,5,-0.06896551724137931,62.5,6.0,10.344827586206897,10.344827586206897,24.79999999999993,0.03333333333333333
87,1,9,0.4502998190846137,0.449279806633526,260.7456556979436,8.8457347967712,32.022945225478544,0.10118039178254509,9,0.20689655172413793,62.5,6.0,14.482758620689655,8.275862068965518,25.199999999999935,0.03333333333333333
87,1,9,0.44746498224484993,0.44941267633678483,262.2817913246797,7.732253753784864,32.53881031872979,0.10239593024785582,8,0.034482758620689655,66.66666666666666,7.0,14.482758620689655,10.344827586206897,24.800000000000008,0.03333333333333333
87,1,9,0.4539863885810103,0.4495264561694609,262.89406929499853,7.054831245299403,33.00745172329884,0.0937708038271324,8,0.0,66.66666666666666,8.0,12.413793103448276,10.344827586206897,24.80000000000008,0.06666666666666667
87,1,9,,0.44918529109039274,264.07701775602135,8.436960783145159,33.39228262415885,0.09152474854601521,10,0.06896551724137931,70.83333333333334,8.0,14.482758620689655,8.275862068965518,25.800000000000164,0.06666666666666667
87,1,9,0.44752290392885014,0.44903910974968514,265.18788392797245,9.393033745504164,33.82647837947227,0.08379810990581232,10,0.10344827586206896,70.83333333333334,9.0,16.551724137931036,8.275862068965518,25.80000000000023,0.1
87,1,9,0.44673041078002723,0.44896482964310164,266.2982021249739,10.059397102812508,34.23810133043728,0.07776981221453702,9,0.10344827586206896,70.83333333333334,9.0,16.551724137931036,8.275862068965518,24.600000000000303,0.13333333333333333
87,1,9,0.4456923085395785,0.44808515200729376,269.89932012593965,9.21472380527516,34.71306361418758,0.08303776769666872,9,0.0,66.66666666666666,10.0,14.482758620689655,10.344827586206897,24.60000000000035,0.13333333333333333
87,1,9,0.44830056356234566,0.44774443170929773,270.7170899869859,7.96013841148776,35.1433275628855,0.07331451333121013,12,0.06896551724137931,66.66666666666666,9.0,12.413793103448276,8.275862068965518,25.600000000000364,0.13333333333333333
87,1,9,0.44463168845112294,0.44716078495714057,272.5621453139384,7.066050268387162,35.494389623606196,0.06794078301251888,10,0.034482758620689655,70.83333333333334,9.0,12.413793103448276,8.275862068965518,25.40000000000036,0.1
87,1,9,0.44353018389482424,0.44687169182698677,271.84823956720936,7.90614007343108,35.81356457682342,0.0604043158939608,12,0.13793103448275862,70.83333333333334,9.0,16.551724137931036,8.275862068965518,25.40000000000036,0.06666666666666667
87,1,9,0.44757116166251354,0.44674081706891766,272.4813402793286,8.112083991170474,36.09478498418235,0.05079408835104347,12,0.06896551724137931,70.83333333333334,9.0,14.482758620689655,10.344827586206897,24.60000000000035,0.03333333333333333
87,1,9,0.4455533208396507,0.4468812046190086,273.0614417226304,8.293703137223185,36.34983936501685,0.052748656268223545,15,0.1724137931034483,70.83333333333334,8.0,18.620689655172413,8.275862068965518,25.40000000000036,0.0
87,1,9,,0.44668642484753684,274.5031115048342,9.383654222905284,36.581055953260446,0.05602855319696319,15,0.1724137931034483,75.0,9.0,22.75862068965517,8.275862068965518,24.400000000000347,0.03333333333333333
87,1,9,0.44409202891607813,0.44599458675619724,277.31914294395585,8.347314439735968,36.84194911177651,0.047343965528808415,15,0.10344827586206896,70.83333333333334,9.0,18.620689655172413,10.344827586206897,24.400000000000347,0.03333333333333333
87,1,8,0.44957449754475753,0.4463105251708647,276.87041428258306,8.217252660283517,37.08574337787217,0.04501543647457459,13,0.10344827586206896,66.66666666666666,9.0,20.689655172413794,10.344827586206897,25.200000000000358,0.03333333333333333
87,1,9,,0.4466937301508195,277.1673261974163,7.527775482797517,37.293722919828134,0.03742981536518617,17,0.13793103448275862,70.83333333333334,9.0,16.551724137931036,8.275862068965518,24.400000000000347,0.06666666666666667
87,1,9,0.44705747594090645,0.4469215134687875,274.57200318377454,9.355840816052044,37.50987761628255,0.04449272811188341,17,0.1724137931034483,66.66666666666666,9.0,16.551724137931036,8.275862068965518,25.800000000000367,0.06666666666666667
87,1,9,0.44748542431665844,0.4472445787595286,271.67759209660466,9.953193362089038,37.69839050541496,0.0329439944049425,20,0.27586206896551724,66.66666666666666,9.0,18.620689655172413,8.275862068965518,25.600000000000364,0.06666666666666667
87,1,8,0.4514986577630882,0.44793632690076357,269.00312338818696,7.965334346016984,37.86004113886568,0.02934060908144529,20,0.1724137931034483,66.66666666666666,9.0,16.551724137931036,10.344827586206897,24.60000000000035,0.03333333333333333
87,1,9,0.44976425616032795,0.4480286350049846,267.5458704487802,5.769418680848442,38.02287431174959,0.025403826616323157,21,0.20689655172413793,66.66666666666666,9.0,18.620689655172413,8.275862068965518,24.60000000000035,0.03333333333333333
87,1,9,0.44731929515852914,0.44771621276374496,269.0192859263017,7.370557655634647,38.17521334216363,0.027041266791969346,23,0.2413793103448276,70.83333333333334,9.0,24.82758620689655,8.275862068965518,24.60000000000035,0.03333333333333333
87,1,8,0.45125208481807405,0.4477170800483457,269.1632139721812,7.659478381123753,38.29482785105444,0.02640284117999022,26,0.3103448275862069,66.66666666666666,9.0,26.896551724137932,10.344827586206897,25.800000000000367,0.0
87,1,8,0.44574122910144903,0.44801345591328007,269.43466760597204,7.221994966568604,38.4382160746164,0.030927387200304825,24,0.2413793103448276,66.66666666666666,9.0,28.96551724137931,10.344827586206897,25.200000000000315,0.0
88,0,3,1.2401581343333627,1.1876137374091325,7.577852896168075,6.207436400555234,32.75305227564929,0.5278144159273626,0,0.0,8.333333333333332,6.0,10.344827586206897,6.206896551724138,0.0,0.06666666666666667
88,0,3,1.2436928520136368,1.239401714444446,9.415817331900367,5.863422484778964,35.932706609153186,0.7730752812808551,0,0.0,12.5,5.142857142857143,10.344827586206897,6.206896551724138,0.0,0.03333333333333333
88,0,3,1.2349616884292536,1.2381870317838306,10.693136346368403,6.241899931480792,40.761483031659075,1.06045191239856,0,0.0,16.666666666666664,4.5,8.275862068965518,6.206896551724138,0.0,0.03333333333333333
88,0,1,1.2294018539659601,1.237136770891649,12.032634261971335,7.743471466616784,46.85108107223749,1.28113946441448,2,0.034482758620689655,20.833333333333336,6.666666666666667,16.551724137931036,10.344827586206897,0.0,0.03333333333333333
88,0,0,1.2313474391573227,1.237020374070463,13.922411284720182,9.55515979713124,53.42269966138635,1.5153782492314578,1,0.0,33.33333333333333,7.2,22.75862068965517,10.344827586206897,0.0,0.06666666666666667
88,0,0,0.004393241253142161,1.0233094889716847,18.21746990677566,10.224137263690958,59.96589725079375,1.333167059552667,1,0.034482758620689655,33.33333333333333,6.545454545454546,28.96551724137931,6.206896551724138,0.0,0.03333333333333333
88,0,0,0.0027781460557874376,0.8094477530658428,23.27796171952217,7.503452234122612,66.13365078454858,1.1318967737734846,1,0.034482758620689655,33.33333333333333,6.0,26.896551724137932,6.206896551724138,0.0,0.03333333333333333
88,0,0,0.0007956932154488169,0.5959355634097412,26.337732978654394,6.162572739590769,70.76345460731575,0.672128841043243,1,0.034482758620689655,33.33333333333333,6.0,28.96551724137931,6.206896551724138,0.0,0.03333333333333333
88,0,0,0.0009352614575824097,0.383325832727921,28.941093852810504,3.7408101546882646,73.03745852579122,0.1890685273011748,1,0.034482758620689655,33.33333333333333,6.0,26.896551724137932,6.206896551724138,0.0,0.03333333333333333
88,0,0,0.0006412382678810547,0.17155807619425495,30.369514187695838,2.3639019128344825,73.10065461472136,-0.27935466177972684,1,-0.06896551724137931,33.33333333333333,6.0,16.551724137931036,2.0689655172413794,0.0,0.03333333333333333
88,0,0,0.0015766665571279876,0.002004958873263539,30.98371449105499,0.08861917494538375,71.15791444883226,-0.5583767236491848,1,0.0,33.33333333333333,5.0,12.413793103448276,0.0,0.0,0.0
88,0,0,0.00015619914255603565,0.0018753519335251401,30.982594718278147,0.08976735185231995,68.46469764344566,-0.5220639364555822,1,0.0,33.33333333333333,3.0,10.344827586206897,0.0,0.0,0.0
88,0,0,0.0021470506523886775,0.0015536114157482029,30.9752156971693,0.09078170063883262,65.93129050258929,-0.4864761000117928,1,0.0,33.33333333333333,3.0,8.275862068965518,0.0,0.0,0.0
88,0,0,0.0024636613038223083,0.0014180680970850349,30.97317801992244,0.0881284852452275,63.528718353560336,-0.46656075191989976,1,0.0,33.33333333333333,3.0,8.275862068965518,0.0,0.0,0.0
88,0,0,0.005047076868291307,0.0015254212877969025,30.969574780197206,0.08793120291995822,61.28114034994705,-0.43682567547343853,1,0.0,33.33333333333333,3.0,8.275862068965518,0.0,0.0,0.0
88,0,0,0.0037243250225378493,0.0016117636997935816,30.969254175995097,0.08400636950055462,59.162544856339665,-0.41290771753446376,1,0.0,33.33333333333333,1.0,14.482758620689655,0.0,0.0,0.0
88,0,0,0.0002807164655304056,0.0017117948576521255,30.97835411222401,0.08416122368942817,57.16499888831802,-0.38746268973783426,1,0.0,33.33333333333333,0.0,14.482758620689655,0.0,0.0,0.0
88,0,0,0.0015832302369622644,0.0017678678698616085,30.9695996866417,0.0808774304441452,55.288440419373714,-0.36956599302984716,1,0.0,33.33333333333333,0.0,16.551724137931036,0.0,0.0,0.0
88,0,0,0.0022684188428075784,0.0020072885955282945,30.980189326684428,0.07523456270793295,53.65631311827065,-0.34045450355846013,1,0.0,33.33333333333333,0.0,16.551724137931036,0.0,0.0,0.03333333333333333
88,0,0,0.0027731432657220364,0.002060147596167171,30.976074792600436,0.07684251218108369,51.9577492184718,-0.3201270692715876,1,0.0,33.33333333333333,0.0,14.482758620689655,0.0,0.0,0.03333333333333333
88,0,0,0.0025794437923980563,0.001966812215619291,30.96928286274312,0.07464082947964931,50.32690895910478,-0.30883459174995787,1,0.0,33.33333333333333,0.0,16.551724137931036,0.0,0.0,0.03333333333333333
88,0,0,0.0014921378010401022,0.002059164136953863,30.969971885132615,0.0829566615264713,48.798799354573646,-0.28408482734701973,1,0.0,33.33333333333333,0.0,8.275862068965518,0.0,0.0,0.03333333333333333
88,0,0,,0.0022143763855437563,30.966705518518882,0.07744318660115275,47.49137660153844,-0.2649433681459038,1,0.0,33.33333333333333,0.0,8.275862068965518,0.0,0.0,0.06666666666666667
88,0,0,0.0005190099749452238,0.002130720586075272,30.97166558216545,0.08263154308777418,46.2019157753426,-0.2582033174977336,1,0.0,33.33333333333333,0.0,8.275862068965518,0.0,0.0,0.1
88,0,0,0.004577741308163316,0.002263790559891856,30.962421099671623,0.07909324082821247,45.00980768418781,-0.24144167695092292,1,0.0,33.33333333333333,0.0,8.275862068965518,0.0,0.0,0.06666666666666667
88,0,0,0.0026568215041587115,0.002463955557532052,30.967470228387032,0.07894323289354176,43.75548193100233,-0.22526841107712414,1,0.0,33.33333333333333,0.0,6.206896551724138,0.0,0.0,0.06666666666666667
88,0,0,0.0011805928041129093,0.0025000526002615453,30.979885433582663,0.0776995429640991,42.679114649792886,-0.21035551431600139,1,0.0,33.33333333333333,0.0,8.275862068965518,0.0,0.0,0.1
88,0,0,0.003291620878343332,0.0025314920810857572,30.977456227855743,0.07345677650127437,41.543904593976826,-0.1942420455367662,1,0.0,33.33333333333333,0.0,12.413793103448276,0.0,0.0,0.1
88,0,0,0.0029458827288041545,0.0023488635859045368,30.97871017001277,0.07342269473262467,40.58841216620272,-0.19176955861103895,1,0.0,33.33333333333333,0.0,14.482758620689655,0.0,0.0,0.06666666666666667
88,0,0,0.00028216166631627945,0.0024528175010673087,30.989546756704094,0.06417280337201757,39.73825761017977,-0.17910150116436233,1,0.0,33.33333333333333,0.0,14.482758620689655,0.0,0.0,0.03333333333333333
88,0,0,0.0010834414459920914,0.0021137647364219826,30.988648356864353,0.06834518222010627,38.84986992659432,-0.16537445201526374,1,0.0,33.33333333333333,0.0,16.551724137931036,0.0,0.0,0.03333333333333333
89,1,10,1.0433701546703755,1.0066149412204615,20.06028869972537,7.287484658646578,32.36842644570606,0.4937486008991513,1,0.034482758620689655,16.666666666666664,4.0,12.413793103448276,4.137931034482759,1.7999999999999998,0.0
89,1,10,1.0467540100979067,1.0467880038905382,23.355681337947996,4.978162313302846,34.865348733726385,0.4834114389448834,0,-0.034482758620689655,16.666666666666664,5.142857142857143,8.275862068965518,6.206896551724138,3.600000000000001,0.0
89,1,11,,1.047385892180631,24.593684999699718,5.035792779520164,37.02386591757383,0.44024900918380205,0,0.0,20.833333333333336,4.5,10.344827586206897,6.206896551724138,2.200000000000001,0.03333333333333333
89,1,13,,1.047309861673786,25.65387040128937,4.905961896197487,38.182029551638756,0.35360037043904374,1,0.034482758620689655,25.0,4.0,12.413793103448276,6.206896551724138,1.8000000000000012,0.2
89,1,12,,1.0457327876131897,27.282718617692765,4.160543721170395,39.32207270636775,0.2733777102264304,0,0.0,29.166666666666668,6.0,18.620689655172413,10.344827586206897,1.8000000000000012,0.36666666666666664
89,1,13,,1.0452608106048493,27.841484528718308,3.2228426423701833,40.45597803922492,0.20042308312284582,4,0.10344827586206896,45.83333333333333,5.454545454545454,24.82758620689655,8.275862068965518,3.200000000000002,0.5333333333333333
89,1,12,,1.0460179368847522,27.698429435673624,3.2671776136591775,41.55592903664966,0.11295469726756394,1,-0.034482758620689655,45.83333333333333,7.0,22.75862068965517,10.344827586206897,6.200000000000001,0.7
89,1,12,,1.0431881358917556,27.474461870928383,3.8069120667635525,42.613871297896274,0.04446274116913723,1,0.034482758620689655,45.83333333333333,8.0,24.82758620689655,10.344827586206897,9.599999999999984,0.8666666666666667
89,1,12,,,,,,,1,0.034482758620689655,50.0,9.0,24.82758620689655,12.413793103448276,14.399999999999967,1.0
89,1,12,,,,,,,1,0.034482758620689655,45.83333333333333,10.0,24.82758620689655,12.413793103448276,18.99999999999995,1.0
89,1,12,,,,,,,1,-0.034482758620689655,45.83333333333333,11.0,16.551724137931036,12.413793103448276,23.599999999999934,1.0
89,1,12,1.030693218683757,1.030693218683757,54.309477168609824,,61.01682976730005,,2,0.0,45.83333333333333,11.0,10.344827586206897,12.413793103448276,26.399999999999917,0.9666666666666667
89,1,13,1.0360657048964468,1.031476528235386,61.3882247061869,4.327278666158555,61.71386989044154,0.05041055573866711,2,0.0,54.166666666666664,10.0,14.482758620689655,10.344827586206897,26.999999999999986,0.8
89,1,13,1.0344292639310249,1.031878590439906,62.026845171444094,3.1468730337872715,62.416470129740496,0.09829230977473556,2,0.0,50.0,10.0,12.413793103448276,10.344827586206897,27.200000000000067,0.6333333333333333
89,1,12,1.0428436450614127,1.0340337590929214,60.167265021384715,3.836351431108646,63.08061394171409,0.13496991787524373,2,0.0,45.83333333333333,11.0,8.275862068965518,10.344827586206897,27.00000000000015,0.4666666666666667
89,1,10,1.0276253815251586,1.0347158139576742,59.77857447619237,4.623987591407063,63.66200101690203,0.1701856995959832,1,-0.034482758620689655,50.0,13.0,14.482758620689655,12.413793103448276,27.00000000000023,0.3
89,1,9,1.0272374791039365,1.0341554828357895,60.9081485747473,4.890696042139496,64.20678154488886,0.20492595530574503,1,-0.034482758620689655,54.166666666666664,12.0,16.551724137931036,12.413793103448276,27.200000000000312,0.13333333333333333
89,1,8,1.0258379790137069,1.0333213676856061,62.52122449671375,5.480707883408794,64.90730593614605,0.24583500703666356,2,0.034482758620689655,54.166666666666664,13.0,14.482758620689655,12.413793103448276,27.000000000000384,0.0
89,1,7,1.0219122562811205,1.0324749125107722,63.91935535302865,6.449901716365324,66.12053556933614,0.24728013867597481,2,0.0,54.166666666666664,12.0,14.482758620689655,12.413793103448276,26.600000000000378,0.0
89,1,6,1.007422024231382,1.0300833969935697,66.55742099453063,8.887516840558694,67.36886884229612,0.24936287589895986,2,0.06896551724137931,70.83333333333334,12.0,24.82758620689655,12.413793103448276,26.80000000000038,0.0
89,1,5,1.0178605356630293,1.025993782904831,71.629840804803,10.181239842434445,68.67423600742492,0.27785324845735776,2,0.034482758620689655,66.66666666666666,12.0,24.82758620689655,12.413793103448276,26.400000000000375,0.0
89,0,4,1.0202992059828595,1.0228584692834846,75.174503367872,8.18678587677825,70.11445368300103,0.3025986649908586,3,0.0,66.66666666666666,12.0,20.689655172413794,12.413793103448276,26.80000000000038,0.0
89,0,3,1.0128673629352414,1.019954869044968,78.82294282109345,7.994066792693525,71.66607278124167,0.31386331098484815,3,0.034482758620689655,75.0,12.0,22.75862068965517,12.413793103448276,27.200000000000387,0.0
89,0,2,1.022283187079453,1.0184141176858603,81.41825918813402,6.772597665684247,73.24256402119296,0.31117050734047585,3,0.034482758620689655,75.0,12.0,20.689655172413794,12.413793103448276,27.200000000000387,0.0
89,0,1,1.0153916364429743,1.0165761141814145,84.22002628807113,5.170515520357458,74.79006960425335,0.30453304030502903,3,0.034482758620689655,87.5,13.0,26.896551724137932,12.413793103448276,26.80000000000038,0.0
89,0,0,,1.0159054604711186,86.55287631636475,4.8032517152585,76.13654486190742,0.28500060037157826,3,0.034482758620689655,91.66666666666666,13.0,22.75862068965517,12.413793103448276,27.000000000000384,0.03333333333333333
89,0,0,0.003933573975805527,0.8414017692991489,88.32346643148841,6.071566409445727,77.11693426284313,0.1200700050202611,3,0.034482758620689655,91.66666666666666,12.0,20.689655172413794,10.344827586206897,22.60000000000032,0.03333333333333333
89,0,0,0.0,0.665992378695793,91.26160818631438,5.165701823625288,77.2582591922433,-0.05187078834437239,3,0.0,91.66666666666666,10.0,22.75862068965517,8.275862068965518,17.60000000000025,0.03333333333333333
89,0,0,0.00046715512882009616,0.5089841550755595,92.7136537218719,5.136473694977361,76.77320314243259,-0.1973829559069345,3,0.034482758620689655,91.66666666666666,9.0,18.620689655172413,4.137931034482759,13.000000000000185,0.06666666666666667
89,0,0,0.003151609827232054,0.32752950923959034,94.84879150151758,3.640977988951455,75.36838421050595,-0.3353031664697597,3,0.034482758620689655,91.66666666666666,8.0,16.551724137931036,2.0689655172413794,8.40000000000012,0.06666666666666667
89,0,0,0.005095865204125575,0.14682227503548861,96.41834101967308,1.1402662336796046,73.28491880159011,-0.46552210313349024,3,0.0,91.66666666666666,7.0,16.551724137931036,2.0689655172413794,3.800000000000054,0.06666666666666667
90,1,2,0.6170011048307272,0.6131584974018194,9.35342206471042,4.050253311010642,27.454306025957287,0.15705865726320226,1,0.034482758620689655,16.666666666666664,0.0,8.275862068965518,0.0,0.0,0.03333333333333333
90,1,0,0.6251857588928597,0.6204826768157261,10.413316241348632,2.4148553554893715,28.278074811741927,0.15025435165950454,0,0.0,8.333333333333332,3.4285714285714284,6.206896551724138,4.137931034482759,0.0,0.03333333333333333
90,1,0,0.6118151241968519,0.6206323567122936,11.022934790581282,3.14929756696647,29.04194260413719,0.14343171187476242,1,0.034482758620689655,25.0,3.0,12.413793103448276,4.137931034482759,0.2,0.03333333333333333
90,1,0,0.617767097380055,0.6200941546964591,12.680905688769752,4.762079262493159,29.79797761975644,0.14008806837286378,3,0.10344827586206896,25.0,2.6666666666666665,10.344827586206897,4.137931034482759,5.200000000000002,0.03333333333333333
90,1,0,0.6181730401824489,0.6193922132852164,15.02344355144389,6.715091076063739,30.498518767633115,0.13653431161898852,1,0.034482758620689655,33.33333333333333,2.4,14.482758620689655,4.137931034482759,10.199999999999996,0.03333333333333333
90,1,0,0.6182493154009783,0.618480743189955,17.49227900858015,7.767214484617372,31.111819561868128,0.13443709474401372,1,0.034482758620689655,33.33333333333333,2.1818181818181817,14.482758620689655,4.137931034482759,15.199999999999978,0.0
90,1,0,0.6179685761631349,0.6178869886089982,20.25482407802568,8.491664273842655,31.73639565837195,0.12208224905836794,1,0.0,41.66666666666667,2.0,16.551724137931036,2.0689655172413794,20.19999999999996,0.0
90,1,2,0.6122476963827614,0.6166709443875362,25.200315175339657,8.454048222756033,32.336758085008924,0.12006269189825894,2,0.06896551724137931,45.83333333333333,2.0,18.620689655172413,0.0,25.199999999999942,0.0
90,1,3,0.6159645004618731,0.6155341708191238,30.333950866493698,8.093165397318298,32.92587234925064,0.11409052869784547,1,0.0,50.0,2.0,12.413793103448276,0.0,28.999999999999925,0.0
90,1,5,0.6072382325321007,0.6140026850280348,34.94064315820916,9.052396159750707,33.443556542442245,0.10087253674590038,2,0.0,58.333333333333336,2.0,16.551724137931036,0.0,28.999999999999957,0.0
90,1,6,0.6054322556238062,0.612250566701779,40.361069360449015,11.098174729501563,33.95150147559808,0.0910791867147171,2,0.034482758620689655,62.5,2.0,14.482758620689655,0.0,29.00000000000004,0.0
90,1,7,0.6027963480649651,0.6101498733164821,47.091939477648246,13.240693667747609,34.419380458976754,0.09842380435892686,2,0.0,75.0,2.0,20.689655172413794,0.0,29.000000000000128,0.0
90,1,8,0.6027212039938603,0.608601836268542,53.53375420049635,12.759041715419547,34.863196405981434,0.09445032445555694,3,0.06896551724137931,75.0,2.0,16.551724137931036,0.0,29.000000000000217,0.03333333333333333
90,1,10,0.605351470253264,0.6075526051461139,60.35871789606781,12.920730590322044,35.3322806386991,0.09376770080423863,3,0.06896551724137931,87.5,0.0,20.689655172413794,0.0,29.000000000000306,0.03333333333333333
90,1,11,0.5998875538607636,0.6053236870976024,66.39935039171992,11.89166484459461,35.722566292152706,0.089011797736354,3,0.06896551724137931,87.5,0.0,18.620689655172413,0.0,29.000000000000394,0.06666666666666667
90,1,13,0.6012114601348656,0.6043809080783261,72.93605325526677,9.817618978279183,36.18537755765952,0.08616165527735929,4,0.06896551724137931,100.0,0.0,22.75862068965517,0.0,29.000000000000412,0.06666666666666667
90,1,14,0.5953391307854713,0.603320513120657,78.6305559059846,8.266379133814706,36.64687422022052,0.08860370973171501,4,0.06896551724137931,100.0,0.0,20.689655172413794,0.0,29.000000000000412,0.06666666666666667
90,1,15,0.5927925923974607,0.602057528218206,82.56881917985594,6.836453298744835,37.12519504401966,0.08485736378846234,6,0.13793103448275862,100.0,0.0,18.620689655172413,0.0,29.000000000000412,0.06666666666666667
90,1,17,0.5958569301843094,0.6010941353348208,85.16992699257139,5.275600699927398,37.49989331237121,0.08527676634307504,6,0.10344827586206896,100.0,0.0,16.551724137931036,0.0,29.000000000000412,0.06666666666666667
90,1,16,0.5952278268353485,0.5996095405954601,87.94124595348269,4.113882175769125,37.977328173005404,0.09291855645275027,6,0.10344827586206896,95.83333333333334,2.0,14.482758620689655,4.137931034482759,28.400000000000404,0.06666666666666667
90,1,16,0.5999007140495498,0.5990423383512542,90.19345261575394,3.8499584112693763,38.43874941491108,0.09938773291901319,5,0.06896551724137931,100.0,3.0,14.482758620689655,6.206896551724138,27.800000000000395,0.03333333333333333
90,1,16,0.5931379215963435,0.5975581492943512,92.17921783517025,3.6190535596467517,38.89339275259165,0.0915565649821613,3,-0.034482758620689655,95.83333333333334,5.0,10.344827586206897,10.344827586206897,27.200000000000387,0.06666666666666667
90,1,16,0.5916344061422719,0.5965006287281088,93.70364121167779,4.067527584669608,39.418775127103004,0.0923066644374667,4,0.0,95.83333333333334,6.0,10.344827586206897,12.413793103448276,27.000000000000384,0.06666666666666667
90,1,16,0.5962992260269303,0.5962373268216962,94.85340294342404,3.748296281262682,39.92438042307718,0.0950957524252168,3,-0.10344827586206896,95.83333333333334,7.0,6.206896551724138,14.482758620689655,25.800000000000367,0.06666666666666667
90,1,17,0.5955212367050112,0.5955178474101821,95.95994680218615,3.001062598213767,40.37878948458445,0.096423434182837,3,-0.06896551724137931,91.66666666666666,8.0,6.206896551724138,14.482758620689655,25.600000000000364,0.03333333333333333
90,1,16,0.5976604466855165,0.5950154198289538,96.24732016872628,2.547259870509926,40.87948243785526,0.09008753654772002,1,-0.13793103448275862,87.5,10.0,6.206896551724138,16.551724137931036,25.600000000000364,0.03333333333333333
90,1,16,0.5937087953382555,0.5950248603742314,95.72623201363089,3.0217847626212087,41.33440205378101,0.0848195928934787,3,-0.06896551724137931,95.83333333333334,11.0,10.344827586206897,16.551724137931036,25.000000000000355,0.03333333333333333
90,1,16,0.5984378354168228,0.5954644983237488,94.32821721968502,3.7825737623788216,41.69658267055832,0.07228532927017332,2,-0.06896551724137931,91.66666666666666,13.0,10.344827586206897,16.551724137931036,25.40000000000036,0.0
90,1,16,0.5985264507048988,0.595785223729849,93.16623613234488,3.4782204650932256,42.04568151807608,0.06553748654829725,3,-0.034482758620689655,91.66666666666666,14.0,12.413793103448276,16.551724137931036,24.800000000000352,0.0
90,1,17,0.6023163055696853,0.5963308104285837,91.70666721569273,3.854642616433736,42.37803305058573,0.06166971243749133,3,0.0,87.5,15.0,12.413793103448276,16.551724137931036,24.800000000000352,0.0
90,1,16,0.6046014278849979,0.5978279808748194,88.43089013435709,5.909512540154087,42.65059233740479,0.043230012308651186,2,0.0,79.16666666666666,17.0,12.413793103448276,16.551724137931036,24.40000000000005,0.0
91,0,16,0.9526098026805658,0.9372427056677612,17.7459356815147,9.053195480676983,29.113532946438063,0.2868354274186414,1,0.034482758620689655,20.833333333333336,6.0,16.551724137931036,6.206896551724138,1.0,0.0
91,0,15,0.9640106832225673,0.9609292992903229,20.59846095299371,6.932460939478713,30.537789655135438,0.2848192958511645,0,0.0,20.833333333333336,8.571428571428571,18.620689655172413,10.344827586206897,1.0,0.0
91,0,15,0.9631706005469743,0.9598905405552706,22.5247815001094,3.942220411435106,31.942439323578515,0.27204766992321805,1,0.034482758620689655,16.666666666666664,9.0,12.413793103448276,12.413793103448276,1.4,0.0
91,0,15,0.9610674865400024,0.9595821364873897,23.006912129657287,3.8026479874794803,33.30092843655479,0.2637769998717792,0,0.0,20.833333333333336,10.666666666666666,18.620689655172413,16.551724137931036,0.3999999999999999,0.0
91,0,16,0.9578320333616097,0.959354692911281,23.79441560302694,3.801222823708536,34.58997583380377,0.252040261572115,2,0.034482758620689655,25.0,10.8,20.689655172413794,16.551724137931036,0.3999999999999999,0.0
91,0,17,0.9567959655993675,0.9586306507529319,25.22392492011165,4.7419380683290555,35.80195207640826,0.23158241334372173,1,0.0,25.0,10.909090909090908,18.620689655172413,16.551724137931036,0.3999999999999999,0.0
91,0,17,0.958411497403965,0.9586751318687596,24.759385297810145,4.825226541896785,36.94171368646981,0.2248485662667743,1,0.034482758620689655,20.833333333333336,12.0,18.620689655172413,16.551724137931036,0.3999999999999999,0.0
91,0,17,0.9563137386073083,0.9578761613496681,26.13221483836408,5.032307109483405,38.0480445521337,0.219381751557704,2,0.06896551724137931,20.833333333333336,14.0,18.620689655172413,18.620689655172413,0.3999999999999999,0.0
91,0,17,0.9621604180040538,0.9577551064966751,26.53585908095962,4.848844281203167,39.08534628377455,0.19222583587444794,0,-0.034482758620689655,12.5,16.0,16.551724137931036,20.689655172413794,0.0,0.0
91,0,19,0.9595380676598076,0.9582879614538232,25.59983332602996,5.891198996996351,40.049956144887716,0.18624878960627553,1,0.034482758620689655,12.5,16.0,12.413793103448276,16.551724137931036,0.0,0.0
91,0,19,0.9637018024552279,0.9592935400678891,23.953075633126478,7.053416534705003,40.98315050411165,0.1836818918944026,2,0.034482758620689655,8.333333333333332,17.0,8.275862068965518,16.551724137931036,0.0,0.0
91,0,20,0.9710817809421911,0.9611600375029131,20.664318321073154,7.158075648141679,41.85904472967727,0.16385693656427333,1,0.0,16.666666666666664,18.0,14.482758620689655,18.620689655172413,0.0,0.0
91,0,22,0.9521420203605281,0.961180455003439,21.618745879988303,8.359482554522218,42.57707382607713,0.14142927132396246,1,0.0,29.166666666666668,16.0,16.551724137931036,14.482758620689655,0.0,0.03333333333333333
91,0,22,0.9484587947468966,0.9602483568631747,23.603911552770867,11.233140719998422,43.28791497863093,0.1340598857402233,2,0.034482758620689655,33.33333333333333,15.0,18.620689655172413,12.413793103448276,0.0,0.03333333333333333
91,0,23,0.9494927056589036,0.9585516534980641,27.537565138028665,13.74971749889945,43.99324279077549,0.13400032873376086,1,0.034482758620689655,41.66666666666667,15.0,24.82758620689655,10.344827586206897,0.0,0.03333333333333333
91,0,23,0.953939737624712,0.9569957071933328,30.922387743467223,13.317705023447587,44.71771798468207,0.13984748194743227,2,0.034482758620689655,37.5,15.0,26.896551724137932,12.413793103448276,0.3999999999999999,0.03333333333333333
91,0,23,0.9525914321275485,0.954930197270787,34.61046452880787,11.477445191939044,45.370002809586204,0.13529538398439692,1,0.034482758620689655,41.66666666666667,16.0,28.96551724137931,12.413793103448276,0.3999999999999999,0.06666666666666667
91,0,23,0.9490822959954633,0.9523917548145076,38.22893667252871,5.195438268893594,46.15043826558106,0.14067127485145697,2,0.06896551724137931,33.33333333333333,17.0,24.82758620689655,16.551724137931036,0.3999999999999999,0.06666666666666667
91,0,23,0.9583070324803992,0.9527116449230112,37.61239493138338,6.309459762867122,46.706467733138695,0.1581763080512631,1,-0.034482758620689655,25.0,17.0,18.620689655172413,20.689655172413794,0.5999999999999999,0.1
91,0,23,0.9543895113015273,0.9537408953459866,35.50268000757953,6.442249080948788,47.54979010726178,0.14525301799611035,1,0.0,29.166666666666668,17.0,20.689655172413794,22.75862068965517,0.5999999999999999,0.1
91,0,23,0.9558326343339069,0.9544352980416259,33.700856509166435,4.482381820097562,48.339193181006,0.1405466382815272,1,-0.06896551724137931,33.33333333333333,17.0,20.689655172413794,22.75862068965517,0.5999999999999999,0.1
91,0,23,0.9614880604253117,0.9550709519737189,32.22380125591407,4.421265216793911,49.02333715899239,0.11879243373210063,0,-0.034482758620689655,25.0,19.0,16.551724137931036,22.75862068965517,0.19999999999999996,0.1
91,0,23,0.9567571970048664,0.9565647902832479,29.621554094648392,5.165137877294325,49.574080347682916,0.10168930095610332,1,0.034482758620689655,29.166666666666668,19.0,18.620689655172413,22.75862068965517,0.3999999999999999,0.06666666666666667
91,0,23,0.9625466701972892,0.9582158984503956,27.30741461440471,5.8873191975888215,50.11239841670289,0.09616310892959685,1,0.0,25.0,20.0,20.689655172413794,24.82758620689655,0.19999999999999996,0.06666666666666667
91,0,23,0.9634419959266474,0.9588106865231573,26.316514358343614,6.10404040036832,50.42926184807556,0.07090943404774527,0,-0.034482758620689655,25.0,22.0,22.75862068965517,24.82758620689655,0.19999999999999996,0.0
91,0,24,0.9553652934948035,0.9588795200941801,26.205529413157844,6.336219566693381,50.78081725054791,0.061671268527505936,1,0.0,33.33333333333333,22.0,22.75862068965517,22.75862068965517,0.19999999999999996,0.0
91,0,24,0.9544807547105089,0.9583168841618451,27.213242708661618,8.023592318236297,51.08803333762484,0.0624734311665998,1,0.0,37.5,23.0,24.82758620689655,22.75862068965517,0.40000000000000013,0.0
91,0,24,0.951169400144631,0.9577040028879859,30.394101217420676,11.47040533588688,51.378272816456295,0.0530980347244374,2,0.0,45.83333333333333,23.0,33.10344827586207,22.75862068965517,0.6000000000000003,0.0
91,0,24,0.9451485597117252,0.9552651151046911,35.66455331511547,13.599459734697174,51.65763592819333,0.05567119361186114,1,-0.034482758620689655,45.83333333333333,23.0,31.03448275862069,22.75862068965517,0.6000000000000005,0.0
91,0,24,0.9476740898640785,0.9527908804002672,40.6242918488344,12.505356222709418,51.97395480613798,0.07550543059267718,1,0.034482758620689655,45.83333333333333,23.0,31.03448275862069,20.689655172413794,0.8000000000000007,0.0
91,0,24,0.946980348508882,0.9501044284740814,45.61967121143577,9.206245221508492,52.33310115722451,0.08805700645017259,1,0.0,45.83333333333333,23.0,33.10344827586207,22.75862068965517,2.600000000000002,0.03333333333333333
92,1,12,0.9112280339921477,0.8783409534347646,17.386152071987667,8.122250644909823,33.13134316924561,0.5818763661532114,1,0.034482758620689655,25.0,2.0,14.482758620689655,2.0689655172413794,4.000000000000001,0.1
92,1,12,0.9183278653642303,0.9140620025726073,21.13263352394129,5.15345092818096,36.40220283318394,0.5729587562493579,1,0.034482758620689655,20.833333333333336,3.4285714285714284,6.206896551724138,4.137931034482759,4.000000000000001,0.1
92,1,13,0.9151154732708603,0.9144373780642486,23.01953483715779,4.994739009829382,39.492019195062646,0.541966563410841,2,0.06896551724137931,25.0,4.5,10.344827586206897,6.206896551724138,3.8000000000000007,0.1
92,1,13,0.9038396248833996,0.9133999278097358,25.40333040442038,4.763117064228581,42.430946535589705,0.5184369932103696,1,0.0,29.166666666666668,5.333333333333333,14.482758620689655,8.275862068965518,1.2000000000000006,0.1
92,1,12,0.9041189593013268,0.9112420333213953,28.849872835285847,5.93544890676136,44.95338748122648,0.5096266763851686,1,0.034482758620689655,41.66666666666667,6.0,20.689655172413794,10.344827586206897,1.6000000000000014,0.06666666666666667
92,1,11,0.8842902268665718,0.9080219709059183,34.78411716227941,15.100187590181354,46.85549191895067,0.5034368579469846,2,0.034482758620689655,70.83333333333334,6.545454545454546,33.10344827586207,12.413793103448276,4.000000000000003,0.03333333333333333
92,1,10,0.8855872991803175,0.9033672914427658,43.912257221550284,22.73683057377154,49.49720772824741,0.5161200783681875,3,0.06896551724137931,75.0,7.0,37.241379310344826,12.413793103448276,7.9999999999999885,0.03333333333333333
92,1,9,0.8838761085460319,0.8976858244041805,55.33058511748864,26.759534468337907,52.1896172331679,0.531102674769429,3,0.06896551724137931,83.33333333333334,8.0,41.37931034482759,12.413793103448276,12.399999999999974,0.03333333333333333
92,1,8,0.8756939284689677,0.891593824315021,67.6721859470929,27.27206106677465,54.95591950056759,0.5387128255665654,6,0.1724137931034483,91.66666666666666,9.0,51.724137931034484,12.413793103448276,17.399999999999956,0.03333333333333333
92,1,7,0.8785494004059896,0.8868353473996667,77.79182964130261,22.281681077619005,57.31334921803677,0.5538389853162893,7,0.1724137931034483,91.66666666666666,10.0,51.724137931034484,12.413793103448276,21.399999999999938,0.1
92,1,6,0.8740639355661526,0.8819691402380916,88.23776978405361,11.37517523782338,60.38830572638857,0.5379983040357241,9,0.2413793103448276,91.66666666666666,11.0,47.58620689655172,12.413793103448276,25.39999999999992,0.1
92,1,5,0.8834219525456337,0.8807943444351315,91.47292401062215,6.295172211500975,62.99113280886049,0.5208065017342315,10,0.27586206896551724,91.66666666666666,12.0,37.241379310344826,10.344827586206897,27.199999999999967,0.06666666666666667
92,1,4,0.882291609159155,0.8804431586729258,92.58183865758231,4.464757972503067,65.70033940138126,0.4946224356164583,13,0.3448275862068966,87.5,12.0,39.310344827586206,12.413793103448276,27.800000000000054,0.06666666666666667
92,1,3,0.875338773782543,0.8791320373350594,93.38742102142432,4.6361816130384526,68.10517799728684,0.4696106816860032,14,0.3793103448275862,95.83333333333334,12.0,39.310344827586206,12.413793103448276,28.000000000000135,0.1
92,1,1,,0.8793392613653537,93.40133968227772,5.193788485173314,70.24433711504747,0.4118594239281561,14,0.3103448275862069,91.66666666666666,13.0,33.10344827586207,12.413793103448276,27.600000000000218,0.16666666666666666
92,1,0,0.873074668509552,0.8786909635940225,94.63105498748986,5.995888664659437,72.21836490163486,0.4202771078619041,16,0.3448275862068966,91.66666666666666,13.0,33.10344827586207,12.413793103448276,27.4000000000003,0.1
92,1,0,0.002273947124645267,0.8134615799177831,96.15740819670972,6.779587475544928,74.4794574138843,0.3651915205996208,16,0.27586206896551724,95.83333333333334,12.0,33.10344827586207,10.344827586206897,25.400000000000357,0.1
92,1,0,0.003728790033420406,0.6505379554904612,98.49020135550953,6.502131319297234,75.90776356167933,0.17729275379100687,16,0.2413793103448276,95.83333333333334,11.0,47.58620689655172,8.275862068965518,20.600000000000293,0.1
92,1,0,0.001958334448059037,0.487640418484126,101.38694493012464,3.607667753264272,76.40053033985163,0.013492480796732455,16,0.20689655172413793,95.83333333333334,10.0,55.86206896551724,6.206896551724138,16.000000000000227,0.1
92,1,0,0.0,0.34529024734920666,102.40916839556435,1.9078855364422445,75.88417721338341,-0.167783291045435,16,0.06896551724137931,95.83333333333334,9.0,60.0,4.137931034482759,11.000000000000156,0.06666666666666667
92,1,0,0.0038937176913890147,0.23534285543276848,102.5514604401272,1.5481329496038039,74.69006207816297,-0.3281790552284213,16,0.034482758620689655,95.83333333333334,8.0,70.34482758620689,2.0689655172413794,6.400000000000091,0.0
92,1,0,0.001983157764988896,0.08981557134162885,102.86463713627198,0.09481533642766919,72.73659487915481,-0.48457503050139134,16,0.034482758620689655,95.83333333333334,7.0,78.62068965517241,0.0,2.2000000000000313,0.0
92,1,0,0.0,0.0023801490432663617,102.88895893889561,0.08448483824965243,70.09980480722878,-0.5406497640168254,16,0.0,95.83333333333334,6.0,80.6896551724138,0.0,0.0,0.0
92,1,0,0.00030794148918594544,0.0023621080244233188,102.89498696219182,0.08416709512461615,67.4608911070692,-0.5139698378597117,16,0.0,95.83333333333334,5.0,70.34482758620689,0.0,0.0,0.0
92,1,0,0.0004835175244038553,0.002390926569599603,102.89338321334915,0.08285502842308434,64.97687788478228,-0.4811268579372118,16,0.0,95.83333333333334,4.0,62.06896551724138,0.0,0.0,0.0
92,1,0,0.004129791015065803,0.0025271633800191752,102.89008544440235,0.07630273508543507,62.64271091923036,-0.45594145735956926,16,0.0,95.83333333333334,3.0,64.13793103448276,0.0,0.0,0.0
92,1,0,0.0011493142211368927,0.0021221077084503668,102.89237748372975,0.07338950631414551,60.45184569745027,-0.42287803882730585,16,0.0,95.83333333333334,1.0,60.0,0.0,0.0,0.0
92,1,0,0.004998763604725685,0.002352209640264004,102.89071441120286,0.07871027486168146,58.383536442649536,-0.397175566523173,16,0.0,95.83333333333334,0.0,62.06896551724138,0.0,0.0,0.0
92,1,0,0.002478497738211483,0.0022908749311753773,102.8846254684558,0.07641781865260516,56.573147197342614,-0.3719339250664019,16,0.0,95.83333333333334,0.0,55.86206896551724,0.0,0.0,0.03333333333333333
92,1,0,0.0,0.0022300366755506978,102.87272167346372,0.08279071879400814,54.68401637085179,-0.35118854764002927,16,0.0,95.83333333333334,0.0,68.27586206896552,0.0,0.0,0.03333333333333333
92,1,0,0.001987962246525587,0.002031582958221103,102.87262740106993,0.07995862691473331,53.05299826676213,-0.3338955142222981,16,0.0,95.83333333333334,0.0,57.93103448275862,0.0,0.0,0.06666666666666667
93,1,8,0.9748792625103514,0.9627853432110498,38.198007010169334,24.895422583775737,30.84650761807516,0.4269325550168721,5,0.1724137931034483,91.66666666666666,2.0,49.6551724137931,2.0689655172413794,8.200000000000003,0.0
93,1,8,0.9690356848794139,0.98739509002392,49.45428367230452,24.519139195831396,32.87878332412867,0.4601687670690864,10,0.3103448275862069,91.66666666666666,3.4285714285714284,51.724137931034484,4.137931034482759,12.999999999999986,0.03333333333333333
93,1,8,0.9758639305360485,0.9820487507835893,60.94067145218446,20.854653958357034,35.257972997538815,0.4635910591052305,12,0.27586206896551724,87.5,4.5,45.51724137931034,6.206896551724138,17.999999999999968,0.03333333333333333
93,1,8,0.9654079189219565,0.9767633694692852,71.28530162882659,15.688816818493308,37.63251862880671,0.4666547486606435,15,0.3793103448275862,95.83333333333334,4.0,45.51724137931034,6.206896551724138,22.99999999999995,0.03333333333333333
93,1,8,0.9711774412739946,0.9731389951864792,78.69773040490209,9.904855579321028,40.02097571577462,0.46943405718126224,17,0.4827586206896552,91.66666666666666,4.8,43.44827586206897,8.275862068965518,27.999999999999932,0.03333333333333333
93,1,7,0.9656016831716926,0.9705527874688705,83.39384319375253,5.0316759347889946,42.38941618177121,0.45502718667328546,19,0.5517241379310345,91.66666666666666,5.454545454545454,45.51724137931034,8.275862068965518,28.199999999999918,0.03333333333333333
93,1,7,0.9640268702089868,0.9684873350910691,86.15796167130051,4.057374672866189,44.54926273462212,0.43633009781596144,27,0.7586206896551724,91.66666666666666,6.0,53.793103448275865,8.275862068965518,27.799999999999986,0.06666666666666667
93,1,8,0.9651901524176821,0.9676087348376098,87.84486851755973,3.8295922056692797,46.52624963011284,0.4109169296275424,31,0.6896551724137931,95.83333333333334,6.0,51.724137931034484,8.275862068965518,27.80000000000007,0.03333333333333333
93,1,7,,0.9660239488093891,89.686472012875,3.1048258132507267,48.40884181213134,0.3818149309201678,33,0.7241379310344828,100.0,7.0,57.93103448275862,8.275862068965518,27.80000000000016,0.06666666666666667
93,1,8,0.9604203118605393,0.9650156396525471,91.62499954127642,4.2465613745486115,50.47051874407806,0.3744486450332643,33,0.6206896551724138,100.0,7.0,55.86206896551724,8.275862068965518,27.80000000000025,0.06666666666666667
93,1,8,0.9611760755061077,0.9635959296142812,93.24375080848212,3.9068049734741526,52.4272536197827,0.353845456019461,33,0.5517241379310345,95.83333333333334,8.0,53.793103448275865,8.275862068965518,27.800000000000338,0.06666666666666667
93,1,8,0.9625054971383471,0.9627351040083826,94.69558185421872,2.764620130576328,54.29866879211189,0.32137797511492505,32,0.4482758620689655,91.66666666666666,8.0,51.724137931034484,8.275862068965518,28.000000000000398,0.06666666666666667
93,1,8,0.9569801859594568,0.9628157120687739,95.53884181080785,2.7616569746533637,55.77746960195856,0.31323898326922556,33,0.2413793103448276,95.83333333333334,8.0,39.310344827586206,6.206896551724138,28.600000000000406,0.03333333333333333
93,1,8,0.9629399685775238,0.9623188896247141,96.50219392466006,2.546115075273682,57.34784924668383,0.2937526286596613,33,0.034482758620689655,100.0,8.0,39.310344827586206,8.275862068965518,28.000000000000398,0.03333333333333333
93,1,8,0.9606230196924713,0.9618057877379065,97.42692199851615,1.9395522280920536,58.56148093113138,0.27956944028118197,32,-0.034482758620689655,95.83333333333334,8.0,33.10344827586207,8.275862068965518,28.000000000000398,0.03333333333333333
93,1,9,0.9584604449996625,0.9619595648476668,97.3637065123799,1.9145963691180359,59.94333527588494,0.25557826273729856,33,0.0,95.83333333333334,8.0,37.241379310344826,6.206896551724138,28.000000000000398,0.03333333333333333
93,1,8,0.9623944286682367,0.9617267239155347,97.6371765611474,2.040305497922776,61.23105123643357,0.24023895050295704,31,-0.06896551724137931,100.0,8.0,41.37931034482759,8.275862068965518,27.600000000000392,0.03333333333333333
93,1,9,0.9593727319630762,0.9614455995592065,98.61621954050511,2.110939647562826,62.44259659622139,0.22832687723763553,33,0.034482758620689655,100.0,7.0,45.51724137931034,6.206896551724138,28.000000000000398,0.03333333333333333
93,1,8,0.9637575490244318,0.9611579683584822,98.65952140312251,2.0979779673229215,63.5719404686998,0.2086389203751168,33,0.0,95.83333333333334,7.0,53.793103448275865,8.275862068965518,28.000000000000398,0.03333333333333333
93,1,8,0.9634618822955342,0.9608097496300452,98.4771348349794,2.0963318653492014,64.59963378644153,0.18594469789027518,33,0.0,95.83333333333334,8.0,53.793103448275865,8.275862068965518,28.000000000000398,0.03333333333333333
93,1,9,,0.9614869521364738,97.9310087514796,2.2160841124830655,65.33239627922528,0.16584727293572904,33,0.0,95.83333333333334,7.0,64.13793103448276,6.206896551724138,28.000000000000398,0.03333333333333333
93,1,8,0.9589667817618363,0.961009254401761,98.53575383501384,3.319101883297518,66.17197875997486,0.15941804253069664,33,0.0,100.0,8.0,64.13793103448276,8.275862068965518,27.600000000000392,0.03333333333333333
93,1,8,0.9574781734314116,0.9614522546072409,98.83497322190725,3.249607151110248,66.8943433931119,0.14075573075501044,33,0.06896551724137931,95.83333333333334,8.0,66.20689655172414,8.275862068965518,28.000000000000398,0.06666666666666667
93,1,7,0.9637274592364085,0.9615268845928685,98.41867585742717,3.1221963408254485,67.63158166048791,0.13149891983891995,32,-0.034482758620689655,91.66666666666666,8.0,57.93103448275862,8.275862068965518,28.000000000000398,0.06666666666666667
93,1,8,0.9645450367923041,0.9616859428998281,98.06857873129812,3.330359221371245,68.27881014953518,0.12917586656178892,33,0.0,91.66666666666666,8.0,57.93103448275862,8.275862068965518,28.000000000000398,0.1
93,1,8,0.9631774911072286,0.9618948750383192,97.78360383299285,3.458054440584213,68.97517914751303,0.12282727255087388,33,0.0,95.83333333333334,8.0,57.93103448275862,8.275862068965518,28.00000000000034,0.1
93,1,7,,0.961702257876013,97.79319312605378,3.4915687980619396,69.50798817792362,0.10938361374760588,33,0.034482758620689655,95.83333333333334,8.0,47.58620689655172,8.275862068965518,28.200000000000003,0.1
93,1,7,0.9647403338911338,0.9623394481522959,96.1587866698687,2.7963448775716033,70.1597009588804,0.11018047635330283,33,0.0,91.66666666666666,9.0,41.37931034482759,10.344827586206897,28.199999999999648,0.1
93,1,7,0.9655251872178302,0.9623606013380911,95.0181018997638,2.6046250366986636,70.67423388866301,0.10560035066888894,33,0.0,95.83333333333334,8.0,43.44827586206897,8.275862068965518,28.199999999999292,0.06666666666666667
93,1,7,0.9632736182918741,0.9623827682309996,93.12433965008616,3.001578212148667,71.21759376966891,0.094538787239784,33,0.0,91.66666666666666,9.0,39.310344827586206,8.275862068965518,28.199999999998937,0.06666666666666667
93,1,8,0.9686060820148973,0.9632309940167578,91.73305133514492,3.4787144091151676,71.65969290293847,0.09607319682343005,33,0.0,91.66666666666666,8.0,35.172413793103445,8.275862068965518,28.19999999999858,0.03333333333333333
94,1,13,0.823426546275181,0.8427071019952233,169.1231774173006,88.40571603295054,32.22891256491678,0.5057178067911328,7,0.2413793103448276,62.5,6.0,51.724137931034484,6.206896551724138,11.59999999999999,0.0
94,1,13,0.8250120949832497,0.8505983615709644,209.06307556704613,70.7346938703041,34.8276027242809,0.5206460730658067,14,0.4482758620689655,66.66666666666666,6.857142857142857,60.0,8.275862068965518,15.799999999999976,0.0
94,1,13,0.8182084982524498,0.8383241384169285,238.50363467023456,51.631966604112,37.39870962936898,0.5028826270408097,20,0.6896551724137931,66.66666666666666,7.5,62.06896551724138,10.344827586206897,18.99999999999996,0.0
94,1,13,,0.8272003662403383,261.29125897276634,25.321697353823115,39.67088289355504,0.496390418804518,22,0.6896551724137931,66.66666666666666,8.0,64.13793103448276,12.413793103448276,20.799999999999944,0.03333333333333333
94,1,14,0.825193761838746,0.8225598241857929,271.1963046744289,6.387346630999082,42.266751591675046,0.4882798879052403,25,0.7241379310344828,66.66666666666666,8.4,55.86206896551724,14.482758620689655,24.799999999999926,0.03333333333333333
94,1,14,0.8261314161810298,0.8222095410380718,272.22859040135626,5.808634415196484,44.7221215441532,0.4610671974241618,27,0.6551724137931034,66.66666666666666,8.727272727272727,55.86206896551724,14.482758620689655,25.199999999999932,0.03333333333333333
94,1,14,0.8231487765455306,0.8218177826985393,273.984057126351,3.8697469756786784,47.04074081125173,0.4342011853847965,29,0.5862068965517241,66.66666666666666,9.0,47.58620689655172,12.413793103448276,25.60000000000001,0.03333333333333333
94,1,14,0.817296077212962,0.8215190950899689,274.37929134644645,5.057389143040561,49.25259297427714,0.4143906979002065,33,0.5517241379310345,70.83333333333334,10.0,47.58620689655172,12.413793103448276,25.400000000000087,0.03333333333333333
94,1,13,0.8301242683174085,0.8223910802617082,273.0490985979908,5.661872601247526,51.35400739537213,0.39724496680888643,29,0.3103448275862069,66.66666666666666,12.0,47.58620689655172,14.482758620689655,25.200000000000163,0.03333333333333333
94,1,13,0.818186947612455,0.8234224225566277,271.35173470757013,5.546140405055463,53.13308091330179,0.3731898068717959,32,0.3103448275862069,66.66666666666666,13.0,55.86206896551724,14.482758620689655,24.800000000000235,0.0
94,1,13,0.8199981027233451,0.8235656179518093,271.0351326285796,5.316583466200295,54.982648320975834,0.36679664625491903,33,0.2413793103448276,66.66666666666666,14.0,62.06896551724138,14.482758620689655,24.800000000000313,0.0
94,1,14,0.8157786087789886,0.8230536171318518,271.618763028107,6.19232980139825,56.7718133901201,0.3581483376095141,32,0.13793103448275862,70.83333333333334,14.0,60.0,14.482758620689655,24.800000000000352,0.0
94,1,14,0.8200668569892308,0.8219920703950393,272.860687076947,7.804389248595684,58.530082820141814,0.3475116708322131,33,0.10344827586206896,66.66666666666666,13.0,55.86206896551724,14.482758620689655,25.40000000000036,0.0
94,1,14,0.8202954144806162,0.8222310876812461,272.55077111321174,7.120047680004235,60.21568641524721,0.3311687767618869,32,0.0,66.66666666666666,13.0,49.6551724137931,12.413793103448276,26.200000000000372,0.0
94,1,14,0.8173867613162885,0.8212831842183488,274.20668531617827,6.826795436562626,61.815791275821766,0.3187648798152853,33,0.0,66.66666666666666,13.0,45.51724137931034,12.413793103448276,26.200000000000372,0.0
94,1,14,0.8287075348867551,0.8210876013123571,274.12397834494266,7.169906368550924,63.354967391921825,0.29814745712077156,33,0.0,62.5,13.0,41.37931034482759,12.413793103448276,26.80000000000038,0.0
94,1,13,0.8293499741585824,0.8213467098614287,273.4460819457111,7.729019085522184,64.77219577051572,0.27552961080761884,29,-0.13793103448275862,62.5,14.0,33.10344827586207,14.482758620689655,26.600000000000378,0.0
94,1,13,0.829089940613053,0.8216800581446486,274.09150386252134,7.867202162522379,66.09534209355861,0.2553530623378417,33,0.0,62.5,14.0,35.172413793103445,14.482758620689655,26.400000000000375,0.0
94,1,13,0.8254654861766397,0.8224532806916466,273.83194190351225,7.119846484634402,67.30953690124535,0.23784205892820226,33,0.0,62.5,14.0,39.310344827586206,14.482758620689655,25.800000000000367,0.0
94,1,14,0.818931804901286,0.8221605681224928,274.1680931095906,7.342712737452811,68.4309753455067,0.21930045061861994,33,0.0,62.5,14.0,37.241379310344826,14.482758620689655,25.600000000000364,0.0
94,1,13,0.8159932269849838,0.8224818053033972,274.11687035288156,7.315210354548952,69.48064243606149,0.20154447074584964,33,0.0,62.5,13.0,35.172413793103445,14.482758620689655,25.600000000000364,0.0
94,1,12,0.8227193377872992,0.822138811801738,275.69845147996057,6.110294011607099,70.46272114782224,0.191970760699711,33,0.06896551724137931,62.5,13.0,33.10344827586207,12.413793103448276,25.600000000000364,0.0
94,1,11,0.8203838862407159,0.821635376394554,277.434839057802,4.173692650411769,71.40180145833055,0.18364488892421668,33,0.0,62.5,13.0,33.10344827586207,12.413793103448276,25.40000000000036,0.0
94,1,9,0.8134322129253052,0.8207115998947965,278.6237225877762,4.567985407679344,72.30911205588805,0.18003122650328862,33,0.0,66.66666666666666,14.0,33.10344827586207,14.482758620689655,25.000000000000355,0.0
94,1,8,0.8192410031395575,0.8203151246572168,279.6794598181603,4.957016322586718,73.16382606069936,0.16931678098914277,33,0.0,66.66666666666666,14.0,35.172413793103445,14.482758620689655,25.000000000000355,0.0
94,1,7,0.814450649527039,0.819786088234643,280.9261574075858,5.422995991611081,73.99085905649137,0.16013360073457628,33,0.0,66.66666666666666,14.0,49.6551724137931,14.482758620689655,25.200000000000358,0.0
94,1,6,0.8293592016522208,0.8201787434026632,280.20705789368293,7.4069502996680425,74.73055750317133,0.15485918102417492,33,0.0,62.5,14.0,47.58620689655172,14.482758620689655,25.200000000000358,0.03333333333333333
94,1,5,0.8237995883956396,0.8204387834473093,279.55165033380774,8.60555316141478,75.51702997461672,0.1508983054166699,33,0.0,66.66666666666666,14.0,51.724137931034484,14.482758620689655,25.400000000000176,0.03333333333333333
94,1,4,0.8211508862478295,0.8200472909311439,280.3731516408507,8.473380673151896,76.2779215502519,0.14212533633909372,33,0.06896551724137931,66.66666666666666,13.0,49.6551724137931,12.413793103448276,26.19999999999986,0.03333333333333333
94,1,3,0.8169921161355328,0.8202612308764339,280.1529796232104,7.890278180333257,76.989404212383,0.13159928665917395,33,0.0,66.66666666666666,13.0,43.44827586206897,12.413793103448276,25.999999999999545,0.03333333333333333
94,1,2,0.8219462577014264,0.8206558155634965,278.9801225294309,7.519605500393182,77.66559122661592,0.12960469520598394,33,0.0,66.66666666666666,13.0,43.44827586206897,12.413793103448276,25.999999999999233,0.03333333333333333
95,1,5,0.7204106797760718,0.719197982732414,34.81659736707903,20.2142685909662,28.51258210099098,0.24920579728230996,3,0.034482758620689655,75.0,2.0,33.10344827586207,2.0689655172413794,1.0,0.0
95,1,5,0.7146037037632401,0.7285939924437762,46.43325320532538,21.246988828619855,30.260025343638794,0.4249751242999421,2,-0.06896551724137931,87.5,1.7142857142857142,28.96551724137931,2.0689655172413794,6.000000000000003,0.0
95,1,4,,0.7246289118247197,56.24029607855828,19.41635445540881,32.452621079634234,0.5631771218528727,3,-0.10344827586206896,91.66666666666666,3.0,22.75862068965517,4.137931034482759,10.999999999999993,0.03333333333333333
95,1,3,0.7101901440720623,0.7214246480125952,64.90906288627416,15.938999903192375,36.0233713583707,0.7628519726890989,8,0.06896551724137931,87.5,4.0,28.96551724137931,6.206896551724138,15.399999999999977,0.03333333333333333
95,1,3,0.7107657270663458,0.7180567403951956,73.78637385318926,13.043375292474362,40.38665066002004,0.9304129852383232,11,0.2413793103448276,95.83333333333334,3.6,35.172413793103445,6.206896551724138,20.39999999999996,0.03333333333333333
95,1,2,0.7105279784644187,0.7154298675223026,79.85399219594231,9.553183479039514,45.05800941695928,1.0829317843966029,13,0.3448275862068966,95.83333333333334,4.363636363636363,39.310344827586206,8.275862068965518,25.39999999999994,0.06666666666666667
95,1,2,0.7094409454871086,0.713353339183219,84.16576925742712,5.9787234305489,51.192309050210994,1.2070897882702452,22,0.6896551724137931,95.83333333333334,4.0,53.793103448275865,6.206896551724138,28.399999999999924,0.06666666666666667
95,1,1,0.7066476993116803,0.7123024234287328,86.77454139495293,5.473215892610456,57.54357908042211,1.1710662954882234,24,0.7241379310344828,95.83333333333334,5.0,55.86206896551724,8.275862068965518,27.999999999999954,0.06666666666666667
95,1,0,0.7112045530660484,0.7118568968468428,88.69767180163188,5.12835661292772,63.033343309585455,1.122634806654803,28,0.8275862068965517,91.66666666666666,6.0,60.0,8.275862068965518,27.600000000000033,0.03333333333333333
95,1,0,0.0,0.6132046825568394,91.51709669718225,3.077010036907514,68.30989378817775,0.8926176378781538,30,0.7241379310344828,95.83333333333334,6.0,55.86206896551724,6.206896551724138,24.60000000000007,0.03333333333333333
95,1,0,0.0,0.4907698918775858,92.34077433590272,3.1362577328937116,72.0435203063291,0.5804044216628907,30,0.6551724137931034,95.83333333333334,6.0,53.793103448275865,6.206896551724138,19.600000000000087,0.03333333333333333
95,1,0,0.0017434167517239626,0.37991629756493367,93.1940335474947,2.93937108541795,73.74637486875362,0.2873400699596422,30,0.5172413793103449,95.83333333333334,6.0,53.793103448275865,4.137931034482759,14.600000000000104,0.0
95,1,0,0.0017328903972380443,0.2618202557745225,94.41672137543387,1.8669082413944376,74.46131726548829,-0.009738177395978345,30,0.27586206896551724,95.83333333333334,5.0,41.37931034482759,2.0689655172413794,9.600000000000122,0.0
95,1,0,0.0030184194528924267,0.14371849521392382,95.00315962523047,0.9378072302058262,73.83449882754695,-0.2758006421322838,30,0.1724137931034483,95.83333333333334,5.0,51.724137931034484,2.0689655172413794,5.000000000000071,0.0
95,1,0,0.002933770931402107,0.02553235790086205,95.40449680520514,0.07079450418995438,71.92200606549153,-0.5305719208547724,30,0.0,95.83333333333334,4.0,53.793103448275865,0.0,0.4000000000000057,0.0
95,1,0,0.0021795078332913615,0.002052717579550687,95.41852405780097,0.06956569168095138,69.19981466644087,-0.5327622133369881,30,0.0,95.83333333333334,3.0,49.6551724137931,0.0,0.0,0.0
95,1,0,0.0001330871139903911,0.001815040372045493,95.41398821582911,0.07014286132254181,66.62259136486722,-0.5020908452086366,30,0.0,95.83333333333334,3.0,55.86206896551724,0.0,0.0,0.0
95,1,0,0.0012596364476867867,0.0017551315314884423,95.42085744850708,0.07232734492762335,64.19156525917187,-0.4638755160580324,30,0.0,95.83333333333334,2.0,55.86206896551724,0.0,0.0,0.0
95,1,0,0.0,0.001711152433610767,95.42343914296261,0.07672524217923879,61.907311625173456,-0.44563949698069527,30,0.0,95.83333333333334,2.0,51.724137931034484,0.0,0.0,0.0
95,1,0,0.003434246036091274,0.001617949333995616,95.41874921039658,0.07837678106241346,59.74827894740843,-0.41950769240517616,30,0.0,95.83333333333334,1.0,53.793103448275865,0.0,0.0,0.0
95,1,0,0.0033807952825108626,0.001709552942376294,95.43251373198855,0.08169093138248797,58.05394042340818,-0.38775162791827317,30,0.0,95.83333333333334,0.0,57.93103448275862,0.0,0.0,0.06666666666666667
95,1,0,0.003802280604584002,0.001935645730493541,95.42831554954216,0.07940505335599343,56.01259926183172,-0.3706122173352686,30,0.0,95.83333333333334,0.0,64.13793103448276,0.0,0.0,0.06666666666666667
95,1,0,0.0005260987051770143,0.0020991265775526817,95.43050713211866,0.0794774956660326,54.080559770141626,-0.3449459075888422,30,0.0,95.83333333333334,0.0,60.0,0.0,0.0,0.06666666666666667
95,1,0,0.0019751117134041794,0.0021223429292902994,95.42141711477731,0.07815927431562116,52.262458120738025,-0.32618506537382197,30,0.0,95.83333333333334,0.0,55.86206896551724,0.0,0.0,0.06666666666666667
95,1,0,0.001277710020920046,0.0023060858806041922,95.39648247743862,0.08622054442909999,50.56263314958494,-0.3058663186395001,30,0.0,95.83333333333334,0.0,53.793103448275865,0.0,0.0,0.06666666666666667
95,1,0,0.0,0.0021980769485819202,95.40475641528685,0.08605021480742488,48.95718310424729,-0.2877317940344825,30,0.0,95.83333333333334,0.0,43.44827586206897,0.0,0.0,0.06666666666666667
95,1,0,0.004417445769404187,0.002208386714567849,95.40049123646646,0.0847930289797476,47.806560804301604,-0.2730202710179513,30,0.0,95.83333333333334,0.0,41.37931034482759,0.0,0.0,0.0
95,1,0,0.0011662100225494638,0.002100354221145109,95.38915611088775,0.07850054974325453,46.59474711304019,-0.26137209073893075,30,0.0,95.83333333333334,0.0,35.172413793103445,0.0,0.0,0.03333333333333333
95,1,0,0.0032362322180083457,0.0021408765637403516,95.3977072893416,0.08158168840400011,45.30142202432247,-0.24151147809844506,30,0.0,95.83333333333334,0.0,39.310344827586206,0.0,0.0,0.03333333333333333
95,1,0,0.003019934915269963,0.002170232388293325,95.39840711966535,0.08101853313679994,44.174043201577,-0.22853568864923704,30,0.0,95.83333333333334,0.0,55.86206896551724,0.0,0.0,0.06666666666666667
95,1,0,0.00036727621983501335,0.0018845692135106035,95.41401795877947,0.06693527112133675,42.9751880485696,-0.2145604946789022,30,0.0,95.83333333333334,0.0,62.06896551724138,0.0,0.0,0.06666666666666667
96,1,32,0.591036902418633,0.5871494683877966,33.533162178235635,20.6135363365886,28.534885608799424,0.24361876935292487,8,0.27586206896551724,66.66666666666666,0.0,47.58620689655172,0.0,1.5999999999999999,0.03333333333333333
96,1,33,0.5899891287341698,0.5942907998298987,43.858560972980186,19.111460470910004,29.820860325425695,0.24933992659553808,6,0.1724137931034483,70.83333333333334,3.4285714285714284,45.51724137931034,4.137931034482759,2.4,0.03333333333333333
96,1,33,,0.5919364631668442,51.949700396446374,14.750871388809362,30.952368064103492,0.22986899834406388,7,0.10344827586206896,70.83333333333334,7.5,41.37931034482759,10.344827586206897,3.2000000000000006,0.06666666666666667
96,1,34,,0.5907823471823626,57.151402159738026,10.343102865171968,31.576295275328498,0.18943955448600072,9,0.1724137931034483,75.0,9.333333333333334,41.37931034482759,14.482758620689655,4.000000000000001,0.23333333333333334
96,1,34,,0.5896611559305701,61.67901451043885,5.855209367888779,32.21876378979831,0.14528145137881213,9,0.13793103448275862,70.83333333333334,12.0,35.172413793103445,20.689655172413794,4.400000000000001,0.4
96,1,33,,0.5890103295157176,64.36007151322988,2.8139617135626005,32.76121975505896,0.11018186280431996,7,0.0,70.83333333333334,14.181818181818182,31.03448275862069,26.896551724137932,4.600000000000002,0.5333333333333333
96,1,34,,0.5884724108367784,65.18930447185774,2.56305196468821,33.37066220864108,0.06737630054397743,6,-0.034482758620689655,66.66666666666666,16.0,31.03448275862069,33.10344827586207,4.800000000000003,0.7
96,1,33,,0.5878046355958952,64.35680778373472,1.5469934807730459,34.00408738285429,0.020022986466029062,5,-0.1724137931034483,66.66666666666666,19.0,26.896551724137932,35.172413793103445,4.800000000000004,0.8666666666666667
96,1,34,,,,,,,9,0.0,75.0,21.0,31.03448275862069,33.10344827586207,4.600000000000003,1.0
96,1,34,,,,,,,9,0.06896551724137931,75.0,24.0,37.241379310344826,33.10344827586207,4.4,1.0
96,1,33,,,,,,,14,0.3103448275862069,70.83333333333334,27.0,49.6551724137931,33.10344827586207,4.799999999999997,1.0
96,1,34,0.5875664520664072,0.5875664520664072,75.37806129402564,,42.66238614776684,,15,0.27586206896551724,75.0,29.0,51.724137931034484,33.10344827586207,3.9999999999999947,0.9666666666666667
96,1,33,0.5923082238726006,0.5889333288986051,72.0619094689852,2.532497007316526,43.07928128263203,0.02686674890161027,14,0.20689655172413793,75.0,32.0,51.724137931034484,33.10344827586207,4.19999999999999,0.8
96,1,33,0.5847382275308691,0.5874514273369502,74.42685549371416,3.8371898155682262,43.353695014015216,0.04388778773715505,14,0.27586206896551724,75.0,33.0,51.724137931034484,33.10344827586207,4.399999999999987,0.6333333333333333
96,1,33,0.5825504082176967,0.5861564454381357,77.31945943622866,5.528043905591759,43.62595880380713,0.06214707552667371,14,0.20689655172413793,75.0,33.0,47.58620689655172,33.10344827586207,3.999999999999986,0.4666666666666667
96,1,33,0.5811408496262263,0.5855278057019062,77.8931807923365,5.110213429904067,43.92680546356742,0.08796982500344698,17,0.27586206896551724,70.83333333333334,34.0,47.58620689655172,33.10344827586207,4.599999999999984,0.3
96,1,32,0.5898173548882016,0.5852887968607267,77.55409669685069,4.656073575818021,44.24529875226499,0.1094562833557708,16,0.0,70.83333333333334,34.0,37.241379310344826,35.172413793103445,4.399999999999984,0.13333333333333333
96,1,33,0.5874812590631914,0.5854238666946419,77.47078347051517,4.368899840121159,44.603022856245204,0.11934280699737221,23,0.27586206896551724,70.83333333333334,33.0,47.58620689655172,33.10344827586207,4.999999999999982,0.0
96,1,32,0.5829701742336028,0.5843766223053634,78.95194565709974,3.5494805147518713,45.16546029923753,0.11222207070295039,23,0.3448275862068966,66.66666666666666,34.0,51.724137931034484,35.172413793103445,4.199999999999985,0.0
96,1,32,0.5845676627226403,0.5845534887923438,79.47400886902652,3.363917037039877,45.7356534108572,0.11905298526867394,26,0.41379310344827586,66.66666666666666,33.0,53.793103448275865,35.172413793103445,4.599999999999984,0.0
96,1,32,0.5851176596121993,0.5851147991628466,77.71535801494556,3.4693860335199997,46.284020591987364,0.10874559782093289,28,0.3793103448275862,66.66666666666666,34.0,55.86206896551724,35.172413793103445,4.599999999999984,0.0
96,1,32,0.5861322999282261,0.5856041419218246,77.50640238538384,3.1671521392011575,46.781817313119056,0.09160834967723387,26,0.41379310344827586,66.66666666666666,34.0,55.86206896551724,33.10344827586207,4.199999999999985,0.0
96,1,33,0.5836497893506997,0.5858639671252175,78.48076004720893,3.485543192251403,47.22815692279304,0.09106932274305744,29,0.2413793103448276,66.66666666666666,33.0,47.58620689655172,33.10344827586207,3.7999999999999865,0.0
96,1,33,0.582558611708118,0.5851520241803906,79.4433205891734,3.886404365891414,47.66667614265569,0.09017393847585782,29,0.2413793103448276,66.66666666666666,34.0,45.51724137931034,33.10344827586207,3.1999999999999886,0.0
96,1,33,0.5880930337746665,0.5855900480881989,78.39128534225044,4.373756396000713,48.07248527856644,0.085357677452846,30,0.1724137931034483,70.83333333333334,33.0,45.51724137931034,31.03448275862069,3.7999999999999865,0.03333333333333333
96,1,34,0.5880027548139826,0.5860746983174699,76.88896909038232,5.032841701025214,48.470130308394495,0.07355378189464423,29,0.10344827586206896,70.83333333333334,33.0,45.51724137931034,31.03448275862069,3.7999999999999865,0.03333333333333333
96,1,34,0.5860755499971076,0.585930757796289,77.77227412156466,4.787220676604317,48.84761547470666,0.07152066373299239,30,0.13793103448275862,70.83333333333334,33.0,47.58620689655172,31.03448275862069,3.999999999999986,0.03333333333333333
96,1,34,0.5811201269040694,0.5855257130079555,78.13939592394101,4.9446722519090125,49.226148736333876,0.07092939673838351,30,0.0,70.83333333333334,33.0,43.44827586206897,33.10344827586207,4.199999999999985,0.03333333333333333
96,1,35,0.5815217817417219,0.5852519489719454,77.62860490907485,4.663811248777438,49.57357442044441,0.05737825657421976,30,0.10344827586206896,75.0,32.0,47.58620689655172,31.03448275862069,4.599999999999984,0.03333333333333333
96,1,35,0.5881320458274351,0.5862407483920758,76.88061413817331,3.8496643233986334,49.87931887846917,0.050407844334406524,30,0.0,70.83333333333334,33.0,47.58620689655172,33.10344827586207,3.999999999999986,0.03333333333333333
96,1,34,0.5796749578590495,0.5856210324507175,78.88795407009013,4.975997448724652,50.071461943209464,0.04888677513099635,30,0.0,75.0,32.0,49.6551724137931,33.10344827586207,3.999999999999986,0.03333333333333333
97,1,4,0.9861571289542571,0.9615546194138309,42.851285475813384,27.553914187284608,32.543980866975915,0.5280126196458866,6,0.20689655172413793,70.83333333333334,4.0,49.6551724137931,4.137931034482759,19.99999999999996,0.03333333333333333
97,1,2,0.987827686098186,0.9973482749586446,54.80175275618374,22.47458834573393,35.370907475126394,0.5474568257770003,8,0.2413793103448276,70.83333333333334,6.857142857142857,49.6551724137931,8.275862068965518,23.799999999999947,0.03333333333333333
97,1,0,0.9899853321355107,0.9941337799315365,64.91683822075403,15.478595714860644,38.149666937645115,0.5306078631510475,9,0.27586206896551724,70.83333333333334,9.0,47.58620689655172,12.413793103448276,23.99999999999993,0.03333333333333333
97,1,0,0.9784378662307794,0.9901049041285088,72.49351636458825,7.7521989575307995,40.86790484547423,0.5299369131289136,13,0.41379310344827586,79.16666666666666,8.0,51.724137931034484,12.413793103448276,24.79999999999993,0.03333333333333333
97,1,0,0.9746202842577228,0.987433491690026,76.48049189690825,4.819038538127083,43.291106674700195,0.5383877038975472,14,0.3793103448275862,87.5,7.2,43.44827586206897,12.413793103448276,25.600000000000016,0.0
97,1,0,0.9758078351669578,0.9849152862411595,80.06010030375228,7.0851533255151224,45.99580223717319,0.5456928847926751,15,0.3103448275862069,100.0,6.545454545454546,43.44827586206897,12.413793103448276,26.4000000000001,0.0
97,1,0,0.9736948647413198,0.9821884733250392,83.46409218869564,8.89784128339552,48.52710025019769,0.5633822635531888,17,0.3103448275862069,100.0,6.0,41.37931034482759,8.275862068965518,27.200000000000188,0.03333333333333333
97,1,0,0.9698303440047188,0.9791813066519632,87.69431183472335,8.785684421403394,51.47429737162118,0.5789773800698238,20,0.3448275862068966,100.0,6.0,39.310344827586206,4.137931034482759,28.200000000000273,0.03333333333333333
97,1,0,0.9711994405721808,0.9761901773187838,91.34070364559773,7.719119836593662,54.468227027259836,0.5826943111154662,23,0.4827586206896552,100.0,6.0,41.37931034482759,0.0,29.00000000000036,0.03333333333333333
97,1,0,0.9721966694698584,0.9744751208564909,94.47064142475811,5.63715134611258,57.47791943732225,0.5855880580892087,25,0.3793103448275862,100.0,6.0,31.03448275862069,0.0,29.000000000000412,0.03333333333333333
97,1,0,0.9782322764188924,0.9738415615294866,96.86387031049762,2.7485723946450427,60.42997375018763,0.562891619374964,29,0.5862068965517241,100.0,6.0,37.241379310344826,0.0,29.000000000000412,0.03333333333333333
97,1,0,0.9729261802579497,0.9734784175886968,97.7835983070037,0.06546102196116681,63.26298995710992,0.5370049532373627,33,0.6206896551724138,100.0,6.0,37.241379310344826,0.0,29.000000000000412,0.03333333333333333
97,1,0,0.9764460593988683,0.9737394276888001,97.78084592469473,0.07368315253692082,65.6094698127669,0.4972040496824671,33,0.5172413793103449,100.0,4.0,35.172413793103445,0.0,29.000000000000412,0.0
97,1,0,0.9716626906167595,0.973429183415695,97.7891016202003,0.06849951085137101,67.87860862599491,0.4696136131159392,33,0.4482758620689655,100.0,2.0,41.37931034482759,0.0,29.000000000000412,0.03333333333333333
97,1,0,0.9761141753829726,0.9739075696231041,97.79559398386411,0.07993000543288502,70.25536262295998,0.443369781096747,33,0.3448275862068966,100.0,0.0,43.44827586206897,0.0,29.000000000000412,0.03333333333333333
97,1,0,0.9713923863566146,0.9738653932705706,97.80951779669513,0.08520126288386605,72.4953295076416,0.42635401334915407,33,0.2413793103448276,100.0,0.0,47.58620689655172,0.0,29.000000000000412,0.03333333333333333
97,1,0,0.9720446263131706,0.9733587478606248,97.81163445140092,0.08217172944371001,74.43411670806613,0.39433767736334085,33,0.10344827586206896,100.0,0.0,41.37931034482759,0.0,29.000000000000412,0.06666666666666667
97,1,0,0.005846343285947253,0.8000227631850887,97.82129209445634,0.0852589587104811,76.00803733192039,0.2159704757294276,33,0.0,100.0,0.0,39.310344827586206,0.0,24.00000000000034,0.06666666666666667
97,1,0,0.0,0.6263480792227565,97.81522529661537,0.08815319045024299,76.63957657953662,0.018149007470069905,33,0.0,100.0,0.0,43.44827586206897,0.0,19.00000000000027,0.06666666666666667
97,1,0,0.002398604456169797,0.4710594751266554,97.81968026433381,0.09119116008928668,76.24255404160763,-0.13262258490429701,33,0.0,100.0,0.0,37.241379310344826,0.0,14.000000000000199,0.03333333333333333
97,1,0,0.0029582065665128194,0.30299353706535187,97.81560865004532,0.08784226292649513,75.16191457890592,-0.2907286985492923,33,0.0,100.0,0.0,37.241379310344826,0.0,9.000000000000128,0.03333333333333333
97,1,0,0.003446643239275089,0.1359493672273323,97.79857274900453,0.08516834837092065,73.31173578540202,-0.4426243618865873,33,0.0,100.0,0.0,31.03448275862069,0.0,4.000000000000057,0.03333333333333333
97,1,0,0.002260945009462501,0.0020351721876644665,97.80591689699615,0.08791852844960842,71.03005157667714,-0.5524583727474024,33,0.0,100.0,0.0,33.10344827586207,0.0,0.0,0.0
97,1,0,0.0033152665385754424,0.0017516520443051958,97.79900567912404,0.09019896104663194,68.34951094609647,-0.5188986302975949,33,0.0,100.0,0.0,28.96551724137931,0.0,0.0,0.0
97,1,0,0.0003761829474388575,0.001897075452973769,97.80805063127879,0.08065852466385125,66.02098608040032,-0.4937053227478165,33,0.0,100.0,0.0,22.75862068965517,0.0,0.0,0.03333333333333333
97,1,0,0.0,0.001982249074325283,97.80746901137223,0.07695383573228147,63.54387470467797,-0.4607168810827276,33,0.0,100.0,0.0,26.896551724137932,0.0,0.0,0.03333333333333333
97,1,0,0.002347673232220909,0.002117958423064947,97.8023760118393,0.0727377953966927,61.226584815154986,-0.4361028850869031,33,0.0,100.0,0.0,20.689655172413794,0.0,0.0,0.03333333333333333
97,1,0,0.0019096395669120005,0.001889688920644269,97.82434467914213,0.0762639997929736,59.04414093027046,-0.4029687011021706,33,0.0,100.0,0.0,24.82758620689655,0.0,0.0,0.03333333333333333
97,1,0,0.002275875644419064,0.0019871890050919133,97.82459508232509,0.07862039254609036,56.99041146103345,-0.3842486447426596,33,0.0,100.0,0.0,31.03448275862069,0.0,0.0,0.03333333333333333
97,1,0,0.0026137942214923076,0.0018589154887639634,97.82936135567347,0.06994506751695156,55.05775240879665,-0.36171831651518715,33,0.0,100.0,0.0,33.10344827586207,0.0,0.0,0.03333333333333333
97,1,0,0.004066018778765872,0.0018121741879929642,97.83863724469742,0.07242920781304142,53.60569469321737,-0.3393115595090894,33,0.0,100.0,0.0,31.03448275862069,0.0,0.0,0.03333333333333333
98,0,21,0.7689231704077057,0.7667488265962235,22.374366485785867,8.52817664637601,28.130226260374744,0.21093196326813707,1,0.034482758620689655,33.33333333333333,8.0,24.82758620689655,8.275862068965518,0.4,0.03333333333333333
98,0,22,0.765065845903185,0.7780640897873283,29.558610887404857,14.418154732639191,29.20441725415591,0.21072400362565408,2,0.06896551724137931,37.5,6.857142857142857,20.689655172413794,8.275862068965518,0.4,0.03333333333333333
98,0,22,0.7665054235555707,0.7758549532621305,34.51204175235063,14.7227509166859,30.206982663546434,0.2054994776255474,1,0.034482758620689655,33.33333333333333,9.0,20.689655172413794,12.413793103448276,0.4,0.06666666666666667
98,0,21,0.7778869223026934,0.7745707476604734,39.80935052164295,13.437259836312757,31.285940710322425,0.19314241334247595,2,0.06896551724137931,37.5,10.666666666666666,26.896551724137932,16.551724137931036,0.4,0.06666666666666667
98,0,19,0.7747283892884292,0.7734828084661457,43.4187923312295,11.822440970453039,32.29510037787551,0.18777300337965483,3,0.06896551724137931,33.33333333333333,13.2,28.96551724137931,20.689655172413794,0.4,0.06666666666666667
98,0,19,0.7725229806955259,0.7725609917463018,47.24019525739839,7.700456587680547,33.14178157845694,0.1729178119884283,0,0.0,41.66666666666667,14.181818181818182,31.03448275862069,20.689655172413794,0.4,0.03333333333333333
98,0,20,0.7700482811968999,0.7721062674261032,49.86613531122074,4.161584121004384,34.03311883255695,0.17607607970244155,0,-0.034482758620689655,41.66666666666667,14.0,22.75862068965517,20.689655172413794,0.7999999999999999,0.03333333333333333
98,0,21,0.7685332325451197,0.772982520925794,48.363177288910215,3.3893762634839364,34.90844605175594,0.15154329560479962,2,0.034482758620689655,33.33333333333333,16.0,22.75862068965517,22.75862068965517,1.1999999999999997,0.03333333333333333
98,0,19,0.7782847909557319,0.773837307568014,46.522744902620566,5.272082131597021,35.601381864038714,0.14227789541336355,1,0.034482758620689655,25.0,19.0,22.75862068965517,24.82758620689655,1.1999999999999997,0.0
98,0,18,0.777765894165792,0.7743086760154381,44.311973981264444,6.7689488735922305,36.30045822299806,0.12792062356363942,1,0.0,16.666666666666664,22.0,18.620689655172413,28.96551724137931,0.7999999999999998,0.0
98,0,18,0.7815643298815292,0.775550480590914,40.13934848049154,10.925196843131912,36.94264155718111,0.13227003737285833,0,-0.06896551724137931,12.5,24.0,14.482758620689655,26.896551724137932,0.7999999999999998,0.0
98,0,20,0.7749072028943335,0.7766399360920584,35.63914236354017,12.083186204980628,37.55026893590686,0.11010454511177904,0,-0.034482758620689655,20.833333333333336,21.0,12.413793103448276,22.75862068965517,1.1999999999999997,0.0
98,0,21,0.7849859470382635,0.7781092531388478,31.312496585093562,10.394443831483496,38.10075247027843,0.10087992874404055,2,0.034482758620689655,20.833333333333336,21.0,12.413793103448276,22.75862068965517,0.7999999999999998,0.0
98,0,22,0.7773587793569057,0.7802130720875214,26.74543447039575,8.040691626528847,38.5805430817278,0.08393079019598731,1,0.034482758620689655,25.0,22.0,16.551724137931036,18.620689655172413,0.3999999999999999,0.0
98,0,22,0.7820908225163147,0.7813122699503954,24.422725680737077,6.404974459317614,39.012722186559294,0.08091099964939755,1,0.034482758620689655,29.166666666666668,22.0,18.620689655172413,16.551724137931036,0.3999999999999999,0.0
98,0,24,0.7797053041298678,0.7810032706900237,24.371039751542927,6.298498922827416,39.4196881171698,0.09015567093347208,1,-0.034482758620689655,33.33333333333333,21.0,22.75862068965517,14.482758620689655,0.3999999999999999,0.0
98,0,26,0.7766591283284315,0.7804037139255815,26.7372275367061,7.036670568766878,39.82193942614144,0.07915012863261582,1,0.034482758620689655,33.33333333333333,19.0,20.689655172413794,12.413793103448276,0.3999999999999999,0.0
98,0,26,0.7767472205032976,0.7799913903043763,28.535292960026393,6.842647621130292,40.22248283488388,0.07515271053208039,0,0.0,29.166666666666668,19.0,20.689655172413794,16.551724137931036,0.0,0.0
98,0,27,0.7747429210713551,0.7790857977343885,30.95980497535862,7.594406737018129,40.59563772370852,0.07679830296929203,3,0.10344827586206896,33.33333333333333,20.0,28.96551724137931,16.551724137931036,0.0,0.0
98,0,27,0.7788865472971608,0.7776083862809864,33.57807762865156,5.699439477660969,40.952822859338674,0.06698400332457129,2,0.06896551724137931,33.33333333333333,21.0,26.896551724137932,20.689655172413794,0.0,0.0
98,0,28,0.7725889105327409,0.7763900971028088,35.49509099712385,3.2275347349622154,41.3190434021053,0.06621090704856193,1,0.034482758620689655,33.33333333333333,19.0,22.75862068965517,20.689655172413794,0.0,0.0
98,0,29,0.7754899680154829,0.7764785484636837,35.51567062318386,2.899436860862997,41.668230998808866,0.07492552433379127,1,0.034482758620689655,33.33333333333333,18.0,22.75862068965517,20.689655172413794,1.0000000000000007,0.0
98,0,30,0.7751168506862847,0.7760058685860578,36.26470744625848,3.5067674916773757,42.00420185274416,0.06633279576538097,2,0.034482758620689655,33.33333333333333,18.0,24.82758620689655,24.82758620689655,1.0000000000000007,0.0
98,0,30,0.7678484204378101,0.7754092727220339,38.60419309728562,4.930914236429878,42.30008082621902,0.058254667518486146,2,0.034482758620689655,41.66666666666667,20.0,31.03448275862069,24.82758620689655,1.0000000000000007,0.0
98,0,31,0.7677428758404385,0.77433165955795,41.68300330391203,9.278641111394517,42.580607753911536,0.056784870805952306,1,0.0,54.166666666666664,21.0,33.10344827586207,22.75862068965517,1.0000000000000007,0.0
98,0,32,0.7672574730819871,0.7724742874950926,45.982441590748316,11.344185044785778,42.88817993499634,0.05909044402631172,1,0.0,50.0,22.0,28.96551724137931,20.689655172413794,1.0000000000000007,0.0
98,0,32,0.76754294194293,0.7711004147527473,50.96871118237225,12.409277530224147,43.208834744551716,0.06918915569083693,2,0.034482758620689655,62.5,22.0,39.310344827586206,24.82758620689655,1.200000000000001,0.0
98,0,31,0.7628967452096361,0.7685708846483409,56.948719762203254,11.904927248724391,43.50856792989357,0.05310375290331088,2,0.034482758620689655,62.5,24.0,39.310344827586206,26.896551724137932,2.0000000000000013,0.0
98,0,31,0.7624031102398457,0.7667029499825229,61.55566365977803,9.400809133204893,43.82910362042911,0.07232733666557642,1,0.0,62.5,26.0,41.37931034482759,28.96551724137931,2.0000000000000013,0.0
98,0,32,0.7657836448840257,0.765676608149622,63.52528190074002,6.609317104134832,44.151247501827115,0.06442876720218063,2,0.034482758620689655,58.333333333333336,26.0,35.172413793103445,26.896551724137932,2.2000000000000015,0.0
98,0,32,0.7703637321067554,0.765293079807575,63.903713179675314,5.771792674084366,44.46517724363257,0.062224580934701554,2,0.034482758620689655,54.166666666666664,27.0,28.96551724137931,31.03448275862069,5.0000000000000036,0.0
99,1,17,,0.7413295811466866,21.04621810328046,12.814094770393158,32.95377647072052,0.5546196144097961,1,0.034482758620689655,37.5,0.0,18.620689655172413,0.0,3.600000000000001,0.06666666666666667
99,1,17,0.7718535334186954,0.7683099301352435,26.520899833453512,11.290855026319141,36.11552736198643,0.5765966544267794,1,0.0,29.166666666666668,3.4285714285714284,14.482758620689655,4.137931034482759,4.800000000000002,0.06666666666666667
99,1,17,0.7653035586099124,0.7669417563503538,31.149549608691906,8.699928421471899,39.11018245838919,0.5456189997439764,1,0.034482758620689655,37.5,4.5,18.620689655172413,6.206896551724138,4.400000000000002,0.06666666666666667
99,1,18,0.7645367315108876,0.7661371840063299,35.1880284567051,5.3654403427033674,41.73980783282674,0.5204352903328981,1,0.034482758620689655,45.83333333333333,5.333333333333333,22.75862068965517,8.275862068965518,4.600000000000002,0.1
99,1,17,0.7671363475019657,0.7658365829796847,37.94213959863351,4.210390271127787,44.5376791872815,0.4863332076713527,3,0.06896551724137931,50.0,7.2,22.75862068965517,12.413793103448276,5.200000000000005,0.1
99,1,15,0.759346315975422,0.764244934054349,41.60934062723972,7.287388297988943,47.207249793230325,0.4854644813688161,2,0.06896551724137931,58.333333333333336,8.727272727272727,28.96551724137931,16.551724137931036,7.599999999999991,0.1
99,1,14,0.7455352018856578,0.7620458440038669,46.110913674085005,12.047566305308798,49.29000856843133,0.4758772719335225,0,-0.06896551724137931,75.0,9.0,37.241379310344826,18.620689655172413,11.999999999999975,0.03333333333333333
99,1,14,0.7447568467555189,0.7580163612768829,53.351426636395814,15.966795544074872,51.79493219036152,0.4871757652798539,4,0.13793103448275862,83.33333333333334,9.0,41.37931034482759,14.482758620689655,14.39999999999996,0.03333333333333333
99,1,12,0.7465640128898342,0.7545649342012567,61.538904534379895,17.335042707807613,54.363704789348716,0.5016006215215538,2,0.034482758620689655,79.16666666666666,11.0,37.241379310344826,16.551724137931036,18.799999999999944,0.03333333333333333
99,1,10,0.7396986861095508,0.7508845441493089,69.48034084772696,17.724027384837775,56.63724301851624,0.5018674826744511,1,0.0,83.33333333333334,13.0,35.172413793103445,16.551724137931036,22.99999999999993,0.0
99,1,9,0.7363081523797329,0.7472358290031608,78.6632205175135,15.539292581145036,59.16052501231276,0.5028770297172055,3,0.0,91.66666666666666,14.0,35.172413793103445,16.551724137931036,24.799999999999933,0.0
99,1,7,0.7324584417145399,0.7436235124301279,87.32501714608973,13.84947768632849,61.705721974175816,0.5172969438280869,2,0.0,91.66666666666666,16.0,33.10344827586207,16.551724137931036,26.400000000000013,0.0
99,0,6,0.7332799725873325,0.7410127927564343,94.42571523210681,13.529021382176866,63.858098102336825,0.5165252215537164,3,0.034482758620689655,95.83333333333334,17.0,26.896551724137932,16.551724137931036,26.400000000000095,0.06666666666666667
99,0,4,0.7305171605558242,0.7387912619343004,99.74877590415826,11.987664388362017,66.37666729718718,0.5093155570199295,5,0.06896551724137931,87.5,17.0,28.96551724137931,18.620689655172413,26.600000000000176,0.1
99,0,3,0.734239877608315,0.7369274280106438,104.40987868226699,9.550002217706398,69.15461576432637,0.5048778625043675,5,0.034482758620689655,95.83333333333334,17.0,26.896551724137932,18.620689655172413,26.400000000000247,0.1
99,0,1,0.7314914004342549,0.7354567107511514,109.07729235578793,8.037655566933012,71.90483723207414,0.4887413612637375,10,0.2413793103448276,95.83333333333334,18.0,39.310344827586206,18.620689655172413,26.600000000000332,0.1
99,0,0,0.004761031353497984,0.6799969715712313,111.90574288576855,5.296168629665434,74.50224730762055,0.41498946057936237,11,0.3448275862068966,95.83333333333334,17.0,39.310344827586206,16.551724137931036,24.800000000000352,0.1
99,0,0,0.0014273474680063687,0.544019536036901,113.0671522558363,4.058392206249602,76.20727197564639,0.22098231513598912,11,0.27586206896551724,95.83333333333334,15.0,43.44827586206897,14.482758620689655,20.200000000000287,0.1
99,0,0,0.001324706278390278,0.43117509627783107,112.28308572018986,3.221906534078141,76.40783036618916,0.019122152506648935,11,0.3103448275862069,95.83333333333334,14.0,39.310344827586206,10.344827586206897,15.400000000000219,0.03333333333333333
99,0,0,0.0011987608396846119,0.31935727753290094,112.61596675643936,2.8006310033629007,75.9526776950857,-0.15277313306645784,11,0.13793103448275862,95.83333333333334,14.0,35.172413793103445,8.275862068965518,11.20000000000016,0.0
99,0,0,0.00055523827223968,0.19694472639847682,113.14285720481122,1.9851442761050229,74.79101248301009,-0.3248734404055672,11,0.27586206896551724,95.83333333333334,12.0,37.241379310344826,4.137931034482759,6.800000000000097,0.0
99,0,0,0.0020738124210704606,0.0749810646014347,112.40611497517219,0.6164230149955644,72.82833102522874,-0.4802424874226319,11,0.06896551724137931,95.83333333333334,10.0,31.03448275862069,2.0689655172413794,2.0000000000000284,0.0
99,0,0,0.004294289539983806,0.0016793863306239448,112.31087923030579,0.09025216415551121,70.18675096621455,-0.5383015074022296,11,0.0,95.83333333333334,9.0,31.03448275862069,0.0,0.0,0.0
99,0,0,0.0026048697912359597,0.0019361421652064276,112.29777070171157,0.0847807812660482,67.55826900597677,-0.5116373242763195,11,0.0,95.83333333333334,7.0,31.03448275862069,0.0,0.0,0.0
99,0,0,0.0015439426998100178,0.001977573947826244,112.2991916945259,0.08499861094054598,65.06963694637724,-0.4837951229440692,11,0.0,95.83333333333334,6.0,35.172413793103445,0.0,0.0,0.0
99,0,0,0.0015697481080909903,0.0017312110237958779,112.30152725546425,0.08631615171468304,62.737214599938625,-0.45081500769136307,11,0.0,95.83333333333334,4.0,41.37931034482759,0.0,0.0,0.0
99,0,0,0.0005629206695323368,0.001686962888780251,112.31047540670396,0.08475069204999112,60.69475628190956,-0.42731548578023076,11,0.0,95.83333333333334,3.0,49.6551724137931,0.0,0.0,0.03333333333333333
99,0,0,0.0,0.0016919179526243095,112.31122025319107,0.08150549112429167,58.55453903988778,-0.39749668931980764,11,0.0,95.83333333333334,1.0,53.793103448275865,0.0,0.0,0.03333333333333333
99,0,0,0.0043581493478812745,0.0019218242779279083,112.28934150666674,0.08458719975389573,56.539435074349306,-0.3761184625095656,11,0.0,95.83333333333334,0.0,49.6551724137931,0.0,0.0,0.03333333333333333
99,0,0,0.004237042023389977,0.0019170739304744504,112.28179124397056,0.08664360165890446,54.780646529977496,-0.35826559033895,11,0.0,95.83333333333334,0.0,45.51724137931034,0.0,0.0,0.06666666666666667
99,0,0,0.0016878459428392486,0.0019692618695868074,112.28927617582978,0.08233151500848007,52.92431476429698,-0.336005339849992,11,0.0,95.83333333333334,0.0,45.51724137931034,0.0,0.0,0.06666666666666667
